customer_id,tenure,monthly_charges,total_charges,contract,internet_service,payment_method,senior_citizen,partner,dependents,tech_support,online_security,paperless_billing,churn
CUST-00001,7,42.53,225.19,Month-to-month,No,Electronic check,0,Yes,No,No,Yes,No,No
CUST-00002,56,56.47,3012.54,One year,No,Bank transfer,0,No,No,No,Yes,Yes,No
CUST-00003,48,76.8,3892.15,Month-to-month,Fiber optic,Electronic check,0,No,No,No,Yes,No,Yes
CUST-00004,32,54.29,1904.71,Two year,No,Electronic check,1,Yes,No,No,No,Yes,No
CUST-00005,32,63.04,1921.42,Month-to-month,Fiber optic,Credit card,1,No,No,Yes,No,Yes,No
CUST-00006,62,81.03,5029.04,Month-to-month,DSL,Bank transfer,0,No,No,No,No,Yes,Yes
CUST-00007,7,61.28,369.31,Month-to-month,DSL,Bank transfer,0,No,Yes,No,Yes,No,Yes
CUST-00008,51,75.65,3842.49,One year,DSL,Bank transfer,0,Yes,No,No,Yes,Yes,No
CUST-00009,15,109.82,1687.09,Month-to-month,DSL,Mailed check,1,No,Yes,Yes,No,Yes,Yes
CUST-00010,7,65.7,479.01,Month-to-month,Fiber optic,Electronic check,0,No,No,No,No,Yes,Yes
CUST-00011,38,99.48,3878.62,Month-to-month,DSL,Bank transfer,0,No,No,No,No,Yes,Yes
CUST-00012,71,83.98,5911.84,Month-to-month,DSL,Electronic check,0,Yes,Yes,No,Yes,No,No
CUST-00013,53,33.32,1767.21,Two year,DSL,Mailed check,0,No,Yes,No,Yes,Yes,No
CUST-00014,55,42.45,2087.37,Month-to-month,Fiber optic,Bank transfer,0,Yes,No,No,Yes,Yes,Yes
CUST-00015,52,49.16,2572.33,Month-to-month,No,Credit card,0,No,Yes,No,Yes,Yes,No
CUST-00016,57,48.63,2563.18,Month-to-month,Fiber optic,Bank transfer,1,Yes,No,No,No,Yes,Yes
CUST-00017,37,67.74,2379.98,Month-to-month,Fiber optic,Credit card,0,No,Yes,No,No,Yes,No
CUST-00018,10,85.37,980.81,Month-to-month,No,Mailed check,1,No,No,No,Yes,Yes,Yes
CUST-00019,61,101.38,6312.49,Month-to-month,Fiber optic,Electronic check,0,No,No,No,Yes,No,Yes
CUST-00020,33,77.7,2463.62,Month-to-month,Fiber optic,Mailed check,0,Yes,No,No,No,Yes,Yes
CUST-00021,37,58.86,2349.35,Month-to-month,Fiber optic,Bank transfer,1,No,No,Yes,No,Yes,Yes
CUST-00022,27,20.0,612.47,Month-to-month,No,Electronic check,0,Yes,No,Yes,No,Yes,Yes
CUST-00023,14,71.76,1052.74,One year,DSL,Credit card,0,Yes,Yes,No,Yes,Yes,No
CUST-00024,67,70.64,4617.08,Month-to-month,Fiber optic,Mailed check,0,No,No,Yes,No,Yes,No
CUST-00025,57,74.57,4432.69,One year,Fiber optic,Bank transfer,0,No,No,No,No,Yes,No
CUST-00026,47,122.66,5837.83,One year,DSL,Credit card,0,No,No,No,Yes,Yes,No
CUST-00027,29,101.01,2850.08,Two year,Fiber optic,Bank transfer,1,Yes,No,No,No,Yes,No
CUST-00028,60,89.63,5145.5,Month-to-month,Fiber optic,Electronic check,1,No,Yes,No,No,Yes,Yes
CUST-00029,40,45.95,1721.53,One year,No,Mailed check,0,Yes,No,Yes,No,Yes,No
CUST-00030,32,57.18,1845.35,Two year,No,Mailed check,0,Yes,No,No,No,Yes,No
CUST-00031,33,67.63,2210.39,Two year,Fiber optic,Credit card,0,No,No,No,No,No,Yes
CUST-00032,17,50.61,1010.09,Two year,Fiber optic,Bank transfer,0,No,No,No,No,Yes,No
CUST-00033,7,82.51,470.73,Month-to-month,No,Bank transfer,0,Yes,No,Yes,Yes,Yes,No
CUST-00034,40,78.92,3187.62,Two year,DSL,Credit card,0,Yes,Yes,No,Yes,No,No
CUST-00035,64,42.79,2843.44,Two year,DSL,Electronic check,0,Yes,No,No,No,No,No
CUST-00036,5,99.92,367.95,Month-to-month,Fiber optic,Electronic check,0,Yes,Yes,No,Yes,No,Yes
CUST-00037,62,72.56,4559.71,Month-to-month,Fiber optic,Bank transfer,0,No,Yes,No,No,Yes,Yes
CUST-00038,60,26.77,1604.82,Two year,Fiber optic,Bank transfer,0,Yes,Yes,Yes,No,No,No
CUST-00039,20,68.72,1319.28,Month-to-month,Fiber optic,Mailed check,0,Yes,No,No,No,No,No
CUST-00040,46,77.03,3323.83,One year,DSL,Bank transfer,0,Yes,No,No,Yes,Yes,No
CUST-00041,12,94.32,1177.32,Month-to-month,Fiber optic,Electronic check,0,No,Yes,No,Yes,Yes,Yes
CUST-00042,55,61.56,3318.53,One year,Fiber optic,Electronic check,0,Yes,No,No,No,Yes,No
CUST-00043,51,90.7,4587.56,Month-to-month,No,Credit card,0,Yes,No,Yes,No,Yes,Yes
CUST-00044,26,74.68,2081.76,One year,DSL,Electronic check,0,No,No,No,No,Yes,No
CUST-00045,5,37.12,182.48,Month-to-month,Fiber optic,Bank transfer,0,No,No,No,No,Yes,Yes
CUST-00046,70,34.62,2447.77,Two year,Fiber optic,Credit card,0,Yes,No,Yes,No,No,No
CUST-00047,33,98.06,3431.24,Month-to-month,Fiber optic,Bank transfer,1,No,Yes,No,No,Yes,Yes
CUST-00048,65,99.9,6510.4,Month-to-month,DSL,Mailed check,0,No,No,Yes,No,Yes,Yes
CUST-00049,49,78.07,3745.89,Month-to-month,DSL,Mailed check,0,No,No,No,No,Yes,No
CUST-00050,57,107.39,6248.15,Month-to-month,DSL,Electronic check,0,Yes,No,Yes,No,Yes,No
CUST-00051,55,96.42,5309.86,Two year,Fiber optic,Electronic check,0,Yes,Yes,No,No,No,No
CUST-00052,15,87.09,1254.95,Month-to-month,Fiber optic,Bank transfer,0,Yes,Yes,No,No,No,Yes
CUST-00053,27,47.22,1185.14,Month-to-month,Fiber optic,Bank transfer,0,No,Yes,No,No,No,Yes
CUST-00054,34,113.29,3823.08,Two year,Fiber optic,Mailed check,0,Yes,Yes,No,No,Yes,No
CUST-00055,36,83.41,3097.57,Month-to-month,DSL,Mailed check,0,Yes,No,Yes,No,Yes,No
CUST-00056,4,60.35,185.55,Month-to-month,DSL,Electronic check,1,Yes,Yes,No,No,Yes,Yes
CUST-00057,40,53.29,2148.49,One year,Fiber optic,Electronic check,0,Yes,Yes,No,No,No,No
CUST-00058,12,76.42,833.01,Month-to-month,Fiber optic,Mailed check,0,Yes,No,No,No,No,Yes
CUST-00059,54,28.22,1666.49,Two year,Fiber optic,Credit card,0,Yes,No,No,Yes,Yes,Yes
CUST-00060,50,87.49,4236.83,One year,Fiber optic,Mailed check,0,No,No,No,Yes,Yes,No
CUST-00061,67,46.16,2994.7,Month-to-month,No,Electronic check,0,No,Yes,No,Yes,Yes,No
CUST-00062,54,79.27,4214.34,One year,No,Bank transfer,0,No,No,No,No,Yes,No
CUST-00063,27,56.96,1401.8,Two year,Fiber optic,Electronic check,0,Yes,No,Yes,No,Yes,No
CUST-00064,70,63.39,4489.89,Month-to-month,DSL,Mailed check,0,Yes,No,Yes,No,Yes,No
CUST-00065,30,51.08,1600.46,One year,DSL,Bank transfer,0,Yes,Yes,No,No,No,No
CUST-00066,24,65.97,1647.84,Month-to-month,Fiber optic,Electronic check,1,No,No,No,No,Yes,No
CUST-00067,66,117.23,7806.3,Month-to-month,Fiber optic,Credit card,0,Yes,No,No,Yes,Yes,No
CUST-00068,27,104.63,2676.16,One year,DSL,Bank transfer,0,No,Yes,No,No,Yes,No
CUST-00069,6,78.86,498.91,Month-to-month,DSL,Credit card,0,No,No,Yes,No,Yes,Yes
CUST-00070,34,69.37,2496.27,Month-to-month,No,Bank transfer,0,Yes,Yes,No,No,No,No
CUST-00071,58,91.11,5250.09,Month-to-month,DSL,Credit card,0,Yes,Yes,Yes,Yes,Yes,Yes
CUST-00072,14,98.25,1483.25,One year,Fiber optic,Bank transfer,0,No,No,Yes,Yes,Yes,No
CUST-00073,34,49.25,1658.78,One year,No,Electronic check,0,No,No,Yes,Yes,No,No
CUST-00074,10,68.06,668.21,Month-to-month,Fiber optic,Electronic check,0,No,No,No,Yes,Yes,No
CUST-00075,50,24.45,1101.72,Month-to-month,DSL,Electronic check,0,Yes,No,No,No,No,No
CUST-00076,35,98.08,3385.01,Two year,Fiber optic,Electronic check,0,Yes,Yes,No,No,Yes,No
CUST-00077,24,121.63,3047.37,Month-to-month,Fiber optic,Credit card,0,No,Yes,No,No,Yes,Yes
CUST-00078,17,72.0,1160.29,Month-to-month,DSL,Credit card,0,Yes,Yes,No,No,Yes,Yes
CUST-00079,41,20.0,1009.56,Month-to-month,Fiber optic,Bank transfer,0,No,No,Yes,No,No,Yes
CUST-00080,49,85.22,4159.5,One year,DSL,Electronic check,0,Yes,Yes,No,No,Yes,No
CUST-00081,68,47.4,3357.96,Month-to-month,Fiber optic,Credit card,0,Yes,No,No,Yes,Yes,No
CUST-00082,32,53.42,1710.36,Two year,No,Mailed check,0,Yes,No,No,No,No,No
CUST-00083,12,85.66,796.61,One year,Fiber optic,Credit card,0,No,No,Yes,No,No,No
CUST-00084,60,76.36,4509.19,Month-to-month,No,Bank transfer,1,Yes,No,Yes,No,No,No
CUST-00085,46,57.8,2586.47,One year,Fiber optic,Mailed check,1,Yes,No,No,No,Yes,No
CUST-00086,51,53.76,2672.78,Month-to-month,No,Credit card,0,Yes,No,Yes,No,Yes,Yes
CUST-00087,8,73.15,459.64,Month-to-month,Fiber optic,Bank transfer,0,No,No,No,No,Yes,Yes
CUST-00088,23,59.76,1275.85,One year,DSL,Credit card,1,No,No,Yes,No,Yes,No
CUST-00089,56,42.27,2428.05,Month-to-month,No,Bank transfer,0,No,No,No,Yes,No,No
CUST-00090,60,61.69,3963.86,Two year,No,Mailed check,0,No,Yes,Yes,No,Yes,No
CUST-00091,32,78.49,2532.1,One year,Fiber optic,Electronic check,0,Yes,No,Yes,Yes,Yes,No
CUST-00092,58,65.55,3766.81,Month-to-month,Fiber optic,Credit card,0,No,No,No,Yes,Yes,No
CUST-00093,61,34.66,1867.23,Two year,DSL,Credit card,0,Yes,Yes,Yes,Yes,No,No
CUST-00094,28,94.73,2850.3,Month-to-month,DSL,Electronic check,0,No,No,No,No,Yes,Yes
CUST-00095,65,20.0,1406.55,Month-to-month,DSL,Bank transfer,0,Yes,No,No,No,No,No
CUST-00096,21,58.84,1189.98,Month-to-month,Fiber optic,Credit card,0,No,No,No,No,No,No
CUST-00097,18,54.5,1011.95,Two year,DSL,Bank transfer,0,No,No,Yes,No,Yes,No
CUST-00098,50,73.7,3638.01,Month-to-month,DSL,Mailed check,0,Yes,Yes,Yes,No,Yes,Yes
CUST-00099,46,84.04,3748.27,Month-to-month,No,Electronic check,0,Yes,No,No,No,No,No
CUST-00100,11,98.17,1040.16,Month-to-month,Fiber optic,Credit card,1,Yes,No,Yes,No,Yes,Yes
CUST-00101,60,52.19,3217.22,Month-to-month,Fiber optic,Mailed check,1,Yes,No,No,No,No,No
CUST-00102,15,84.66,1306.47,Month-to-month,DSL,Credit card,0,No,No,No,Yes,Yes,Yes
CUST-00103,58,74.9,4322.19,One year,DSL,Mailed check,0,No,Yes,Yes,No,No,No
CUST-00104,1,27.21,92.38,Two year,Fiber optic,Credit card,0,Yes,No,No,No,No,No
CUST-00105,58,117.51,6783.55,One year,DSL,Electronic check,0,Yes,No,No,No,Yes,No
CUST-00106,57,34.03,2064.1,Month-to-month,Fiber optic,Bank transfer,0,No,No,No,No,Yes,No
CUST-00107,57,80.49,4482.86,Month-to-month,No,Bank transfer,0,Yes,No,Yes,Yes,No,No
CUST-00108,48,79.75,3791.96,Month-to-month,DSL,Electronic check,0,No,Yes,No,No,No,No
CUST-00109,34,76.89,2693.69,Month-to-month,Fiber optic,Bank transfer,0,Yes,Yes,No,No,Yes,Yes
CUST-00110,51,57.64,3011.33,One year,Fiber optic,Mailed check,1,No,No,No,Yes,Yes,No
CUST-00111,20,90.68,1746.22,Month-to-month,DSL,Bank transfer,0,No,No,No,No,No,Yes
CUST-00112,57,30.99,1679.02,Two year,Fiber optic,Electronic check,0,Yes,No,No,Yes,Yes,No
CUST-00113,41,68.35,2853.79,Month-to-month,Fiber optic,Electronic check,0,No,No,No,No,Yes,No
CUST-00114,34,55.9,2044.03,One year,DSL,Bank transfer,0,Yes,No,Yes,No,Yes,No
CUST-00115,37,53.07,2053.67,Two year,Fiber optic,Credit card,1,Yes,No,Yes,Yes,No,No
CUST-00116,41,80.72,3191.25,One year,Fiber optic,Electronic check,0,No,Yes,Yes,No,No,Yes
CUST-00117,3,96.94,223.5,Two year,Fiber optic,Electronic check,0,No,Yes,Yes,No,Yes,Yes
CUST-00118,11,61.42,567.0,Two year,No,Mailed check,0,No,No,Yes,No,Yes,Yes
CUST-00119,18,89.52,1752.96,One year,Fiber optic,Electronic check,0,No,No,Yes,No,Yes,No
CUST-00120,9,71.24,635.06,Month-to-month,Fiber optic,Electronic check,0,Yes,No,Yes,No,No,No
CUST-00121,32,47.68,1495.14,Month-to-month,No,Bank transfer,0,No,No,No,Yes,Yes,Yes
CUST-00122,49,63.55,3141.42,Two year,Fiber optic,Credit card,0,Yes,No,No,No,Yes,No
CUST-00123,48,62.51,3047.92,Month-to-month,DSL,Bank transfer,0,Yes,No,No,No,No,No
CUST-00124,34,52.58,1748.52,Two year,DSL,Mailed check,1,Yes,No,No,No,No,No
CUST-00125,62,80.71,5032.35,Month-to-month,DSL,Electronic check,0,No,No,No,No,Yes,No
CUST-00126,41,75.87,3120.59,One year,DSL,Bank transfer,0,Yes,Yes,Yes,Yes,Yes,No
CUST-00127,6,30.23,345.51,Month-to-month,Fiber optic,Credit card,0,Yes,Yes,Yes,No,Yes,No
CUST-00128,56,28.71,1611.39,Two year,DSL,Electronic check,0,No,No,No,No,Yes,No
CUST-00129,42,80.62,3426.27,Month-to-month,No,Bank transfer,0,No,Yes,No,No,Yes,Yes
CUST-00130,46,49.62,2219.36,Month-to-month,Fiber optic,Mailed check,0,No,No,No,Yes,No,Yes
CUST-00131,41,77.55,3117.85,Two year,DSL,Mailed check,0,No,No,No,No,Yes,No
CUST-00132,40,89.52,3627.01,Month-to-month,No,Bank transfer,0,Yes,No,No,No,No,No
CUST-00133,7,38.23,176.41,Month-to-month,Fiber optic,Electronic check,0,Yes,No,No,No,No,Yes
CUST-00134,41,34.71,1456.51,Two year,DSL,Electronic check,0,No,Yes,No,No,Yes,No
CUST-00135,58,111.86,6463.93,Two year,DSL,Electronic check,1,No,No,No,No,No,No
CUST-00136,22,78.79,1794.76,Month-to-month,Fiber optic,Bank transfer,0,No,No,No,Yes,Yes,No
CUST-00137,44,59.52,2423.22,One year,Fiber optic,Credit card,0,No,No,Yes,No,Yes,No
CUST-00138,3,46.65,284.35,Month-to-month,Fiber optic,Mailed check,0,Yes,No,Yes,No,Yes,Yes
CUST-00139,26,57.24,1323.26,Month-to-month,Fiber optic,Bank transfer,0,Yes,No,Yes,Yes,No,Yes
CUST-00140,32,40.24,1466.77,One year,Fiber optic,Credit card,0,No,No,No,No,No,No
CUST-00141,71,92.09,6545.72,Month-to-month,No,Credit card,0,No,No,No,No,Yes,No
CUST-00142,16,50.58,860.71,Month-to-month,Fiber optic,Electronic check,0,Yes,No,No,No,No,Yes
CUST-00143,20,97.34,1942.33,Month-to-month,Fiber optic,Credit card,0,No,No,No,Yes,Yes,Yes
CUST-00144,30,59.98,1807.61,Two year,DSL,Mailed check,0,No,Yes,No,No,No,No
CUST-00145,72,43.92,3066.67,One year,Fiber optic,Credit card,0,Yes,No,No,No,Yes,No
CUST-00146,62,59.34,3741.56,Month-to-month,Fiber optic,Credit card,0,Yes,No,No,No,Yes,Yes
CUST-00147,3,20.0,104.5,Two year,Fiber optic,Electronic check,0,Yes,Yes,No,Yes,Yes,No
CUST-00148,17,66.98,1181.17,Two year,Fiber optic,Credit card,0,Yes,No,No,No,Yes,No
CUST-00149,60,65.75,4094.5,Month-to-month,Fiber optic,Electronic check,0,No,No,No,Yes,Yes,Yes
CUST-00150,5,90.62,313.02,Two year,Fiber optic,Mailed check,1,No,No,No,No,Yes,No
CUST-00151,62,22.84,1424.43,Month-to-month,Fiber optic,Bank transfer,0,Yes,Yes,No,Yes,Yes,Yes
CUST-00152,21,99.05,1931.17,Month-to-month,Fiber optic,Electronic check,0,No,Yes,Yes,No,Yes,Yes
CUST-00153,67,90.51,6181.33,Month-to-month,No,Electronic check,0,Yes,No,No,No,Yes,No
CUST-00154,22,101.3,2301.83,Month-to-month,Fiber optic,Mailed check,0,No,Yes,Yes,Yes,No,Yes
CUST-00155,32,68.68,2174.24,One year,Fiber optic,Bank transfer,0,No,No,No,No,Yes,No
CUST-00156,48,95.35,4665.56,One year,Fiber optic,Bank transfer,0,No,No,No,No,No,No
CUST-00157,10,33.22,382.2,Two year,Fiber optic,Credit card,1,Yes,Yes,Yes,No,Yes,Yes
CUST-00158,41,87.83,3452.38,Month-to-month,Fiber optic,Mailed check,0,No,No,No,No,No,Yes
CUST-00159,37,50.72,1942.37,Month-to-month,No,Bank transfer,1,No,No,No,Yes,No,No
CUST-00160,57,28.71,1551.24,Month-to-month,Fiber optic,Electronic check,0,No,No,Yes,No,No,No
CUST-00161,72,41.9,3032.36,Month-to-month,No,Mailed check,0,No,No,Yes,No,No,No
CUST-00162,48,70.14,3460.69,Two year,Fiber optic,Bank transfer,0,No,No,Yes,No,No,No
CUST-00163,30,49.39,1486.66,One year,No,Mailed check,0,Yes,No,Yes,No,Yes,No
CUST-00164,30,79.4,2375.53,One year,No,Electronic check,0,Yes,No,No,Yes,No,No
CUST-00165,31,24.79,910.77,One year,Fiber optic,Electronic check,1,Yes,Yes,No,Yes,Yes,Yes
CUST-00166,59,20.0,1197.7,Month-to-month,Fiber optic,Credit card,0,No,No,No,No,Yes,No
CUST-00167,24,104.31,2477.66,Month-to-month,Fiber optic,Credit card,0,No,Yes,No,No,Yes,Yes
CUST-00168,13,92.6,1045.52,Month-to-month,Fiber optic,Electronic check,0,No,No,Yes,No,No,Yes
CUST-00169,25,43.77,1096.67,Two year,Fiber optic,Electronic check,0,Yes,No,No,No,Yes,No
CUST-00170,2,69.93,209.77,Month-to-month,Fiber optic,Credit card,1,No,No,No,No,No,Yes
CUST-00171,8,95.49,913.37,Month-to-month,Fiber optic,Electronic check,0,Yes,No,No,No,Yes,Yes
CUST-00172,7,80.48,407.02,One year,DSL,Bank transfer,0,Yes,No,No,No,No,No
CUST-00173,56,73.71,4172.41,Month-to-month,Fiber optic,Mailed check,0,No,Yes,Yes,No,Yes,No
CUST-00174,53,97.38,5229.99,Month-to-month,Fiber optic,Credit card,0,No,No,No,No,No,Yes
CUST-00175,51,51.73,2596.05,Month-to-month,Fiber optic,Bank transfer,0,Yes,No,Yes,No,No,No
CUST-00176,34,70.78,2572.47,Month-to-month,DSL,Credit card,0,No,Yes,No,No,No,No
CUST-00177,52,69.55,3532.95,Month-to-month,DSL,Electronic check,0,No,No,No,Yes,No,Yes
CUST-00178,12,63.18,941.38,Two year,Fiber optic,Electronic check,1,Yes,No,No,Yes,No,Yes
CUST-00179,65,60.25,3930.46,One year,Fiber optic,Credit card,1,No,No,No,No,Yes,No
CUST-00180,37,71.82,2734.46,Month-to-month,DSL,Electronic check,0,Yes,No,No,No,Yes,No
CUST-00181,68,70.86,4777.83,One year,DSL,Mailed check,0,No,No,Yes,No,Yes,No
CUST-00182,11,43.79,328.26,One year,Fiber optic,Electronic check,0,No,No,Yes,No,Yes,Yes
CUST-00183,36,90.04,3231.31,One year,DSL,Electronic check,0,Yes,Yes,No,No,Yes,No
CUST-00184,51,45.59,2389.84,Two year,DSL,Bank transfer,0,Yes,No,No,No,Yes,No
CUST-00185,36,64.54,2269.43,Two year,Fiber optic,Electronic check,0,Yes,No,No,No,Yes,No
CUST-00186,33,62.62,2038.35,Month-to-month,Fiber optic,Electronic check,0,No,Yes,Yes,No,No,Yes
CUST-00187,12,78.95,955.73,Month-to-month,No,Credit card,1,No,No,Yes,No,Yes,No
CUST-00188,28,20.0,408.14,Month-to-month,DSL,Bank transfer,0,No,No,No,No,No,Yes
CUST-00189,18,92.27,1632.5,Month-to-month,DSL,Electronic check,1,Yes,No,No,No,Yes,Yes
CUST-00190,22,53.08,1188.66,Two year,DSL,Credit card,0,No,No,No,Yes,Yes,No
CUST-00191,50,100.5,4971.99,One year,Fiber optic,Credit card,0,No,No,No,No,No,No
CUST-00192,46,58.05,2794.17,Month-to-month,DSL,Mailed check,1,Yes,Yes,No,Yes,No,No
CUST-00193,44,68.78,3048.91,Two year,DSL,Mailed check,0,Yes,No,Yes,No,Yes,No
CUST-00194,27,117.84,2968.56,One year,Fiber optic,Bank transfer,0,Yes,No,No,No,No,No
CUST-00195,70,63.07,4363.51,Month-to-month,Fiber optic,Electronic check,0,Yes,No,No,No,No,No
CUST-00196,7,100.97,637.41,Two year,Fiber optic,Credit card,1,Yes,No,Yes,No,Yes,Yes
CUST-00197,25,70.98,1688.75,Month-to-month,Fiber optic,Electronic check,0,Yes,No,No,No,No,Yes
CUST-00198,9,80.39,877.16,Month-to-month,Fiber optic,Credit card,1,No,Yes,No,Yes,Yes,Yes
CUST-00199,25,71.75,1856.15,Month-to-month,Fiber optic,Bank transfer,0,Yes,Yes,Yes,Yes,Yes,No
CUST-00200,70,91.2,6345.66,Two year,DSL,Electronic check,0,Yes,No,Yes,No,Yes,No
CUST-00201,27,52.86,1380.24,Month-to-month,Fiber optic,Mailed check,0,No,No,No,Yes,Yes,Yes
CUST-00202,66,45.4,2964.52,Month-to-month,DSL,Mailed check,0,No,No,No,Yes,Yes,No
CUST-00203,36,54.04,1886.84,One year,DSL,Credit card,0,Yes,No,No,No,No,Yes
CUST-00204,51,72.49,3627.37,Two year,Fiber optic,Bank transfer,0,No,No,No,Yes,Yes,No
CUST-00205,33,64.48,2178.39,Month-to-month,DSL,Mailed check,0,Yes,No,No,No,No,Yes
CUST-00206,20,87.76,1548.74,Month-to-month,DSL,Mailed check,0,Yes,No,No,No,Yes,Yes
CUST-00207,56,102.62,5798.52,Two year,Fiber optic,Electronic check,0,Yes,No,No,Yes,Yes,No
CUST-00208,70,45.6,3039.78,One year,Fiber optic,Bank transfer,0,Yes,Yes,No,Yes,No,No
CUST-00209,19,51.65,1032.52,Month-to-month,DSL,Bank transfer,0,Yes,No,No,Yes,No,Yes
CUST-00210,57,34.09,2049.96,Month-to-month,Fiber optic,Credit card,0,No,Yes,No,Yes,Yes,No
CUST-00211,19,120.76,2190.27,Month-to-month,No,Bank transfer,0,No,No,No,No,No,Yes
CUST-00212,52,77.62,3962.99,One year,DSL,Mailed check,0,Yes,No,Yes,No,Yes,No
CUST-00213,57,82.0,4771.22,One year,Fiber optic,Mailed check,0,Yes,No,No,No,No,No
CUST-00214,33,36.49,1172.99,One year,DSL,Mailed check,0,Yes,Yes,No,No,No,No
CUST-00215,54,69.97,3700.26,Month-to-month,No,Bank transfer,0,No,Yes,No,Yes,No,No
CUST-00216,20,82.73,1582.21,Two year,DSL,Electronic check,0,No,Yes,Yes,No,Yes,No
CUST-00217,6,63.68,623.74,Month-to-month,DSL,Electronic check,0,Yes,No,Yes,Yes,Yes,Yes
CUST-00218,7,96.89,628.62,Two year,No,Credit card,0,No,No,No,Yes,No,No
CUST-00219,33,127.8,4267.92,Month-to-month,Fiber optic,Electronic check,0,Yes,No,Yes,No,Yes,Yes
CUST-00220,65,46.32,3076.1,Month-to-month,DSL,Electronic check,0,No,Yes,No,Yes,No,No
CUST-00221,10,44.45,600.91,Month-to-month,Fiber optic,Bank transfer,1,Yes,Yes,No,Yes,No,No
CUST-00222,33,48.06,1779.04,Month-to-month,No,Electronic check,0,No,No,No,No,No,Yes
CUST-00223,51,110.15,5429.79,Month-to-month,Fiber optic,Bank transfer,0,No,Yes,Yes,No,Yes,No
CUST-00224,15,96.06,1586.03,One year,DSL,Bank transfer,0,No,No,Yes,No,Yes,Yes
CUST-00225,52,66.61,3477.85,Two year,DSL,Electronic check,0,No,Yes,No,Yes,Yes,No
CUST-00226,23,70.91,1528.29,Month-to-month,No,Mailed check,0,Yes,No,No,Yes,No,Yes
CUST-00227,59,49.59,3023.47,Month-to-month,DSL,Credit card,0,Yes,No,No,Yes,No,Yes
CUST-00228,42,92.25,3784.31,Month-to-month,DSL,Mailed check,0,No,No,No,Yes,Yes,Yes
CUST-00229,40,60.5,2549.54,Two year,DSL,Bank transfer,0,No,No,Yes,No,Yes,No
CUST-00230,13,63.5,787.37,Month-to-month,DSL,Bank transfer,0,No,No,Yes,Yes,No,No
CUST-00231,34,85.22,3005.15,Month-to-month,Fiber optic,Mailed check,0,No,Yes,No,Yes,No,No
CUST-00232,62,65.3,4122.81,Month-to-month,Fiber optic,Bank transfer,0,Yes,Yes,No,No,No,No
CUST-00233,2,64.13,7.47,Month-to-month,DSL,Mailed check,0,No,No,Yes,No,No,No
CUST-00234,55,70.26,3723.59,One year,DSL,Electronic check,0,No,No,No,No,Yes,No
CUST-00235,36,89.88,3252.68,Month-to-month,DSL,Mailed check,1,Yes,No,No,Yes,Yes,No
CUST-00236,52,111.16,5731.84,Month-to-month,DSL,Mailed check,0,Yes,Yes,Yes,Yes,Yes,Yes
CUST-00237,48,84.64,4128.82,Two year,DSL,Credit card,0,Yes,No,No,Yes,Yes,No
CUST-00238,32,90.08,2859.28,Month-to-month,Fiber optic,Bank transfer,0,Yes,No,No,No,Yes,Yes
CUST-00239,23,65.0,1408.26,One year,DSL,Bank transfer,0,No,Yes,No,No,Yes,No
CUST-00240,46,52.31,2440.67,Month-to-month,DSL,Mailed check,0,No,Yes,No,Yes,Yes,No
CUST-00241,11,86.35,742.44,Two year,Fiber optic,Bank transfer,0,No,No,No,No,No,No
CUST-00242,43,74.28,3061.27,One year,Fiber optic,Credit card,0,No,No,No,No,No,No
CUST-00243,7,34.43,137.37,Month-to-month,Fiber optic,Credit card,0,No,Yes,No,Yes,Yes,Yes
CUST-00244,47,61.8,2664.88,Two year,No,Electronic check,0,No,Yes,Yes,No,No,No
CUST-00245,46,67.93,3160.97,Month-to-month,DSL,Mailed check,0,Yes,No,Yes,No,Yes,Yes
CUST-00246,7,57.24,315.21,Month-to-month,DSL,Mailed check,0,Yes,Yes,Yes,No,No,No
CUST-00247,55,107.04,5910.93,One year,DSL,Bank transfer,0,No,No,No,Yes,No,No
CUST-00248,30,82.0,2534.51,One year,DSL,Bank transfer,0,Yes,Yes,No,Yes,Yes,No
CUST-00249,57,104.33,6073.52,Month-to-month,No,Credit card,0,Yes,No,No,No,No,No
CUST-00250,3,76.59,309.56,Month-to-month,Fiber optic,Bank transfer,0,No,Yes,No,No,No,Yes
CUST-00251,13,72.03,776.24,Month-to-month,Fiber optic,Credit card,0,No,Yes,No,No,Yes,No
CUST-00252,36,46.59,1586.79,One year,No,Electronic check,0,Yes,No,No,No,Yes,No
CUST-00253,14,70.3,810.37,Two year,Fiber optic,Electronic check,0,No,Yes,No,No,No,Yes
CUST-00254,24,70.33,1596.08,Month-to-month,Fiber optic,Bank transfer,0,No,No,Yes,No,No,No
CUST-00255,48,35.82,1866.03,Two year,No,Bank transfer,0,No,No,Yes,No,No,No
CUST-00256,11,56.51,651.44,Month-to-month,Fiber optic,Credit card,0,No,No,No,No,Yes,Yes
CUST-00257,49,61.92,3133.46,One year,DSL,Bank transfer,0,Yes,No,No,No,Yes,No
CUST-00258,8,80.34,509.1,Two year,Fiber optic,Mailed check,0,No,Yes,Yes,No,Yes,Yes
CUST-00259,13,81.53,1039.32,One year,No,Bank transfer,0,No,No,Yes,No,No,No
CUST-00260,43,55.47,2444.82,Month-to-month,Fiber optic,Electronic check,0,Yes,Yes,No,Yes,No,No
CUST-00261,58,81.72,4639.09,Month-to-month,Fiber optic,Mailed check,0,No,No,Yes,No,Yes,Yes
CUST-00262,13,65.45,828.44,Month-to-month,No,Electronic check,0,No,No,No,Yes,Yes,Yes
CUST-00263,22,20.0,534.53,One year,Fiber optic,Electronic check,0,No,Yes,No,Yes,No,No
CUST-00264,67,57.88,3978.23,Two year,Fiber optic,Mailed check,0,No,No,No,No,No,No
CUST-00265,72,96.97,7035.04,Month-to-month,DSL,Electronic check,0,Yes,No,No,Yes,No,No
CUST-00266,42,27.95,1170.17,Month-to-month,DSL,Electronic check,0,Yes,No,No,Yes,Yes,No
CUST-00267,33,72.82,2413.95,Month-to-month,DSL,Credit card,0,Yes,No,Yes,No,No,No
CUST-00268,25,109.63,2629.11,One year,No,Credit card,0,Yes,No,Yes,Yes,No,No
CUST-00269,45,50.98,2482.2,One year,No,Bank transfer,0,Yes,No,No,No,No,No
CUST-00270,43,70.05,2883.61,Month-to-month,DSL,Credit card,1,No,Yes,No,Yes,No,No
CUST-00271,22,37.4,952.35,One year,DSL,Electronic check,0,Yes,No,No,No,No,No
CUST-00272,2,110.68,28.8,Month-to-month,DSL,Credit card,0,No,No,No,No,Yes,Yes
CUST-00273,11,67.92,719.78,One year,Fiber optic,Mailed check,0,Yes,No,No,No,No,Yes
CUST-00274,70,71.17,5019.31,Month-to-month,Fiber optic,Mailed check,0,Yes,No,No,No,No,Yes
CUST-00275,31,103.86,3146.56,Month-to-month,Fiber optic,Credit card,0,Yes,Yes,Yes,No,No,No
CUST-00276,35,86.54,2878.41,One year,DSL,Mailed check,1,Yes,No,No,No,Yes,No
CUST-00277,34,48.11,1553.18,One year,DSL,Bank transfer,0,Yes,No,No,Yes,Yes,No
CUST-00278,57,53.82,3042.55,Month-to-month,No,Mailed check,0,No,No,No,No,No,No
CUST-00279,5,82.37,428.45,One year,Fiber optic,Bank transfer,0,Yes,Yes,No,No,Yes,No
CUST-00280,6,54.4,314.14,Month-to-month,DSL,Electronic check,1,No,No,Yes,Yes,No,Yes
CUST-00281,20,20.0,412.39,Month-to-month,DSL,Electronic check,0,Yes,Yes,No,No,Yes,Yes
CUST-00282,36,68.67,2505.31,Two year,DSL,Bank transfer,0,Yes,No,Yes,Yes,No,No
CUST-00283,49,32.99,1683.71,Two year,DSL,Credit card,0,No,No,No,Yes,Yes,No
CUST-00284,36,110.41,3928.4,Month-to-month,DSL,Electronic check,1,Yes,Yes,Yes,No,Yes,Yes
CUST-00285,32,74.42,2415.34,Two year,Fiber optic,Bank transfer,0,Yes,No,No,Yes,Yes,No
CUST-00286,68,47.37,3103.54,One year,DSL,Electronic check,0,Yes,No,No,Yes,Yes,No
CUST-00287,12,52.53,469.35,Month-to-month,Fiber optic,Bank transfer,0,No,Yes,No,No,Yes,Yes
CUST-00288,42,22.77,909.5,Month-to-month,Fiber optic,Credit card,0,Yes,No,No,No,No,Yes
CUST-00289,40,42.51,2011.05,Month-to-month,DSL,Mailed check,0,Yes,No,Yes,Yes,No,No
CUST-00290,35,95.41,3337.93,One year,Fiber optic,Credit card,0,No,Yes,No,No,Yes,No
CUST-00291,59,125.79,7505.9,Two year,No,Mailed check,0,No,No,No,No,No,No
CUST-00292,20,88.16,1881.83,Month-to-month,DSL,Credit card,0,No,No,No,Yes,No,Yes
CUST-00293,69,67.7,4640.07,Month-to-month,Fiber optic,Bank transfer,0,Yes,Yes,Yes,Yes,Yes,Yes
CUST-00294,24,59.2,1569.4,Month-to-month,DSL,Mailed check,0,No,Yes,No,No,Yes,Yes
CUST-00295,40,46.09,1893.01,Month-to-month,DSL,Mailed check,0,No,No,Yes,Yes,No,No
CUST-00296,38,121.49,4725.94,Two year,DSL,Credit card,0,Yes,No,Yes,No,Yes,No
CUST-00297,62,65.28,4067.12,Month-to-month,Fiber optic,Mailed check,0,No,No,No,Yes,No,Yes
CUST-00298,32,122.89,3957.77,One year,Fiber optic,Mailed check,0,No,No,Yes,Yes,No,Yes
CUST-00299,21,104.84,2344.13,Month-to-month,Fiber optic,Bank transfer,0,Yes,No,No,Yes,Yes,Yes
CUST-00300,2,26.48,4.21,One year,DSL,Electronic check,0,No,No,No,Yes,Yes,No
CUST-00301,27,53.35,1473.71,One year,Fiber optic,Electronic check,0,Yes,No,Yes,Yes,Yes,No
CUST-00302,60,53.27,3206.06,One year,DSL,Mailed check,0,No,No,No,No,No,No
CUST-00303,1,68.0,81.97,Month-to-month,DSL,Mailed check,0,No,No,Yes,Yes,Yes,No
CUST-00304,65,68.49,4522.14,One year,Fiber optic,Bank transfer,0,Yes,Yes,No,No,Yes,No
CUST-00305,40,130.0,5233.93,One year,DSL,Mailed check,0,Yes,No,Yes,No,Yes,No
CUST-00306,11,43.07,467.96,One year,Fiber optic,Mailed check,0,Yes,No,No,Yes,No,Yes
CUST-00307,22,75.72,1835.77,One year,Fiber optic,Credit card,0,Yes,Yes,No,No,Yes,No
CUST-00308,40,85.41,3456.92,Two year,Fiber optic,Credit card,0,No,No,Yes,Yes,No,No
CUST-00309,23,69.96,1547.07,Month-to-month,Fiber optic,Mailed check,0,Yes,No,No,No,No,Yes
CUST-00310,8,72.75,584.8,Month-to-month,DSL,Mailed check,0,Yes,No,No,No,No,No
CUST-00311,48,43.88,2108.58,Two year,DSL,Bank transfer,0,Yes,No,No,No,No,No
CUST-00312,49,72.66,3507.02,Month-to-month,Fiber optic,Credit card,0,Yes,No,No,No,Yes,Yes
CUST-00313,9,82.78,702.05,Two year,DSL,Bank transfer,0,No,No,No,No,Yes,No
CUST-00314,21,78.19,1632.18,One year,DSL,Electronic check,0,No,No,No,Yes,Yes,No
CUST-00315,18,84.26,1568.37,Two year,DSL,Bank transfer,0,No,No,No,No,Yes,No
CUST-00316,48,105.32,4943.41,One year,Fiber optic,Bank transfer,0,Yes,Yes,No,No,Yes,No
CUST-00317,53,93.42,5009.78,Two year,Fiber optic,Credit card,0,No,Yes,No,No,No,No
CUST-00318,53,71.78,3785.17,One year,DSL,Credit card,0,Yes,No,No,No,No,No
CUST-00319,68,40.71,2660.62,Month-to-month,DSL,Bank transfer,1,Yes,No,No,No,Yes,No
CUST-00320,56,55.0,3133.03,Month-to-month,DSL,Bank transfer,0,No,Yes,No,Yes,No,No
CUST-00321,24,64.51,1580.55,Month-to-month,DSL,Electronic check,0,Yes,No,No,Yes,Yes,Yes
CUST-00322,8,76.31,669.08,Month-to-month,Fiber optic,Credit card,0,Yes,Yes,No,No,Yes,Yes
CUST-00323,45,58.04,2723.97,Two year,DSL,Mailed check,1,Yes,No,No,No,No,No
CUST-00324,66,46.61,3260.68,Month-to-month,DSL,Bank transfer,1,No,No,No,No,Yes,Yes
CUST-00325,71,40.3,2870.64,One year,No,Bank transfer,1,Yes,No,Yes,Yes,No,No
CUST-00326,17,28.72,462.64,Month-to-month,Fiber optic,Electronic check,0,No,No,Yes,Yes,No,No
CUST-00327,18,64.13,1143.85,Month-to-month,DSL,Mailed check,1,Yes,No,No,Yes,Yes,Yes
CUST-00328,3,33.26,66.15,Two year,Fiber optic,Bank transfer,0,Yes,No,No,Yes,No,No
CUST-00329,11,44.99,441.92,Month-to-month,Fiber optic,Mailed check,0,No,Yes,No,Yes,Yes,Yes
CUST-00330,40,60.15,2409.63,One year,No,Bank transfer,0,No,Yes,No,Yes,Yes,No
CUST-00331,40,36.6,1313.17,Month-to-month,No,Bank transfer,0,No,No,Yes,Yes,Yes,No
CUST-00332,27,79.49,2231.97,Month-to-month,Fiber optic,Electronic check,0,Yes,No,Yes,No,No,Yes
CUST-00333,23,88.51,2073.15,Month-to-month,DSL,Mailed check,0,No,No,Yes,Yes,No,Yes
CUST-00334,60,56.26,3529.49,One year,Fiber optic,Mailed check,0,No,No,Yes,Yes,No,No
CUST-00335,34,59.07,1924.45,Month-to-month,DSL,Mailed check,0,No,Yes,Yes,No,No,No
CUST-00336,59,83.44,5068.4,Two year,Fiber optic,Electronic check,0,No,No,Yes,No,No,No
CUST-00337,70,52.15,3747.34,One year,No,Electronic check,0,Yes,Yes,No,No,No,No
CUST-00338,23,50.43,1067.0,Month-to-month,DSL,Mailed check,0,No,No,No,No,No,Yes
CUST-00339,15,99.91,1391.41,Month-to-month,No,Credit card,0,Yes,No,No,No,Yes,Yes
CUST-00340,69,92.1,6390.83,Month-to-month,Fiber optic,Credit card,0,No,No,No,Yes,Yes,Yes
CUST-00341,46,85.04,3972.1,One year,DSL,Credit card,0,No,Yes,No,No,No,No
CUST-00342,21,93.14,2036.86,Month-to-month,No,Credit card,1,Yes,No,Yes,Yes,Yes,Yes
CUST-00343,45,20.57,864.8,Month-to-month,Fiber optic,Credit card,0,Yes,No,No,No,No,No
CUST-00344,38,103.85,4188.14,Month-to-month,Fiber optic,Bank transfer,0,Yes,No,Yes,No,No,Yes
CUST-00345,66,79.8,5156.84,Month-to-month,Fiber optic,Electronic check,0,Yes,No,No,Yes,Yes,No
CUST-00346,19,95.27,1929.04,One year,DSL,Mailed check,0,No,No,Yes,Yes,No,No
CUST-00347,72,79.68,5565.29,Month-to-month,DSL,Bank transfer,0,No,No,Yes,No,Yes,No
CUST-00348,68,71.22,4767.0,Month-to-month,Fiber optic,Mailed check,0,Yes,No,Yes,No,Yes,Yes
CUST-00349,14,63.12,974.27,Month-to-month,No,Mailed check,1,Yes,Yes,Yes,No,No,No
CUST-00350,12,79.18,1127.1,One year,Fiber optic,Electronic check,0,No,No,Yes,Yes,Yes,Yes
CUST-00351,39,62.21,2540.27,One year,Fiber optic,Mailed check,1,Yes,Yes,No,No,No,No
CUST-00352,4,91.7,352.71,Month-to-month,Fiber optic,Mailed check,0,No,No,Yes,No,Yes,Yes
CUST-00353,22,30.34,554.31,Month-to-month,DSL,Credit card,0,Yes,No,No,No,Yes,No
CUST-00354,32,56.46,1936.23,One year,Fiber optic,Credit card,0,No,Yes,No,No,No,No
CUST-00355,70,121.12,8462.97,Month-to-month,Fiber optic,Electronic check,0,No,Yes,No,Yes,No,Yes
CUST-00356,72,54.35,4060.23,One year,DSL,Bank transfer,0,Yes,Yes,No,No,Yes,No
CUST-00357,11,64.03,821.26,Month-to-month,Fiber optic,Credit card,0,Yes,No,Yes,No,Yes,Yes
CUST-00358,65,47.94,3171.02,Month-to-month,Fiber optic,Mailed check,0,Yes,No,Yes,Yes,Yes,No
CUST-00359,7,78.4,470.11,Month-to-month,No,Credit card,0,Yes,No,No,No,Yes,Yes
CUST-00360,54,51.59,2713.43,Month-to-month,No,Electronic check,0,Yes,No,No,No,No,No
CUST-00361,61,65.36,4049.77,One year,Fiber optic,Mailed check,0,No,No,No,No,No,No
CUST-00362,65,91.22,5948.06,Month-to-month,Fiber optic,Credit card,1,No,No,No,No,Yes,Yes
CUST-00363,17,52.53,1084.97,Month-to-month,Fiber optic,Bank transfer,1,Yes,No,No,No,Yes,Yes
CUST-00364,65,89.72,5896.5,Month-to-month,No,Mailed check,0,No,Yes,No,No,Yes,No
CUST-00365,9,90.56,871.62,Month-to-month,Fiber optic,Credit card,0,Yes,No,No,Yes,Yes,Yes
CUST-00366,38,96.37,3821.49,One year,No,Mailed check,1,Yes,No,No,No,No,No
CUST-00367,34,73.51,2440.12,One year,No,Credit card,0,Yes,No,No,Yes,Yes,No
CUST-00368,23,130.0,3046.78,Two year,DSL,Mailed check,1,Yes,No,No,Yes,Yes,No
CUST-00369,2,96.36,112.04,Month-to-month,No,Mailed check,0,Yes,Yes,No,No,Yes,Yes
CUST-00370,56,78.12,4469.4,Month-to-month,Fiber optic,Mailed check,0,Yes,No,No,No,Yes,Yes
CUST-00371,25,48.1,1365.77,Month-to-month,DSL,Mailed check,0,Yes,No,No,Yes,Yes,Yes
CUST-00372,48,67.57,3267.8,Two year,DSL,Bank transfer,0,No,Yes,No,Yes,Yes,No
CUST-00373,30,105.66,3006.26,Month-to-month,Fiber optic,Credit card,0,No,No,Yes,No,Yes,Yes
CUST-00374,27,112.74,3150.5,Month-to-month,DSL,Bank transfer,0,No,No,No,No,Yes,Yes
CUST-00375,64,106.96,7001.88,One year,DSL,Electronic check,0,Yes,No,No,No,Yes,No
CUST-00376,7,89.63,558.54,Month-to-month,Fiber optic,Bank transfer,0,No,No,No,No,Yes,Yes
CUST-00377,54,38.61,2023.53,Month-to-month,DSL,Mailed check,0,Yes,No,Yes,No,Yes,No
CUST-00378,54,82.18,4541.18,Month-to-month,Fiber optic,Electronic check,0,Yes,Yes,Yes,No,No,No
CUST-00379,28,38.96,1004.23,One year,Fiber optic,Mailed check,0,Yes,No,No,No,No,No
CUST-00380,19,32.81,517.54,One year,DSL,Credit card,0,Yes,No,No,No,No,No
CUST-00381,1,75.98,0.0,Month-to-month,Fiber optic,Mailed check,0,Yes,No,Yes,No,Yes,Yes
CUST-00382,68,83.08,5610.27,One year,DSL,Bank transfer,1,No,No,Yes,Yes,Yes,No
CUST-00383,69,92.58,6468.7,Month-to-month,No,Electronic check,0,No,No,No,No,Yes,Yes
CUST-00384,18,82.43,1505.26,Month-to-month,Fiber optic,Credit card,0,Yes,No,No,No,Yes,Yes
CUST-00385,3,83.29,351.07,Two year,Fiber optic,Credit card,1,No,No,Yes,No,Yes,Yes
CUST-00386,9,45.38,471.52,One year,Fiber optic,Electronic check,1,Yes,No,Yes,No,No,Yes
CUST-00387,5,67.38,477.74,Two year,No,Bank transfer,0,Yes,No,No,No,Yes,No
CUST-00388,60,32.32,2050.07,One year,Fiber optic,Credit card,0,Yes,No,No,Yes,No,No
CUST-00389,65,20.0,1194.99,Month-to-month,Fiber optic,Credit card,0,Yes,No,Yes,No,Yes,Yes
CUST-00390,12,88.52,1033.38,Month-to-month,DSL,Bank transfer,0,Yes,No,No,No,Yes,Yes
CUST-00391,54,51.17,2896.96,Month-to-month,Fiber optic,Bank transfer,0,Yes,Yes,No,No,No,No
CUST-00392,13,91.81,1239.97,Month-to-month,Fiber optic,Bank transfer,1,Yes,No,No,Yes,No,Yes
CUST-00393,27,97.71,2591.41,Month-to-month,Fiber optic,Electronic check,0,No,No,No,No,No,No
CUST-00394,44,54.52,2367.08,Month-to-month,DSL,Electronic check,0,No,No,No,Yes,Yes,Yes
CUST-00395,52,84.76,4500.05,Month-to-month,Fiber optic,Mailed check,1,No,Yes,No,Yes,Yes,Yes
CUST-00396,63,53.47,3337.54,Two year,Fiber optic,Mailed check,1,Yes,No,No,No,No,No
CUST-00397,4,23.85,214.48,Month-to-month,Fiber optic,Credit card,0,Yes,No,Yes,Yes,Yes,Yes
CUST-00398,15,73.08,1080.87,Month-to-month,Fiber optic,Credit card,0,No,No,No,No,Yes,Yes
CUST-00399,21,58.23,1376.68,One year,Fiber optic,Mailed check,0,No,Yes,No,No,No,Yes
CUST-00400,23,59.0,1478.57,One year,Fiber optic,Mailed check,0,Yes,No,No,No,Yes,No
CUST-00401,72,119.38,8543.13,Month-to-month,Fiber optic,Bank transfer,0,No,No,Yes,No,Yes,Yes
CUST-00402,56,31.85,1865.39,One year,Fiber optic,Bank transfer,0,No,Yes,Yes,Yes,Yes,No
CUST-00403,24,79.57,1776.28,One year,Fiber optic,Credit card,0,Yes,No,Yes,No,No,No
CUST-00404,70,45.13,3168.32,Two year,DSL,Bank transfer,0,No,No,Yes,No,No,No
CUST-00405,36,92.71,3338.54,Month-to-month,DSL,Bank transfer,0,Yes,No,No,Yes,No,Yes
CUST-00406,37,77.46,2698.46,Month-to-month,Fiber optic,Credit card,0,Yes,No,Yes,No,Yes,No
CUST-00407,32,79.48,2368.8,One year,Fiber optic,Credit card,0,Yes,Yes,No,Yes,Yes,No
CUST-00408,11,46.38,631.31,Month-to-month,DSL,Mailed check,0,No,No,No,No,Yes,Yes
CUST-00409,68,50.86,3455.79,One year,Fiber optic,Mailed check,1,Yes,No,No,No,No,No
CUST-00410,2,93.18,202.68,One year,DSL,Credit card,0,No,Yes,No,No,No,No
CUST-00411,13,114.27,1456.75,One year,Fiber optic,Electronic check,0,Yes,No,Yes,Yes,No,Yes
CUST-00412,17,82.01,1520.85,Two year,DSL,Mailed check,0,Yes,No,No,No,No,No
CUST-00413,21,47.56,849.18,One year,Fiber optic,Electronic check,0,No,Yes,No,No,Yes,No
CUST-00414,10,78.47,869.41,Two year,Fiber optic,Credit card,0,Yes,Yes,Yes,Yes,Yes,No
CUST-00415,2,130.0,457.94,One year,Fiber optic,Credit card,0,No,Yes,No,No,No,No
CUST-00416,49,72.56,3475.26,Month-to-month,No,Mailed check,1,No,No,No,Yes,Yes,Yes
CUST-00417,70,106.55,7361.59,One year,Fiber optic,Electronic check,0,No,Yes,No,No,Yes,No
CUST-00418,9,51.49,502.27,One year,Fiber optic,Electronic check,1,No,No,Yes,No,Yes,Yes
CUST-00419,22,68.95,1582.06,Two year,Fiber optic,Bank transfer,0,Yes,No,Yes,No,Yes,No
CUST-00420,37,85.49,3034.98,Month-to-month,Fiber optic,Mailed check,0,No,No,No,Yes,Yes,No
CUST-00421,67,79.93,5319.9,Month-to-month,Fiber optic,Credit card,1,No,No,Yes,No,Yes,No
CUST-00422,50,50.84,2693.97,Two year,DSL,Credit card,0,No,No,No,No,Yes,No
CUST-00423,56,49.76,2978.18,Month-to-month,No,Mailed check,0,Yes,Yes,Yes,Yes,No,No
CUST-00424,42,94.71,3961.49,One year,DSL,Bank transfer,0,No,No,No,No,No,No
CUST-00425,31,99.79,3106.74,Month-to-month,No,Electronic check,0,Yes,No,No,No,Yes,No
CUST-00426,15,107.8,1649.11,Month-to-month,DSL,Electronic check,0,No,No,No,No,Yes,Yes
CUST-00427,63,115.1,6972.95,Month-to-month,Fiber optic,Mailed check,1,No,No,No,No,Yes,Yes
CUST-00428,58,73.37,4179.98,Two year,No,Electronic check,0,Yes,No,No,Yes,Yes,No
CUST-00429,2,62.22,119.5,Month-to-month,Fiber optic,Electronic check,1,Yes,No,Yes,No,No,Yes
CUST-00430,52,103.77,5630.8,One year,Fiber optic,Bank transfer,0,Yes,Yes,No,No,No,No
CUST-00431,7,87.83,657.28,One year,DSL,Electronic check,0,No,No,No,Yes,Yes,Yes
CUST-00432,54,45.44,2599.67,One year,DSL,Electronic check,0,No,Yes,No,Yes,No,No
CUST-00433,60,44.16,2630.64,Month-to-month,DSL,Bank transfer,0,Yes,No,No,No,Yes,No
CUST-00434,10,82.3,867.98,Month-to-month,Fiber optic,Electronic check,1,No,No,No,No,Yes,Yes
CUST-00435,32,65.57,2002.16,Two year,Fiber optic,Electronic check,0,No,No,No,No,Yes,Yes
CUST-00436,9,69.34,476.02,Month-to-month,DSL,Bank transfer,0,Yes,Yes,No,No,No,No
CUST-00437,41,96.81,3856.0,Month-to-month,Fiber optic,Electronic check,0,Yes,No,Yes,No,Yes,Yes
CUST-00438,67,88.98,5916.6,Two year,No,Mailed check,0,Yes,No,No,No,Yes,No
CUST-00439,6,103.25,609.1,Month-to-month,Fiber optic,Bank transfer,0,Yes,Yes,No,Yes,Yes,Yes
CUST-00440,29,21.71,564.75,Month-to-month,Fiber optic,Electronic check,0,No,Yes,No,No,Yes,No
CUST-00441,71,76.33,5182.87,Two year,No,Bank transfer,0,No,No,Yes,No,No,No
CUST-00442,22,87.37,1986.74,Month-to-month,Fiber optic,Mailed check,0,No,No,Yes,No,No,Yes
CUST-00443,10,31.84,227.42,Month-to-month,DSL,Mailed check,1,Yes,No,Yes,Yes,Yes,Yes
CUST-00444,36,53.63,1925.64,Month-to-month,Fiber optic,Bank transfer,0,No,No,Yes,No,No,No
CUST-00445,37,48.99,1729.97,One year,No,Electronic check,0,Yes,No,No,No,Yes,No
CUST-00446,48,70.54,3477.09,Two year,DSL,Bank transfer,0,No,No,No,No,No,No
CUST-00447,23,110.7,2360.93,One year,DSL,Mailed check,0,No,Yes,No,Yes,No,No
CUST-00448,69,120.56,8399.24,Two year,No,Electronic check,0,No,No,No,Yes,Yes,No
CUST-00449,38,49.64,1830.15,Month-to-month,Fiber optic,Credit card,0,No,No,Yes,Yes,No,No
CUST-00450,21,83.16,1701.31,One year,Fiber optic,Mailed check,0,Yes,No,No,Yes,Yes,No
CUST-00451,70,83.97,5869.31,Month-to-month,Fiber optic,Electronic check,0,Yes,No,No,No,No,No
CUST-00452,67,79.69,5319.33,Two year,Fiber optic,Mailed check,0,No,No,No,Yes,Yes,No
CUST-00453,36,79.97,3005.63,Two year,DSL,Bank transfer,0,Yes,No,No,No,Yes,No
CUST-00454,2,77.59,206.95,Month-to-month,Fiber optic,Mailed check,0,No,Yes,Yes,Yes,Yes,No
CUST-00455,43,112.19,4944.21,Two year,DSL,Mailed check,0,Yes,No,No,No,Yes,No
CUST-00456,40,97.56,3938.9,One year,DSL,Electronic check,0,No,Yes,Yes,No,Yes,Yes
CUST-00457,11,43.5,451.41,Month-to-month,No,Electronic check,1,Yes,Yes,No,No,No,Yes
CUST-00458,46,89.89,4109.7,One year,DSL,Mailed check,0,Yes,No,No,Yes,Yes,No
CUST-00459,61,92.31,5457.42,Two year,DSL,Mailed check,0,No,Yes,No,Yes,Yes,No
CUST-00460,8,77.87,799.25,Month-to-month,DSL,Bank transfer,0,No,No,No,No,Yes,Yes
CUST-00461,53,98.29,5182.27,Month-to-month,Fiber optic,Mailed check,0,Yes,No,No,No,No,Yes
CUST-00462,11,74.7,629.96,Two year,No,Electronic check,0,No,No,No,No,No,Yes
CUST-00463,54,75.01,3933.9,Month-to-month,DSL,Bank transfer,0,No,No,No,No,Yes,No
CUST-00464,31,73.03,2092.79,Month-to-month,Fiber optic,Credit card,0,No,No,No,Yes,No,Yes
CUST-00465,1,20.0,0.0,One year,Fiber optic,Credit card,0,Yes,No,No,Yes,Yes,No
CUST-00466,70,67.99,4800.79,One year,Fiber optic,Credit card,0,No,No,Yes,No,Yes,No
CUST-00467,12,53.29,418.97,Month-to-month,DSL,Mailed check,0,No,Yes,No,Yes,No,No
CUST-00468,43,40.34,1852.3,Month-to-month,DSL,Mailed check,0,No,No,No,No,Yes,No
CUST-00469,14,105.85,1404.74,Two year,Fiber optic,Electronic check,0,No,No,No,Yes,Yes,Yes
CUST-00470,68,82.61,5581.29,Month-to-month,DSL,Bank transfer,0,Yes,No,No,No,No,No
CUST-00471,54,69.25,3718.03,One year,Fiber optic,Mailed check,0,No,Yes,No,No,No,No
CUST-00472,58,55.88,3116.89,Two year,DSL,Bank transfer,0,No,No,No,No,Yes,No
CUST-00473,32,77.4,2534.29,Month-to-month,Fiber optic,Mailed check,0,Yes,Yes,No,No,Yes,Yes
CUST-00474,34,94.79,3067.55,Two year,Fiber optic,Electronic check,0,No,No,No,Yes,No,No
CUST-00475,46,49.33,2408.76,One year,Fiber optic,Bank transfer,0,No,No,No,No,Yes,Yes
CUST-00476,57,69.88,3862.73,Two year,Fiber optic,Mailed check,0,No,Yes,Yes,No,Yes,No
CUST-00477,61,91.7,5575.73,Month-to-month,DSL,Bank transfer,0,Yes,No,No,No,Yes,No
CUST-00478,2,21.6,0.0,Month-to-month,DSL,Credit card,0,Yes,No,Yes,No,Yes,No
CUST-00479,48,68.56,3385.93,One year,Fiber optic,Mailed check,0,Yes,No,Yes,No,Yes,No
CUST-00480,8,59.27,346.21,Two year,Fiber optic,Electronic check,0,Yes,Yes,Yes,Yes,Yes,No
CUST-00481,21,66.65,1525.82,Two year,Fiber optic,Bank transfer,0,No,No,Yes,Yes,Yes,No
CUST-00482,60,57.46,3648.19,Month-to-month,Fiber optic,Bank transfer,0,No,Yes,No,No,No,No
CUST-00483,19,73.44,1242.26,Month-to-month,Fiber optic,Mailed check,0,No,No,No,No,No,No
CUST-00484,58,118.09,6645.99,Month-to-month,DSL,Bank transfer,0,Yes,No,Yes,Yes,Yes,No
CUST-00485,34,61.9,2063.28,One year,DSL,Credit card,0,No,Yes,No,Yes,No,Yes
CUST-00486,17,77.29,1314.58,Two year,DSL,Electronic check,0,No,Yes,No,No,Yes,Yes
CUST-00487,25,119.87,2960.33,One year,No,Credit card,1,No,No,No,Yes,Yes,No
CUST-00488,39,56.25,2151.89,Month-to-month,Fiber optic,Bank transfer,0,No,Yes,Yes,Yes,No,No
CUST-00489,56,115.37,6515.68,Two year,Fiber optic,Credit card,1,Yes,No,No,Yes,Yes,No
CUST-00490,44,70.13,3107.87,Month-to-month,Fiber optic,Credit card,0,No,No,No,No,Yes,Yes
CUST-00491,68,114.55,7615.94,Month-to-month,DSL,Electronic check,0,No,No,Yes,No,Yes,No
CUST-00492,63,88.76,5505.44,One year,DSL,Electronic check,0,No,Yes,No,No,No,No
CUST-00493,55,77.68,4392.01,Month-to-month,DSL,Electronic check,0,No,No,No,No,No,No
CUST-00494,44,68.36,3010.94,One year,DSL,Electronic check,0,Yes,No,No,No,No,No
CUST-00495,21,54.4,1125.68,One year,Fiber optic,Mailed check,0,Yes,No,No,No,Yes,No
CUST-00496,30,71.89,2017.61,Month-to-month,DSL,Mailed check,0,Yes,No,No,Yes,Yes,Yes
CUST-00497,9,92.43,894.33,Month-to-month,Fiber optic,Credit card,0,Yes,No,Yes,No,Yes,No
CUST-00498,27,69.67,1868.63,Month-to-month,Fiber optic,Credit card,0,Yes,Yes,No,No,Yes,Yes
CUST-00499,67,62.08,4147.04,One year,No,Mailed check,0,No,Yes,No,No,No,No
CUST-00500,31,63.73,2062.68,Month-to-month,DSL,Bank transfer,0,No,No,Yes,No,No,Yes
CUST-00501,9,94.81,737.24,Month-to-month,Fiber optic,Mailed check,1,Yes,No,Yes,No,Yes,No
CUST-00502,47,100.63,4836.22,Month-to-month,DSL,Bank transfer,0,No,No,No,Yes,No,Yes
CUST-00503,70,53.32,3752.07,One year,DSL,Mailed check,0,Yes,Yes,No,No,Yes,No
CUST-00504,63,53.29,3462.08,Month-to-month,Fiber optic,Credit card,0,Yes,No,No,No,Yes,Yes
CUST-00505,20,79.48,1550.63,Month-to-month,Fiber optic,Electronic check,0,No,No,No,No,Yes,Yes
CUST-00506,33,108.19,3687.9,Month-to-month,Fiber optic,Credit card,0,Yes,No,No,No,No,No
CUST-00507,39,98.65,3554.38,Month-to-month,Fiber optic,Credit card,0,Yes,No,Yes,No,No,Yes
CUST-00508,18,38.7,548.34,Month-to-month,DSL,Electronic check,0,No,No,No,Yes,No,Yes
CUST-00509,20,63.4,1164.98,Month-to-month,No,Bank transfer,0,Yes,Yes,No,Yes,Yes,Yes
CUST-00510,18,46.73,754.85,One year,DSL,Credit card,0,Yes,Yes,Yes,Yes,No,No
CUST-00511,72,63.31,4657.86,Month-to-month,No,Credit card,0,No,No,Yes,No,Yes,No
CUST-00512,54,110.11,5740.77,Month-to-month,Fiber optic,Mailed check,1,No,No,No,No,Yes,Yes
CUST-00513,61,34.43,2179.29,Two year,DSL,Bank transfer,0,Yes,No,No,No,No,No
CUST-00514,59,29.53,1729.75,Month-to-month,Fiber optic,Electronic check,0,Yes,No,No,No,Yes,Yes
CUST-00515,70,49.29,3326.68,Month-to-month,DSL,Mailed check,0,No,No,No,Yes,Yes,No
CUST-00516,8,77.18,782.24,Month-to-month,Fiber optic,Mailed check,0,No,No,No,No,Yes,Yes
CUST-00517,64,85.52,5327.37,Month-to-month,DSL,Mailed check,1,No,No,No,No,Yes,Yes
CUST-00518,5,80.94,484.05,Month-to-month,Fiber optic,Mailed check,0,No,No,Yes,No,No,Yes
CUST-00519,35,99.39,3599.8,Two year,DSL,Bank transfer,0,No,No,No,Yes,Yes,Yes
CUST-00520,43,25.92,916.94,Month-to-month,No,Credit card,1,Yes,No,No,Yes,Yes,No
CUST-00521,26,99.71,2477.5,One year,DSL,Bank transfer,0,No,No,Yes,No,Yes,No
CUST-00522,11,62.2,808.71,Two year,Fiber optic,Mailed check,0,Yes,No,No,Yes,Yes,No
CUST-00523,14,88.29,1242.95,Month-to-month,Fiber optic,Bank transfer,0,No,No,No,No,Yes,Yes
CUST-00524,60,36.91,2271.25,One year,DSL,Bank transfer,0,No,No,No,No,No,No
CUST-00525,23,70.12,1610.05,Month-to-month,DSL,Mailed check,0,No,Yes,No,No,Yes,No
CUST-00526,23,75.91,1813.72,Month-to-month,Fiber optic,Electronic check,0,Yes,Yes,No,No,Yes,Yes
CUST-00527,67,98.89,6495.16,Two year,Fiber optic,Bank transfer,0,No,No,No,Yes,No,No
CUST-00528,11,30.37,398.65,Month-to-month,Fiber optic,Electronic check,0,Yes,No,No,Yes,Yes,Yes
CUST-00529,66,70.77,4644.43,Two year,DSL,Bank transfer,1,No,No,No,Yes,Yes,No
CUST-00530,67,42.87,2841.53,One year,No,Credit card,0,No,No,No,Yes,Yes,No
CUST-00531,44,82.64,3490.4,Month-to-month,No,Credit card,0,Yes,No,No,No,No,No
CUST-00532,12,89.43,908.23,Month-to-month,Fiber optic,Credit card,0,Yes,No,No,No,Yes,Yes
CUST-00533,12,102.18,1202.38,One year,DSL,Mailed check,0,Yes,No,No,No,No,Yes
CUST-00534,21,56.62,1302.34,Month-to-month,DSL,Mailed check,0,No,No,No,Yes,Yes,No
CUST-00535,42,93.18,3924.06,Month-to-month,No,Bank transfer,1,Yes,Yes,Yes,No,Yes,Yes
CUST-00536,12,104.02,1141.31,Month-to-month,Fiber optic,Electronic check,0,No,Yes,Yes,No,Yes,Yes
CUST-00537,33,28.92,927.25,Month-to-month,Fiber optic,Credit card,0,No,Yes,No,Yes,No,No
CUST-00538,9,85.31,730.53,Two year,No,Electronic check,1,Yes,Yes,Yes,No,Yes,No
CUST-00539,39,93.96,3572.62,Month-to-month,DSL,Credit card,0,Yes,No,No,Yes,Yes,Yes
CUST-00540,2,63.53,159.35,Month-to-month,Fiber optic,Credit card,0,No,Yes,No,Yes,Yes,Yes
CUST-00541,52,39.73,1959.76,One year,Fiber optic,Credit card,1,No,No,No,No,Yes,Yes
CUST-00542,4,93.57,296.49,One year,Fiber optic,Electronic check,0,Yes,No,Yes,No,Yes,No
CUST-00543,15,40.01,481.42,Two year,Fiber optic,Credit card,0,Yes,No,Yes,No,Yes,No
CUST-00544,13,65.54,766.95,Two year,Fiber optic,Electronic check,1,No,No,No,No,Yes,Yes
CUST-00545,60,69.0,4284.08,Month-to-month,DSL,Mailed check,1,No,No,No,Yes,Yes,No
CUST-00546,4,87.89,271.83,Month-to-month,No,Bank transfer,1,Yes,No,No,Yes,Yes,No
CUST-00547,31,54.33,1627.34,One year,Fiber optic,Mailed check,0,No,Yes,No,No,Yes,No
CUST-00548,43,52.89,2345.05,Month-to-month,Fiber optic,Credit card,1,Yes,No,Yes,No,Yes,No
CUST-00549,38,72.47,2849.05,One year,No,Mailed check,0,No,No,No,No,Yes,Yes
CUST-00550,50,95.16,4698.59,Month-to-month,DSL,Electronic check,0,Yes,No,No,Yes,Yes,No
CUST-00551,58,127.19,7493.6,Two year,Fiber optic,Electronic check,0,No,No,No,No,Yes,Yes
CUST-00552,29,32.31,830.1,One year,No,Credit card,0,No,Yes,No,No,Yes,No
CUST-00553,60,77.88,4732.41,One year,Fiber optic,Bank transfer,0,Yes,No,No,No,No,No
CUST-00554,23,42.84,969.32,Month-to-month,No,Mailed check,1,No,Yes,No,No,No,Yes
CUST-00555,71,95.47,6813.19,Two year,No,Electronic check,0,Yes,No,No,Yes,No,No
CUST-00556,37,46.54,1773.84,One year,Fiber optic,Bank transfer,0,Yes,No,Yes,Yes,Yes,No
CUST-00557,53,53.13,2801.03,Two year,DSL,Mailed check,0,Yes,Yes,No,No,No,No
CUST-00558,64,55.27,3581.25,Two year,Fiber optic,Electronic check,0,No,No,No,No,No,No
CUST-00559,58,68.1,4019.65,Month-to-month,Fiber optic,Bank transfer,0,No,No,Yes,Yes,No,No
CUST-00560,62,78.08,4670.73,Month-to-month,Fiber optic,Credit card,0,Yes,No,Yes,No,Yes,No
CUST-00561,39,82.09,3105.92,Month-to-month,Fiber optic,Mailed check,0,Yes,No,Yes,Yes,Yes,Yes
CUST-00562,4,69.86,362.73,One year,DSL,Bank transfer,0,Yes,Yes,No,Yes,No,No
CUST-00563,36,36.75,1122.95,One year,DSL,Mailed check,0,No,Yes,No,No,No,No
CUST-00564,14,88.19,1113.53,Month-to-month,Fiber optic,Credit card,0,Yes,Yes,Yes,No,Yes,No
CUST-00565,65,68.68,4610.44,Two year,Fiber optic,Bank transfer,0,No,No,No,No,No,No
CUST-00566,18,99.04,1737.81,Month-to-month,Fiber optic,Bank transfer,0,No,Yes,Yes,No,Yes,Yes
CUST-00567,17,52.31,901.5,One year,DSL,Electronic check,0,No,No,No,No,Yes,Yes
CUST-00568,18,29.94,572.28,Month-to-month,Fiber optic,Credit card,0,Yes,No,No,No,No,Yes
CUST-00569,47,69.15,3287.89,Month-to-month,Fiber optic,Electronic check,0,Yes,No,Yes,No,Yes,Yes
CUST-00570,42,102.4,4242.36,Month-to-month,DSL,Bank transfer,0,No,No,No,Yes,Yes,Yes
CUST-00571,69,74.02,5065.06,One year,Fiber optic,Mailed check,0,No,No,No,No,No,No
CUST-00572,30,65.01,2158.09,One year,Fiber optic,Bank transfer,0,No,Yes,No,Yes,No,No
CUST-00573,21,48.24,873.5,Month-to-month,Fiber optic,Credit card,0,No,No,No,No,Yes,Yes
CUST-00574,4,113.94,379.39,Month-to-month,Fiber optic,Electronic check,0,No,No,No,No,No,Yes
CUST-00575,1,44.26,0.0,One year,No,Electronic check,0,Yes,Yes,No,Yes,Yes,No
CUST-00576,27,51.87,1373.36,Month-to-month,DSL,Credit card,0,No,No,No,No,Yes,No
CUST-00577,67,84.25,5545.02,One year,DSL,Bank transfer,0,Yes,Yes,Yes,No,Yes,No
CUST-00578,38,23.6,1016.4,Month-to-month,DSL,Mailed check,0,No,Yes,No,Yes,Yes,No
CUST-00579,65,101.86,6772.65,Two year,Fiber optic,Electronic check,1,No,No,No,Yes,Yes,No
CUST-00580,8,85.6,673.79,One year,No,Bank transfer,0,Yes,No,No,No,No,No
CUST-00581,7,92.48,538.0,Month-to-month,Fiber optic,Mailed check,0,Yes,No,No,No,No,Yes
CUST-00582,61,83.95,5296.04,One year,No,Bank transfer,1,Yes,Yes,Yes,Yes,No,No
CUST-00583,8,65.97,444.31,Month-to-month,Fiber optic,Mailed check,0,Yes,No,No,No,No,Yes
CUST-00584,4,43.42,188.18,Two year,DSL,Credit card,0,No,No,No,No,No,Yes
CUST-00585,30,66.5,2024.08,One year,DSL,Bank transfer,0,Yes,No,Yes,Yes,No,No
CUST-00586,67,45.62,2950.56,Month-to-month,Fiber optic,Bank transfer,0,No,Yes,No,Yes,Yes,No
CUST-00587,50,82.15,4057.89,One year,Fiber optic,Electronic check,0,Yes,No,Yes,No,No,No
CUST-00588,8,90.17,898.86,Month-to-month,Fiber optic,Bank transfer,0,Yes,No,Yes,No,Yes,Yes
CUST-00589,61,106.92,6541.72,Two year,Fiber optic,Bank transfer,1,No,No,No,No,No,No
CUST-00590,61,79.29,4878.36,Two year,Fiber optic,Bank transfer,0,Yes,Yes,Yes,No,No,No
CUST-00591,58,93.11,5474.33,One year,DSL,Bank transfer,0,No,No,No,No,Yes,No
CUST-00592,65,62.57,4102.18,Month-to-month,Fiber optic,Bank transfer,0,No,Yes,No,Yes,No,No
CUST-00593,18,58.04,1137.91,One year,Fiber optic,Electronic check,1,No,No,No,No,Yes,No
CUST-00594,71,81.84,5857.34,Month-to-month,Fiber optic,Mailed check,0,No,No,Yes,Yes,Yes,No
CUST-00595,24,60.34,1427.15,Month-to-month,DSL,Electronic check,0,Yes,Yes,No,No,Yes,No
CUST-00596,58,76.73,4758.75,Two year,No,Credit card,0,No,No,No,No,No,No
CUST-00597,42,43.47,1759.45,Month-to-month,DSL,Electronic check,0,Yes,No,No,No,Yes,Yes
CUST-00598,57,47.96,2688.06,Month-to-month,DSL,Credit card,0,Yes,No,No,Yes,No,No
CUST-00599,46,85.89,4082.46,Month-to-month,Fiber optic,Bank transfer,0,Yes,No,No,Yes,Yes,No
CUST-00600,47,92.17,4404.06,Two year,No,Bank transfer,0,No,No,No,Yes,Yes,No
CUST-00601,45,45.36,1993.74,Two year,No,Bank transfer,0,Yes,No,No,Yes,Yes,No
CUST-00602,57,86.77,4890.69,Month-to-month,DSL,Electronic check,0,Yes,No,No,Yes,Yes,Yes
CUST-00603,54,56.68,3054.66,Month-to-month,DSL,Bank transfer,1,Yes,Yes,Yes,No,Yes,No
CUST-00604,10,70.41,729.68,Two year,Fiber optic,Mailed check,0,Yes,Yes,Yes,No,No,No
CUST-00605,60,105.42,6319.97,Month-to-month,Fiber optic,Credit card,0,Yes,No,Yes,No,Yes,No
CUST-00606,39,90.19,3459.92,Two year,Fiber optic,Credit card,1,Yes,No,No,Yes,No,Yes
CUST-00607,24,89.9,2219.93,Two year,DSL,Credit card,0,No,No,Yes,Yes,Yes,No
CUST-00608,38,117.72,4474.55,One year,Fiber optic,Credit card,0,No,No,Yes,No,Yes,No
CUST-00609,70,52.4,3751.31,Month-to-month,DSL,Credit card,0,No,No,Yes,Yes,No,No
CUST-00610,62,45.35,2821.96,One year,DSL,Mailed check,0,No,No,No,Yes,Yes,No
CUST-00611,61,51.95,3012.79,Two year,Fiber optic,Mailed check,0,No,Yes,No,No,No,No
CUST-00612,34,63.64,2208.31,Month-to-month,DSL,Credit card,1,Yes,No,No,Yes,Yes,No
CUST-00613,57,20.0,1233.6,Two year,Fiber optic,Credit card,0,No,No,Yes,Yes,Yes,No
CUST-00614,28,64.81,1850.58,Month-to-month,Fiber optic,Mailed check,1,Yes,No,No,Yes,No,Yes
CUST-00615,50,56.39,2657.29,Two year,Fiber optic,Bank transfer,0,No,Yes,No,Yes,Yes,No
CUST-00616,47,89.59,4236.48,One year,Fiber optic,Credit card,1,Yes,No,Yes,No,No,Yes
CUST-00617,18,78.81,1368.62,Month-to-month,No,Credit card,0,Yes,No,No,No,No,No
CUST-00618,20,54.98,1102.79,Month-to-month,Fiber optic,Credit card,0,Yes,No,No,No,Yes,Yes
CUST-00619,5,84.75,470.6,Month-to-month,No,Mailed check,1,Yes,Yes,No,Yes,Yes,No
CUST-00620,11,88.08,941.96,Month-to-month,Fiber optic,Bank transfer,0,No,Yes,Yes,No,Yes,Yes
CUST-00621,32,50.79,1685.89,Two year,Fiber optic,Bank transfer,0,No,No,No,Yes,No,No
CUST-00622,35,57.67,2064.27,Month-to-month,No,Credit card,0,No,Yes,No,No,No,No
CUST-00623,12,20.0,273.08,Two year,DSL,Credit card,0,No,Yes,No,No,Yes,No
CUST-00624,31,42.73,1286.6,Month-to-month,DSL,Bank transfer,0,No,No,No,No,No,Yes
CUST-00625,44,51.44,2360.81,One year,No,Credit card,0,No,Yes,No,Yes,No,No
CUST-00626,17,71.85,1366.61,Two year,Fiber optic,Mailed check,0,No,No,No,Yes,Yes,Yes
CUST-00627,25,46.37,1156.06,One year,DSL,Bank transfer,0,No,No,No,Yes,Yes,No
CUST-00628,27,57.16,1493.88,Two year,No,Credit card,0,Yes,Yes,No,No,No,No
CUST-00629,37,39.37,1415.0,Two year,DSL,Credit card,0,No,No,Yes,No,No,No
CUST-00630,27,74.28,2083.84,One year,Fiber optic,Electronic check,0,No,No,No,No,No,No
CUST-00631,54,80.64,4363.95,One year,Fiber optic,Electronic check,0,Yes,No,Yes,Yes,Yes,No
CUST-00632,24,80.06,1896.93,Month-to-month,Fiber optic,Electronic check,0,Yes,Yes,Yes,No,Yes,No
CUST-00633,32,70.31,2175.38,Month-to-month,Fiber optic,Electronic check,0,No,No,Yes,No,Yes,Yes
CUST-00634,28,31.47,919.88,Month-to-month,DSL,Electronic check,0,No,No,No,Yes,No,Yes
CUST-00635,14,54.5,823.85,Two year,Fiber optic,Credit card,0,Yes,No,No,No,No,No
CUST-00636,50,59.82,2983.0,One year,Fiber optic,Bank transfer,0,Yes,Yes,Yes,No,Yes,No
CUST-00637,17,59.92,1045.49,One year,DSL,Electronic check,0,No,No,No,No,No,No
CUST-00638,22,71.87,1630.45,Two year,DSL,Bank transfer,1,No,Yes,No,No,Yes,No
CUST-00639,58,105.64,6218.65,Month-to-month,Fiber optic,Credit card,0,Yes,No,No,No,Yes,Yes
CUST-00640,69,90.3,6142.64,Two year,DSL,Credit card,1,No,No,Yes,No,No,No
CUST-00641,49,45.31,2148.34,Month-to-month,Fiber optic,Credit card,0,No,No,No,No,No,No
CUST-00642,66,86.96,5698.55,Month-to-month,No,Credit card,0,Yes,No,No,No,Yes,No
CUST-00643,62,86.01,5334.79,One year,DSL,Credit card,0,Yes,Yes,No,No,Yes,No
CUST-00644,35,49.85,1697.67,Month-to-month,No,Credit card,0,Yes,Yes,No,No,Yes,No
CUST-00645,56,91.22,5079.66,One year,Fiber optic,Credit card,1,No,No,No,Yes,No,No
CUST-00646,24,65.99,1655.07,One year,Fiber optic,Bank transfer,0,No,No,Yes,No,Yes,No
CUST-00647,34,34.75,1036.14,Two year,No,Electronic check,0,No,No,No,No,Yes,Yes
CUST-00648,39,81.38,3094.03,Month-to-month,DSL,Credit card,0,No,Yes,No,Yes,Yes,No
CUST-00649,70,75.42,5210.62,Month-to-month,No,Electronic check,0,Yes,No,No,No,No,No
CUST-00650,62,64.31,4111.31,Month-to-month,DSL,Mailed check,0,Yes,No,No,No,Yes,No
CUST-00651,36,69.06,2493.28,Month-to-month,Fiber optic,Bank transfer,0,No,No,No,Yes,Yes,No
CUST-00652,47,52.02,2466.87,Month-to-month,Fiber optic,Bank transfer,1,No,No,No,Yes,Yes,No
CUST-00653,15,85.25,1194.33,Month-to-month,DSL,Credit card,0,No,No,No,No,Yes,No
CUST-00654,58,68.91,3946.96,Two year,Fiber optic,Electronic check,0,No,No,No,Yes,No,No
CUST-00655,40,74.16,2708.34,Two year,Fiber optic,Credit card,0,Yes,No,Yes,No,No,No
CUST-00656,39,78.93,3082.63,Two year,Fiber optic,Electronic check,1,Yes,Yes,No,No,No,No
CUST-00657,56,41.14,2235.0,Month-to-month,Fiber optic,Bank transfer,1,No,No,No,No,Yes,Yes
CUST-00658,46,47.64,2028.37,One year,DSL,Electronic check,1,Yes,No,Yes,No,Yes,Yes
CUST-00659,6,20.0,148.61,Month-to-month,DSL,Bank transfer,0,Yes,No,No,Yes,Yes,Yes
CUST-00660,21,84.12,1671.47,Month-to-month,DSL,Electronic check,0,No,Yes,No,Yes,Yes,Yes
CUST-00661,13,39.69,523.89,Month-to-month,No,Electronic check,0,Yes,No,Yes,Yes,Yes,No
CUST-00662,53,73.31,3912.21,Two year,Fiber optic,Credit card,0,Yes,No,No,No,Yes,No
CUST-00663,3,79.27,513.31,One year,Fiber optic,Bank transfer,0,No,No,No,No,No,No
CUST-00664,15,85.06,1234.73,Month-to-month,Fiber optic,Mailed check,1,Yes,No,Yes,Yes,Yes,Yes
CUST-00665,44,39.9,1772.63,One year,Fiber optic,Mailed check,0,Yes,No,Yes,Yes,No,No
CUST-00666,51,68.37,3480.04,Two year,DSL,Credit card,0,No,No,No,Yes,Yes,No
CUST-00667,37,111.76,4056.54,Month-to-month,DSL,Credit card,0,Yes,Yes,No,No,Yes,No
CUST-00668,62,112.86,7015.39,Two year,Fiber optic,Mailed check,0,Yes,Yes,No,No,Yes,No
CUST-00669,67,94.68,6418.69,Month-to-month,DSL,Electronic check,1,No,No,No,No,No,No
CUST-00670,10,78.44,836.73,Month-to-month,No,Bank transfer,0,No,No,No,Yes,No,Yes
CUST-00671,69,44.87,3163.26,Two year,DSL,Electronic check,0,Yes,No,No,No,No,No
CUST-00672,45,87.97,3876.91,Month-to-month,Fiber optic,Mailed check,0,No,No,No,No,Yes,Yes
CUST-00673,46,66.05,3043.64,One year,Fiber optic,Bank transfer,0,No,Yes,Yes,No,Yes,No
CUST-00674,7,84.01,426.81,Month-to-month,Fiber optic,Credit card,0,No,Yes,Yes,No,No,No
CUST-00675,45,54.18,2263.36,One year,No,Electronic check,0,No,No,No,Yes,Yes,No
CUST-00676,53,65.68,3648.7,One year,Fiber optic,Electronic check,0,No,No,No,Yes,No,No
CUST-00677,42,74.1,3121.55,Two year,DSL,Mailed check,0,Yes,No,Yes,No,No,No
CUST-00678,7,76.16,594.07,Two year,Fiber optic,Bank transfer,0,Yes,Yes,No,No,Yes,Yes
CUST-00679,38,82.34,3190.36,One year,DSL,Bank transfer,0,Yes,Yes,No,No,Yes,No
CUST-00680,68,55.52,3770.37,Month-to-month,DSL,Credit card,1,No,No,Yes,Yes,No,No
CUST-00681,53,36.42,2061.44,Month-to-month,Fiber optic,Electronic check,0,No,No,No,Yes,No,No
CUST-00682,10,110.62,1090.32,One year,DSL,Credit card,0,Yes,Yes,No,Yes,Yes,No
CUST-00683,70,130.0,8882.39,Month-to-month,DSL,Credit card,1,Yes,No,No,Yes,No,No
CUST-00684,70,81.19,5698.48,Month-to-month,Fiber optic,Credit card,0,Yes,Yes,Yes,No,No,No
CUST-00685,13,36.9,571.35,Two year,Fiber optic,Credit card,0,Yes,Yes,No,Yes,Yes,No
CUST-00686,58,50.67,2795.79,Month-to-month,No,Mailed check,0,No,Yes,No,Yes,Yes,No
CUST-00687,30,82.73,2451.6,Month-to-month,DSL,Mailed check,1,No,No,No,Yes,No,No
CUST-00688,43,103.53,4560.69,Two year,Fiber optic,Mailed check,0,No,Yes,No,Yes,No,No
CUST-00689,33,39.68,1396.12,One year,Fiber optic,Mailed check,0,No,No,No,No,Yes,Yes
CUST-00690,57,66.89,3797.68,One year,Fiber optic,Electronic check,1,No,No,No,No,Yes,No
CUST-00691,72,74.9,5313.54,Month-to-month,DSL,Mailed check,0,No,No,No,No,Yes,No
CUST-00692,58,91.61,5310.82,Month-to-month,Fiber optic,Mailed check,0,No,No,No,No,Yes,Yes
CUST-00693,68,61.41,4198.0,One year,Fiber optic,Credit card,0,Yes,No,No,Yes,Yes,No
CUST-00694,69,30.9,2204.35,Month-to-month,DSL,Electronic check,0,Yes,No,No,Yes,No,No
CUST-00695,7,85.53,582.1,One year,DSL,Credit card,1,No,No,No,No,Yes,No
CUST-00696,19,98.12,2017.44,Month-to-month,Fiber optic,Credit card,0,Yes,No,No,No,Yes,Yes
CUST-00697,52,67.94,3553.6,Month-to-month,DSL,Electronic check,0,No,No,No,Yes,No,Yes
CUST-00698,43,80.13,3408.09,Month-to-month,DSL,Credit card,0,Yes,No,Yes,No,Yes,No
CUST-00699,4,58.14,174.79,Month-to-month,Fiber optic,Bank transfer,1,Yes,Yes,No,No,Yes,No
CUST-00700,7,48.86,254.01,Month-to-month,DSL,Bank transfer,0,No,No,No,No,Yes,Yes
CUST-00701,38,95.66,3734.96,One year,DSL,Credit card,1,Yes,Yes,No,No,Yes,No
CUST-00702,45,79.69,3563.52,One year,Fiber optic,Credit card,0,Yes,No,No,Yes,Yes,No
CUST-00703,13,82.26,781.36,Month-to-month,No,Mailed check,1,No,No,No,No,Yes,Yes
CUST-00704,13,107.55,1356.82,One year,Fiber optic,Bank transfer,0,Yes,No,No,Yes,Yes,No
CUST-00705,10,43.63,556.88,Month-to-month,DSL,Bank transfer,1,Yes,No,No,No,Yes,No
CUST-00706,41,56.2,2255.64,Month-to-month,DSL,Electronic check,0,Yes,No,No,Yes,No,Yes
CUST-00707,1,73.95,0.0,Two year,No,Electronic check,0,No,No,No,No,Yes,Yes
CUST-00708,42,55.89,2297.36,One year,Fiber optic,Bank transfer,0,No,Yes,Yes,No,No,No
CUST-00709,35,89.58,3191.56,One year,Fiber optic,Electronic check,0,No,No,No,Yes,No,No
CUST-00710,34,65.32,2193.57,Month-to-month,DSL,Mailed check,0,Yes,Yes,No,Yes,Yes,No
CUST-00711,49,45.19,2117.85,Month-to-month,DSL,Electronic check,0,No,No,No,Yes,No,No
CUST-00712,38,71.64,2777.91,One year,DSL,Mailed check,0,No,No,Yes,No,Yes,No
CUST-00713,53,74.26,4047.94,One year,Fiber optic,Bank transfer,0,Yes,No,No,Yes,Yes,No
CUST-00714,56,93.37,5371.68,One year,No,Credit card,0,No,Yes,No,No,Yes,No
CUST-00715,67,79.83,5365.82,Two year,DSL,Mailed check,0,No,No,Yes,No,No,No
CUST-00716,58,81.53,4707.99,Month-to-month,Fiber optic,Mailed check,0,Yes,No,No,Yes,Yes,No
CUST-00717,38,78.01,3004.65,Two year,No,Credit card,0,Yes,Yes,Yes,No,Yes,No
CUST-00718,36,65.29,2473.24,One year,No,Mailed check,0,No,Yes,No,No,No,No
CUST-00719,17,52.09,986.52,Month-to-month,Fiber optic,Electronic check,0,Yes,No,No,No,No,Yes
CUST-00720,44,77.22,3387.51,Month-to-month,DSL,Electronic check,1,Yes,No,No,Yes,No,Yes
CUST-00721,11,61.67,580.54,One year,No,Credit card,0,Yes,No,No,No,No,No
CUST-00722,68,112.25,7654.4,Month-to-month,DSL,Bank transfer,0,Yes,No,No,No,Yes,Yes
CUST-00723,61,103.55,6312.94,One year,DSL,Electronic check,0,Yes,No,No,No,Yes,No
CUST-00724,9,85.82,815.28,One year,DSL,Electronic check,0,Yes,No,No,Yes,Yes,Yes
CUST-00725,57,79.46,4417.47,Month-to-month,Fiber optic,Credit card,0,No,No,No,No,No,Yes
CUST-00726,9,67.8,541.98,Month-to-month,DSL,Bank transfer,0,Yes,Yes,Yes,No,No,Yes
CUST-00727,52,38.47,2085.97,One year,Fiber optic,Mailed check,0,No,Yes,No,No,No,No
CUST-00728,7,64.6,468.41,Month-to-month,No,Mailed check,0,No,No,No,Yes,No,Yes
CUST-00729,36,72.54,2491.16,Two year,Fiber optic,Mailed check,1,Yes,No,No,No,No,No
CUST-00730,48,75.74,3763.8,Month-to-month,No,Credit card,1,No,No,No,No,No,No
CUST-00731,53,81.74,4300.33,Two year,No,Electronic check,1,No,Yes,Yes,No,Yes,No
CUST-00732,31,93.03,2919.69,Month-to-month,Fiber optic,Credit card,0,Yes,Yes,No,No,Yes,No
CUST-00733,67,52.7,3479.67,Month-to-month,Fiber optic,Electronic check,0,Yes,No,No,No,No,Yes
CUST-00734,56,52.92,2988.63,One year,No,Electronic check,1,No,Yes,No,No,Yes,No
CUST-00735,15,106.27,1722.71,Month-to-month,Fiber optic,Mailed check,0,No,No,No,Yes,Yes,Yes
CUST-00736,49,89.27,4503.63,Month-to-month,DSL,Credit card,0,Yes,No,Yes,No,No,No
CUST-00737,53,60.23,3344.59,Month-to-month,No,Electronic check,1,No,No,No,No,No,Yes
CUST-00738,25,67.32,1633.03,One year,Fiber optic,Electronic check,0,No,Yes,Yes,Yes,No,No
CUST-00739,54,67.43,3703.7,One year,No,Mailed check,0,No,No,No,No,Yes,No
CUST-00740,65,70.79,4431.94,Month-to-month,Fiber optic,Electronic check,0,No,No,Yes,Yes,Yes,No
CUST-00741,59,81.82,4857.59,Month-to-month,DSL,Mailed check,0,Yes,No,Yes,Yes,Yes,No
CUST-00742,55,130.0,7332.84,Month-to-month,Fiber optic,Mailed check,0,Yes,Yes,Yes,No,Yes,No
CUST-00743,46,74.74,3315.08,Two year,Fiber optic,Bank transfer,0,Yes,Yes,No,No,Yes,No
CUST-00744,20,86.56,1645.91,Month-to-month,Fiber optic,Mailed check,0,Yes,Yes,No,No,Yes,No
CUST-00745,58,27.84,1598.18,One year,No,Bank transfer,0,No,No,No,Yes,No,No
CUST-00746,27,57.88,1536.35,Month-to-month,Fiber optic,Credit card,0,No,Yes,No,No,No,Yes
CUST-00747,39,100.72,4008.65,One year,DSL,Mailed check,1,No,No,No,Yes,Yes,No
CUST-00748,23,80.06,1915.21,Two year,Fiber optic,Credit card,0,Yes,Yes,No,No,Yes,No
CUST-00749,23,20.0,254.88,Month-to-month,DSL,Mailed check,0,Yes,No,No,Yes,Yes,No
CUST-00750,12,86.85,936.06,One year,Fiber optic,Credit card,0,Yes,No,No,No,Yes,No
CUST-00751,70,117.95,8239.8,Month-to-month,DSL,Bank transfer,0,Yes,No,Yes,No,No,No
CUST-00752,11,20.1,162.38,One year,DSL,Electronic check,0,No,No,Yes,Yes,Yes,No
CUST-00753,7,107.98,790.8,Month-to-month,No,Credit card,0,No,No,No,No,Yes,Yes
CUST-00754,68,20.0,1399.61,Month-to-month,DSL,Bank transfer,0,No,No,No,Yes,No,No
CUST-00755,40,93.45,3512.13,Month-to-month,Fiber optic,Mailed check,0,No,Yes,No,Yes,Yes,No
CUST-00756,32,69.78,2200.75,Month-to-month,Fiber optic,Bank transfer,0,Yes,No,No,No,Yes,No
CUST-00757,54,20.0,993.82,Two year,DSL,Credit card,0,Yes,No,No,No,Yes,No
CUST-00758,28,81.15,2283.1,One year,No,Electronic check,0,No,No,No,No,No,No
CUST-00759,10,98.77,1053.81,Month-to-month,DSL,Electronic check,0,Yes,No,No,No,No,Yes
CUST-00760,53,79.1,4170.45,Month-to-month,Fiber optic,Credit card,0,Yes,No,No,No,Yes,No
CUST-00761,13,84.62,971.46,One year,Fiber optic,Mailed check,1,Yes,Yes,No,Yes,Yes,No
CUST-00762,40,59.71,2519.92,Month-to-month,Fiber optic,Credit card,1,No,Yes,No,No,Yes,No
CUST-00763,69,23.47,1540.14,Month-to-month,DSL,Credit card,0,No,No,Yes,Yes,Yes,No
CUST-00764,68,87.3,5883.42,One year,Fiber optic,Credit card,0,Yes,No,No,Yes,No,No
CUST-00765,26,113.74,2766.82,Month-to-month,No,Credit card,0,No,No,No,No,No,Yes
CUST-00766,57,98.24,5652.8,Month-to-month,Fiber optic,Credit card,0,Yes,No,Yes,No,No,No
CUST-00767,45,20.3,915.19,Month-to-month,Fiber optic,Bank transfer,0,Yes,Yes,No,No,Yes,Yes
CUST-00768,35,32.13,1173.6,Month-to-month,Fiber optic,Electronic check,0,Yes,Yes,No,No,Yes,No
CUST-00769,11,48.85,456.55,One year,Fiber optic,Electronic check,0,Yes,Yes,No,No,Yes,No
CUST-00770,28,30.18,909.89,One year,Fiber optic,Credit card,0,No,No,No,No,Yes,No
CUST-00771,47,71.1,3483.49,Two year,DSL,Mailed check,0,Yes,No,No,Yes,No,No
CUST-00772,72,79.84,5519.26,Month-to-month,Fiber optic,Credit card,0,No,No,Yes,Yes,Yes,No
CUST-00773,1,34.24,78.68,One year,DSL,Credit card,0,No,No,Yes,No,No,No
CUST-00774,52,89.43,4503.92,Two year,DSL,Bank transfer,0,Yes,No,No,No,No,No
CUST-00775,61,85.03,5231.82,One year,Fiber optic,Electronic check,0,No,No,Yes,No,Yes,No
CUST-00776,69,56.3,3991.52,Two year,DSL,Electronic check,0,Yes,No,Yes,No,Yes,No
CUST-00777,31,65.69,1932.82,Two year,Fiber optic,Bank transfer,0,Yes,Yes,No,No,No,No
CUST-00778,9,21.25,110.24,Two year,Fiber optic,Mailed check,1,Yes,Yes,Yes,Yes,Yes,No
CUST-00779,20,61.69,1247.49,Two year,DSL,Mailed check,0,No,No,No,No,Yes,No
CUST-00780,62,70.18,4349.9,One year,DSL,Electronic check,0,Yes,No,No,No,Yes,No
CUST-00781,64,74.22,4613.21,Month-to-month,DSL,Mailed check,0,Yes,No,No,Yes,Yes,No
CUST-00782,46,79.47,3598.88,Two year,Fiber optic,Electronic check,0,Yes,Yes,No,No,Yes,No
CUST-00783,9,76.11,607.81,Two year,DSL,Electronic check,1,No,No,No,No,Yes,Yes
CUST-00784,9,63.39,547.67,Month-to-month,Fiber optic,Credit card,1,No,No,No,No,Yes,Yes
CUST-00785,35,77.15,2875.87,Month-to-month,Fiber optic,Credit card,0,No,Yes,Yes,No,Yes,No
CUST-00786,43,95.05,4102.91,Month-to-month,Fiber optic,Credit card,0,No,No,No,Yes,No,Yes
CUST-00787,3,67.61,95.34,Two year,DSL,Credit card,0,Yes,No,Yes,No,No,No
CUST-00788,50,77.94,3924.18,Month-to-month,DSL,Credit card,0,Yes,No,No,Yes,No,No
CUST-00789,40,65.35,2588.09,Month-to-month,DSL,Mailed check,1,Yes,No,No,Yes,No,No
CUST-00790,1,53.83,197.66,Month-to-month,DSL,Mailed check,0,Yes,No,No,Yes,Yes,No
CUST-00791,7,83.07,536.91,Month-to-month,No,Bank transfer,0,No,Yes,No,No,No,Yes
CUST-00792,33,56.12,1821.62,Two year,DSL,Bank transfer,0,No,No,Yes,No,No,No
CUST-00793,53,79.65,4332.86,Month-to-month,DSL,Mailed check,0,Yes,Yes,Yes,Yes,Yes,No
CUST-00794,60,70.71,4157.62,Month-to-month,Fiber optic,Mailed check,1,No,No,No,Yes,Yes,No
CUST-00795,32,62.4,1877.69,Month-to-month,No,Electronic check,0,No,No,Yes,No,Yes,No
CUST-00796,22,61.8,1386.67,One year,Fiber optic,Mailed check,0,No,No,No,No,Yes,Yes
CUST-00797,70,57.3,4027.73,One year,Fiber optic,Credit card,0,Yes,No,No,Yes,Yes,No
CUST-00798,34,28.85,848.16,Month-to-month,DSL,Mailed check,0,No,Yes,Yes,Yes,No,No
CUST-00799,23,79.57,1631.17,Month-to-month,Fiber optic,Bank transfer,0,No,Yes,Yes,No,No,Yes
CUST-00800,32,75.79,2457.35,Two year,Fiber optic,Credit card,0,Yes,No,No,Yes,Yes,No
CUST-00801,1,91.24,122.73,One year,Fiber optic,Credit card,0,Yes,Yes,No,No,No,No
CUST-00802,22,56.71,1301.82,One year,DSL,Credit card,0,No,Yes,No,No,Yes,No
CUST-00803,38,117.38,4561.37,Month-to-month,Fiber optic,Electronic check,0,No,No,Yes,No,Yes,No
CUST-00804,67,60.51,4063.94,Two year,Fiber optic,Credit card,1,No,No,No,No,Yes,No
CUST-00805,54,48.12,2583.15,One year,DSL,Electronic check,0,Yes,No,No,No,No,No
CUST-00806,57,45.16,2645.76,Month-to-month,Fiber optic,Electronic check,0,No,Yes,No,No,Yes,Yes
CUST-00807,40,26.65,1076.29,Two year,DSL,Mailed check,0,No,No,No,No,No,No
CUST-00808,8,108.32,716.92,Two year,Fiber optic,Mailed check,1,Yes,No,No,No,No,No
CUST-00809,29,104.28,3047.37,One year,DSL,Electronic check,0,No,No,No,No,Yes,Yes
CUST-00810,72,85.02,6186.48,One year,No,Bank transfer,0,No,Yes,No,No,No,No
CUST-00811,4,47.6,99.33,Month-to-month,Fiber optic,Credit card,0,Yes,No,No,No,Yes,Yes
CUST-00812,64,115.28,7549.22,Month-to-month,Fiber optic,Bank transfer,0,Yes,No,No,No,Yes,No
CUST-00813,50,61.21,3028.68,Month-to-month,Fiber optic,Credit card,0,No,No,Yes,No,Yes,Yes
CUST-00814,21,63.27,1436.14,One year,Fiber optic,Credit card,0,Yes,No,Yes,Yes,Yes,No
CUST-00815,57,105.93,5939.82,Month-to-month,DSL,Credit card,0,Yes,No,Yes,No,Yes,No
CUST-00816,61,86.47,5357.47,Month-to-month,Fiber optic,Electronic check,0,No,No,No,No,Yes,No
CUST-00817,4,125.03,637.59,Two year,DSL,Bank transfer,1,Yes,No,No,No,No,No
CUST-00818,8,76.22,529.7,Month-to-month,DSL,Electronic check,0,Yes,No,No,No,Yes,Yes
CUST-00819,48,60.07,2912.67,Two year,Fiber optic,Credit card,0,No,No,No,Yes,No,No
CUST-00820,72,54.7,3915.01,Month-to-month,DSL,Credit card,1,No,No,No,No,Yes,Yes
CUST-00821,2,23.83,0.0,Month-to-month,Fiber optic,Electronic check,0,Yes,No,Yes,Yes,Yes,Yes
CUST-00822,48,63.04,3036.93,Month-to-month,No,Bank transfer,0,Yes,No,Yes,Yes,Yes,No
CUST-00823,10,98.61,953.79,Month-to-month,Fiber optic,Electronic check,0,Yes,No,Yes,No,Yes,Yes
CUST-00824,47,84.97,3967.31,Month-to-month,DSL,Bank transfer,0,No,Yes,No,Yes,No,No
CUST-00825,45,70.51,3056.01,Month-to-month,Fiber optic,Mailed check,0,Yes,No,No,Yes,Yes,No
CUST-00826,7,45.13,401.5,One year,Fiber optic,Credit card,0,Yes,No,Yes,Yes,Yes,No
CUST-00827,50,75.67,3741.64,Month-to-month,Fiber optic,Mailed check,0,No,Yes,No,No,Yes,Yes
CUST-00828,65,95.32,6166.23,Month-to-month,DSL,Bank transfer,0,No,Yes,No,No,Yes,No
CUST-00829,63,80.77,4983.86,Month-to-month,DSL,Bank transfer,0,No,No,No,No,No,No
CUST-00830,3,74.17,330.39,Month-to-month,Fiber optic,Bank transfer,0,No,No,No,Yes,Yes,Yes
CUST-00831,18,50.08,770.35,Month-to-month,DSL,Credit card,0,No,No,No,No,No,No
CUST-00832,18,91.68,1489.74,Month-to-month,DSL,Electronic check,0,Yes,No,Yes,Yes,Yes,Yes
CUST-00833,33,20.0,674.0,One year,Fiber optic,Electronic check,1,Yes,No,Yes,No,No,No
CUST-00834,11,79.57,825.64,One year,Fiber optic,Bank transfer,0,Yes,Yes,No,No,No,No
CUST-00835,62,130.0,8122.72,Two year,DSL,Electronic check,0,Yes,Yes,No,No,No,No
CUST-00836,56,32.29,1963.37,One year,No,Mailed check,0,No,No,No,No,No,No
CUST-00837,59,63.97,3902.37,Month-to-month,DSL,Bank transfer,0,No,No,No,No,Yes,No
CUST-00838,15,69.8,1142.73,Month-to-month,DSL,Bank transfer,0,Yes,No,No,No,No,Yes
CUST-00839,2,58.44,25.66,Month-to-month,DSL,Electronic check,1,Yes,No,No,Yes,Yes,Yes
CUST-00840,66,95.91,6434.59,One year,DSL,Bank transfer,0,No,Yes,Yes,No,Yes,No
CUST-00841,21,81.81,1672.61,Month-to-month,Fiber optic,Credit card,0,Yes,No,No,Yes,Yes,Yes
CUST-00842,48,73.81,3428.7,Month-to-month,DSL,Electronic check,0,No,Yes,No,No,Yes,Yes
CUST-00843,66,89.93,5989.8,Two year,No,Mailed check,0,No,No,No,No,Yes,No
CUST-00844,3,70.42,168.06,Month-to-month,No,Mailed check,0,No,No,Yes,Yes,No,Yes
CUST-00845,1,130.0,114.24,Month-to-month,DSL,Mailed check,0,Yes,No,No,Yes,No,Yes
CUST-00846,1,73.78,141.24,Two year,Fiber optic,Mailed check,0,No,No,No,Yes,No,No
CUST-00847,12,74.88,976.48,Month-to-month,Fiber optic,Electronic check,0,No,No,Yes,No,No,Yes
CUST-00848,4,27.24,78.36,Month-to-month,Fiber optic,Bank transfer,0,No,No,No,No,Yes,Yes
CUST-00849,60,56.41,3398.46,Month-to-month,DSL,Electronic check,0,Yes,Yes,No,No,Yes,No
CUST-00850,44,98.68,4434.38,Month-to-month,Fiber optic,Electronic check,0,No,No,No,Yes,No,Yes
CUST-00851,71,36.61,2527.18,Two year,DSL,Bank transfer,0,No,No,No,No,Yes,No
CUST-00852,58,20.0,1001.37,One year,DSL,Credit card,0,Yes,No,No,No,Yes,No
CUST-00853,70,70.81,4907.46,Month-to-month,No,Bank transfer,1,Yes,Yes,No,No,Yes,No
CUST-00854,18,104.27,1844.28,Month-to-month,DSL,Mailed check,0,Yes,Yes,Yes,Yes,Yes,Yes
CUST-00855,21,71.06,1479.08,Month-to-month,Fiber optic,Mailed check,0,No,No,Yes,No,Yes,No
CUST-00856,62,61.6,4045.27,One year,DSL,Mailed check,0,Yes,Yes,No,No,Yes,No
CUST-00857,18,23.54,350.99,Month-to-month,No,Electronic check,0,Yes,No,Yes,No,Yes,Yes
CUST-00858,5,81.31,389.98,Month-to-month,Fiber optic,Bank transfer,0,No,Yes,No,No,Yes,Yes
CUST-00859,49,86.53,4153.8,One year,DSL,Electronic check,0,Yes,Yes,Yes,No,Yes,No
CUST-00860,58,25.46,1500.05,Two year,Fiber optic,Bank transfer,0,No,No,No,Yes,Yes,No
CUST-00861,70,98.36,6937.67,Two year,DSL,Mailed check,0,Yes,No,Yes,No,Yes,No
CUST-00862,67,89.14,6047.24,Two year,DSL,Mailed check,0,No,No,No,No,Yes,No
CUST-00863,9,98.31,909.97,Month-to-month,Fiber optic,Mailed check,0,Yes,Yes,Yes,Yes,No,No
CUST-00864,56,84.59,4746.37,One year,No,Electronic check,0,Yes,Yes,Yes,Yes,No,No
CUST-00865,61,86.34,5024.38,Two year,Fiber optic,Electronic check,0,No,No,Yes,No,Yes,No
CUST-00866,51,83.02,4305.52,Month-to-month,DSL,Electronic check,0,No,Yes,No,No,Yes,No
CUST-00867,60,91.71,5640.26,Month-to-month,DSL,Credit card,0,Yes,Yes,Yes,Yes,Yes,No
CUST-00868,61,24.53,1418.14,Month-to-month,Fiber optic,Electronic check,0,Yes,No,No,No,Yes,No
CUST-00869,33,32.47,984.99,Two year,DSL,Electronic check,0,Yes,Yes,No,No,Yes,No
CUST-00870,3,51.6,45.33,Two year,Fiber optic,Electronic check,0,Yes,No,No,No,No,No
CUST-00871,33,66.75,2264.8,Two year,Fiber optic,Mailed check,0,Yes,No,Yes,No,No,No
CUST-00872,15,79.7,1082.65,Month-to-month,No,Bank transfer,0,No,Yes,No,No,Yes,No
CUST-00873,9,78.12,690.53,Two year,Fiber optic,Mailed check,0,Yes,No,Yes,No,Yes,No
CUST-00874,9,97.93,732.7,Month-to-month,No,Bank transfer,0,Yes,No,No,Yes,Yes,Yes
CUST-00875,51,98.71,5075.88,Month-to-month,Fiber optic,Bank transfer,1,No,No,No,No,No,Yes
CUST-00876,37,48.19,1739.63,One year,Fiber optic,Electronic check,0,No,No,No,Yes,Yes,Yes
CUST-00877,39,75.96,2983.95,One year,DSL,Electronic check,0,Yes,No,Yes,No,No,No
CUST-00878,54,48.8,2549.88,Two year,Fiber optic,Bank transfer,0,No,Yes,No,No,No,No
CUST-00879,40,65.29,2540.48,Month-to-month,DSL,Credit card,0,No,No,No,No,Yes,No
CUST-00880,46,78.04,3532.76,Month-to-month,DSL,Electronic check,0,No,No,No,No,Yes,No
CUST-00881,7,20.0,54.96,Month-to-month,Fiber optic,Credit card,0,Yes,No,Yes,Yes,Yes,Yes
CUST-00882,62,130.0,7970.01,Month-to-month,DSL,Credit card,0,No,No,Yes,No,Yes,No
CUST-00883,33,84.16,2649.32,Two year,No,Credit card,0,No,Yes,No,No,No,No
CUST-00884,12,55.11,708.46,Month-to-month,Fiber optic,Bank transfer,1,No,Yes,No,No,No,Yes
CUST-00885,59,118.18,7002.93,Month-to-month,Fiber optic,Mailed check,0,No,No,Yes,Yes,Yes,Yes
CUST-00886,53,61.31,3207.43,Month-to-month,Fiber optic,Bank transfer,1,Yes,Yes,No,No,Yes,Yes
CUST-00887,4,73.31,368.71,One year,DSL,Electronic check,1,No,Yes,Yes,No,No,Yes
CUST-00888,14,57.82,957.28,Two year,DSL,Mailed check,0,Yes,Yes,No,No,No,No
CUST-00889,2,111.3,151.78,Month-to-month,DSL,Mailed check,0,No,No,No,Yes,Yes,Yes
CUST-00890,20,67.38,1368.49,Month-to-month,Fiber optic,Bank transfer,0,Yes,No,No,No,No,Yes
CUST-00891,8,73.74,610.97,Two year,Fiber optic,Mailed check,1,No,No,No,Yes,No,No
CUST-00892,52,100.09,5140.79,One year,DSL,Mailed check,0,No,No,Yes,Yes,Yes,No
CUST-00893,38,84.63,3085.76,Month-to-month,DSL,Bank transfer,0,No,No,No,No,No,No
CUST-00894,71,68.64,5118.5,Month-to-month,DSL,Credit card,0,No,No,No,Yes,No,No
CUST-00895,54,97.76,5313.36,Two year,Fiber optic,Credit card,0,Yes,No,No,Yes,Yes,No
CUST-00896,45,130.0,5853.06,One year,DSL,Electronic check,0,No,Yes,Yes,No,Yes,Yes
CUST-00897,37,77.94,2916.24,Month-to-month,Fiber optic,Bank transfer,0,Yes,No,No,No,Yes,No
CUST-00898,4,72.92,534.21,Month-to-month,DSL,Mailed check,0,Yes,No,No,Yes,Yes,Yes
CUST-00899,6,74.27,423.84,Month-to-month,DSL,Bank transfer,0,No,No,No,Yes,No,No
CUST-00900,45,102.76,4629.09,Month-to-month,Fiber optic,Credit card,0,No,No,No,No,No,Yes
CUST-00901,1,55.02,60.99,Month-to-month,No,Mailed check,0,No,Yes,Yes,No,No,Yes
CUST-00902,4,63.04,361.26,Month-to-month,DSL,Bank transfer,0,Yes,No,Yes,No,Yes,Yes
CUST-00903,16,31.56,532.04,Month-to-month,DSL,Credit card,0,No,No,No,Yes,No,Yes
CUST-00904,64,40.4,2430.62,Month-to-month,DSL,Bank transfer,0,No,No,No,Yes,Yes,No
CUST-00905,34,57.05,1763.35,Month-to-month,Fiber optic,Bank transfer,0,Yes,No,No,Yes,Yes,No
CUST-00906,52,68.6,3670.76,Month-to-month,Fiber optic,Credit card,0,Yes,No,No,No,Yes,Yes
CUST-00907,30,114.23,3451.57,Two year,Fiber optic,Electronic check,0,Yes,No,No,Yes,No,No
CUST-00908,13,83.4,1050.92,Month-to-month,Fiber optic,Mailed check,0,Yes,No,Yes,No,No,Yes
CUST-00909,27,47.2,1195.16,Two year,No,Mailed check,0,No,No,No,Yes,No,No
CUST-00910,7,51.8,537.3,Two year,DSL,Electronic check,0,Yes,No,Yes,Yes,Yes,No
CUST-00911,56,104.37,5867.72,Two year,DSL,Mailed check,0,No,No,No,No,No,No
CUST-00912,14,98.17,1426.44,Month-to-month,Fiber optic,Credit card,0,No,No,No,No,No,No
CUST-00913,28,70.7,2061.37,Month-to-month,Fiber optic,Credit card,0,Yes,No,No,No,No,No
CUST-00914,71,58.94,4227.41,One year,DSL,Electronic check,0,No,No,No,No,No,No
CUST-00915,43,98.12,4174.77,Month-to-month,No,Credit card,1,No,No,Yes,No,Yes,Yes
CUST-00916,34,45.17,1515.56,Month-to-month,Fiber optic,Credit card,0,No,No,No,Yes,No,No
CUST-00917,40,79.8,3256.68,Month-to-month,No,Credit card,0,No,No,No,No,No,No
CUST-00918,57,126.82,7317.29,One year,No,Electronic check,0,Yes,No,No,No,No,Yes
CUST-00919,19,75.13,1533.3,Two year,Fiber optic,Credit card,0,No,No,No,No,No,No
CUST-00920,46,50.61,2248.31,Month-to-month,No,Electronic check,0,Yes,No,No,Yes,Yes,Yes
CUST-00921,63,80.26,5074.6,Two year,Fiber optic,Electronic check,0,No,No,No,Yes,Yes,No
CUST-00922,42,58.25,2365.9,One year,Fiber optic,Mailed check,0,No,No,No,No,No,Yes
CUST-00923,33,35.15,1147.82,Month-to-month,Fiber optic,Credit card,0,No,Yes,Yes,No,No,Yes
CUST-00924,11,87.53,937.24,Month-to-month,No,Credit card,0,Yes,Yes,No,No,Yes,Yes
CUST-00925,18,97.95,1762.19,Month-to-month,Fiber optic,Bank transfer,0,Yes,No,No,No,No,Yes
CUST-00926,69,62.23,4386.0,Two year,Fiber optic,Electronic check,0,Yes,No,No,No,Yes,No
CUST-00927,39,60.57,2277.15,One year,DSL,Credit card,0,Yes,No,No,Yes,Yes,No
CUST-00928,22,45.96,1207.32,One year,Fiber optic,Mailed check,0,Yes,No,Yes,No,Yes,Yes
CUST-00929,31,66.25,2178.71,One year,Fiber optic,Bank transfer,0,Yes,No,No,No,No,Yes
CUST-00930,42,55.94,2188.18,Month-to-month,Fiber optic,Mailed check,0,No,No,Yes,Yes,No,Yes
CUST-00931,39,44.72,1775.02,Two year,Fiber optic,Bank transfer,0,No,Yes,No,Yes,Yes,No
CUST-00932,51,117.3,5866.0,Two year,Fiber optic,Electronic check,0,No,No,No,Yes,No,No
CUST-00933,19,81.66,1586.18,One year,DSL,Credit card,0,No,No,No,Yes,Yes,No
CUST-00934,47,84.31,3818.92,Month-to-month,Fiber optic,Electronic check,0,No,No,Yes,Yes,No,Yes
CUST-00935,32,92.08,3061.48,Month-to-month,DSL,Credit card,1,No,No,Yes,No,No,Yes
CUST-00936,68,89.28,6190.12,Month-to-month,DSL,Credit card,0,No,No,Yes,No,No,Yes
CUST-00937,12,59.67,667.84,Month-to-month,DSL,Electronic check,0,No,Yes,No,No,Yes,Yes
CUST-00938,11,76.81,861.04,One year,Fiber optic,Bank transfer,0,Yes,No,No,No,Yes,No
CUST-00939,34,63.27,2022.53,One year,DSL,Mailed check,0,No,No,No,No,Yes,Yes
CUST-00940,37,80.96,2938.57,Two year,DSL,Mailed check,1,No,No,No,Yes,Yes,No
CUST-00941,50,78.54,3909.24,Month-to-month,No,Mailed check,0,Yes,Yes,Yes,Yes,Yes,No
CUST-00942,30,60.43,1654.21,Month-to-month,Fiber optic,Electronic check,0,Yes,No,No,Yes,No,Yes
CUST-00943,66,36.77,2587.89,Month-to-month,No,Credit card,0,No,No,No,Yes,Yes,Yes
CUST-00944,35,73.66,2589.48,Two year,Fiber optic,Electronic check,0,No,No,No,No,No,No
CUST-00945,10,64.89,771.24,One year,DSL,Mailed check,0,No,No,No,No,Yes,Yes
CUST-00946,9,22.74,184.29,Month-to-month,Fiber optic,Mailed check,0,Yes,No,No,No,Yes,Yes
CUST-00947,71,82.69,5798.92,One year,Fiber optic,Mailed check,0,Yes,No,No,No,Yes,No
CUST-00948,10,94.13,948.93,One year,No,Mailed check,0,Yes,Yes,Yes,No,No,No
CUST-00949,69,130.0,9062.8,Month-to-month,DSL,Bank transfer,0,No,Yes,No,No,Yes,No
CUST-00950,21,60.22,1194.63,Month-to-month,Fiber optic,Credit card,0,Yes,No,No,No,Yes,No
CUST-00951,7,56.53,419.0,Month-to-month,Fiber optic,Bank transfer,0,Yes,No,No,Yes,No,Yes
CUST-00952,22,42.26,868.4,Month-to-month,Fiber optic,Electronic check,0,No,No,Yes,Yes,Yes,Yes
CUST-00953,45,75.22,3168.74,One year,DSL,Credit card,0,No,No,No,Yes,Yes,No
CUST-00954,31,75.06,2288.23,Month-to-month,Fiber optic,Mailed check,0,No,No,No,No,Yes,No
CUST-00955,57,49.72,2844.28,One year,DSL,Mailed check,0,Yes,No,No,Yes,Yes,No
CUST-00956,44,65.63,2885.28,One year,Fiber optic,Bank transfer,0,Yes,No,No,Yes,Yes,No
CUST-00957,29,20.53,564.38,Month-to-month,DSL,Credit card,0,Yes,No,No,No,No,No
CUST-00958,46,93.16,4292.03,Two year,Fiber optic,Mailed check,0,No,No,No,No,No,No
CUST-00959,70,50.73,3484.08,Month-to-month,Fiber optic,Electronic check,1,Yes,Yes,Yes,Yes,Yes,No
CUST-00960,30,69.13,2120.95,One year,Fiber optic,Credit card,0,No,No,No,Yes,No,No
CUST-00961,12,34.33,364.57,Month-to-month,Fiber optic,Mailed check,0,Yes,Yes,No,No,Yes,Yes
CUST-00962,30,55.44,1742.27,One year,Fiber optic,Bank transfer,0,Yes,No,Yes,Yes,No,Yes
CUST-00963,61,63.01,3701.99,Month-to-month,DSL,Mailed check,0,Yes,No,Yes,Yes,No,No
CUST-00964,16,69.72,1121.06,Month-to-month,Fiber optic,Electronic check,0,No,Yes,No,No,No,Yes
CUST-00965,69,81.99,5703.43,Month-to-month,Fiber optic,Mailed check,0,No,No,No,No,Yes,No
CUST-00966,43,105.98,4678.6,One year,Fiber optic,Credit card,0,No,No,No,No,Yes,No
CUST-00967,44,88.32,3829.28,One year,DSL,Credit card,0,Yes,No,Yes,No,Yes,No
CUST-00968,23,94.05,2276.89,One year,Fiber optic,Mailed check,0,Yes,No,No,No,Yes,Yes
CUST-00969,67,106.15,7152.41,Month-to-month,Fiber optic,Bank transfer,0,Yes,No,Yes,No,Yes,Yes
CUST-00970,3,84.24,421.94,One year,No,Electronic check,0,No,No,Yes,No,Yes,Yes
CUST-00971,22,69.08,1369.13,One year,No,Electronic check,0,Yes,No,Yes,No,No,No
CUST-00972,31,95.23,2971.92,Month-to-month,Fiber optic,Bank transfer,0,Yes,Yes,No,No,No,Yes
CUST-00973,35,96.83,3381.38,Month-to-month,DSL,Electronic check,0,No,No,No,No,Yes,Yes
CUST-00974,35,86.21,3029.85,Month-to-month,Fiber optic,Bank transfer,0,No,Yes,Yes,No,No,Yes
CUST-00975,11,33.63,453.17,Two year,DSL,Credit card,0,Yes,Yes,Yes,No,Yes,No
CUST-00976,17,48.96,967.76,Month-to-month,Fiber optic,Electronic check,0,Yes,No,Yes,No,Yes,Yes
CUST-00977,7,63.13,470.78,Month-to-month,DSL,Bank transfer,0,Yes,No,No,Yes,Yes,No
CUST-00978,42,89.49,3593.98,Two year,No,Mailed check,0,No,Yes,Yes,No,Yes,No
CUST-00979,26,69.47,1764.2,Two year,DSL,Bank transfer,1,No,No,No,Yes,Yes,No
CUST-00980,41,98.42,4346.81,Month-to-month,DSL,Credit card,0,Yes,Yes,No,Yes,Yes,No
CUST-00981,43,102.88,4324.36,Two year,Fiber optic,Electronic check,0,Yes,No,No,No,Yes,No
CUST-00982,51,99.98,5112.83,Month-to-month,DSL,Bank transfer,0,Yes,No,Yes,No,Yes,No
CUST-00983,40,100.14,4074.25,Two year,DSL,Electronic check,0,Yes,No,No,No,No,No
CUST-00984,47,44.08,2167.12,Month-to-month,Fiber optic,Bank transfer,1,No,Yes,No,No,Yes,No
CUST-00985,43,82.07,3464.32,Month-to-month,No,Mailed check,0,Yes,Yes,No,No,Yes,Yes
CUST-00986,47,54.81,2716.36,Two year,DSL,Bank transfer,0,No,No,Yes,Yes,No,No
CUST-00987,45,28.77,1412.77,Month-to-month,Fiber optic,Credit card,0,Yes,Yes,Yes,No,Yes,No
CUST-00988,23,62.81,1484.36,Two year,DSL,Bank transfer,0,No,Yes,Yes,Yes,Yes,No
CUST-00989,18,103.12,1760.37,Month-to-month,Fiber optic,Mailed check,0,No,No,No,Yes,No,Yes
CUST-00990,57,81.52,4586.24,Month-to-month,DSL,Bank transfer,0,No,No,No,Yes,No,No
CUST-00991,25,120.45,2940.39,Two year,Fiber optic,Bank transfer,0,No,No,No,No,Yes,No
CUST-00992,40,74.43,2948.39,Month-to-month,Fiber optic,Electronic check,0,No,Yes,No,No,No,Yes
CUST-00993,15,130.0,2083.02,Two year,No,Bank transfer,1,No,No,No,No,No,No
CUST-00994,32,74.44,2406.58,Two year,Fiber optic,Mailed check,0,No,No,No,Yes,Yes,Yes
CUST-00995,39,70.56,2809.28,Month-to-month,Fiber optic,Electronic check,1,No,No,No,No,Yes,Yes
CUST-00996,46,38.02,1759.64,Month-to-month,Fiber optic,Bank transfer,0,Yes,No,Yes,Yes,No,No
CUST-00997,38,97.76,3862.67,Month-to-month,DSL,Bank transfer,1,No,Yes,No,No,No,No
CUST-00998,26,57.45,1332.46,Month-to-month,DSL,Bank transfer,0,No,No,No,No,Yes,Yes
CUST-00999,70,53.82,3385.27,Month-to-month,Fiber optic,Mailed check,0,No,No,No,No,No,Yes
CUST-01000,37,102.03,3765.23,Month-to-month,DSL,Bank transfer,0,No,No,No,No,Yes,Yes
CUST-01001,59,98.96,5830.97,Two year,DSL,Mailed check,0,No,No,No,No,No,No
CUST-01002,54,98.3,5297.91,Month-to-month,Fiber optic,Bank transfer,0,Yes,No,Yes,No,Yes,Yes
CUST-01003,41,60.95,2423.67,One year,DSL,Credit card,1,No,No,No,Yes,Yes,No
CUST-01004,64,68.73,4261.82,Month-to-month,DSL,Bank transfer,0,No,No,No,No,Yes,No
CUST-01005,10,68.5,668.22,Month-to-month,Fiber optic,Bank transfer,0,Yes,No,Yes,No,Yes,Yes
CUST-01006,67,89.56,5957.78,Month-to-month,Fiber optic,Mailed check,1,Yes,No,No,Yes,Yes,Yes
CUST-01007,62,108.84,6765.41,Month-to-month,DSL,Bank transfer,1,Yes,No,Yes,Yes,Yes,No
CUST-01008,37,79.2,2993.54,One year,Fiber optic,Credit card,0,No,No,No,Yes,Yes,No
CUST-01009,53,119.37,6437.94,Month-to-month,DSL,Credit card,0,No,No,Yes,Yes,No,Yes
CUST-01010,38,92.43,3588.77,Two year,No,Credit card,1,No,No,No,Yes,No,No
CUST-01011,20,64.13,1274.44,Two year,Fiber optic,Mailed check,0,Yes,Yes,No,Yes,No,No
CUST-01012,58,90.72,5301.44,Month-to-month,Fiber optic,Credit card,0,No,No,No,Yes,Yes,No
CUST-01013,18,112.65,1904.77,Two year,Fiber optic,Mailed check,0,Yes,No,No,No,Yes,Yes
CUST-01014,23,119.96,2669.64,Two year,Fiber optic,Credit card,0,No,No,No,No,Yes,No
CUST-01015,38,99.67,3952.91,Month-to-month,Fiber optic,Electronic check,0,No,No,Yes,No,Yes,Yes
CUST-01016,61,70.64,4408.08,Two year,Fiber optic,Credit card,1,No,No,No,Yes,Yes,No
CUST-01017,28,64.58,1656.77,Month-to-month,No,Electronic check,0,Yes,No,No,Yes,Yes,Yes
CUST-01018,36,84.4,2963.54,One year,No,Electronic check,0,No,No,No,No,No,No
CUST-01019,3,111.85,515.61,Month-to-month,Fiber optic,Bank transfer,0,No,No,No,No,Yes,Yes
CUST-01020,9,80.84,645.68,Two year,Fiber optic,Bank transfer,0,No,No,No,No,Yes,No
CUST-01021,5,81.36,217.19,Two year,DSL,Electronic check,0,No,No,No,No,No,No
CUST-01022,6,71.28,371.74,Two year,Fiber optic,Bank transfer,0,Yes,No,No,No,No,Yes
CUST-01023,63,61.8,3840.21,Two year,Fiber optic,Credit card,0,Yes,No,No,No,Yes,No
CUST-01024,61,65.95,4133.04,Month-to-month,DSL,Mailed check,0,No,No,No,No,Yes,No
CUST-01025,60,73.39,4485.76,One year,No,Bank transfer,0,No,Yes,No,Yes,Yes,No
CUST-01026,5,112.95,514.66,Month-to-month,Fiber optic,Credit card,0,Yes,Yes,No,No,No,No
CUST-01027,6,64.01,376.15,Month-to-month,No,Electronic check,0,No,Yes,No,Yes,No,Yes
CUST-01028,21,71.32,1525.83,Month-to-month,Fiber optic,Mailed check,0,No,No,Yes,Yes,Yes,Yes
CUST-01029,41,48.37,2054.77,Two year,Fiber optic,Credit card,1,Yes,Yes,No,No,No,No
CUST-01030,25,87.92,2160.2,One year,Fiber optic,Electronic check,0,No,No,No,No,Yes,Yes
CUST-01031,36,104.17,3778.97,Month-to-month,DSL,Mailed check,0,No,No,No,Yes,No,No
CUST-01032,13,110.61,1580.78,Two year,No,Mailed check,1,No,Yes,No,No,No,No
CUST-01033,53,75.08,3964.78,Two year,DSL,Credit card,1,No,No,No,No,Yes,No
CUST-01034,23,84.36,1954.14,Month-to-month,Fiber optic,Electronic check,0,No,No,Yes,No,No,No
CUST-01035,5,66.16,391.74,Month-to-month,Fiber optic,Mailed check,0,Yes,Yes,No,No,No,Yes
CUST-01036,54,83.2,4435.72,One year,DSL,Mailed check,1,No,No,No,No,No,No
CUST-01037,66,77.85,5049.6,One year,DSL,Electronic check,0,No,No,No,No,Yes,No
CUST-01038,2,71.46,182.33,Month-to-month,Fiber optic,Electronic check,0,Yes,Yes,Yes,No,Yes,Yes
CUST-01039,32,73.44,2408.39,Month-to-month,DSL,Mailed check,0,Yes,No,No,No,Yes,Yes
CUST-01040,60,81.3,4869.72,Month-to-month,No,Electronic check,0,Yes,No,No,No,Yes,No
CUST-01041,51,62.65,3131.3,Month-to-month,DSL,Credit card,0,No,No,Yes,Yes,Yes,No
CUST-01042,62,63.94,3917.57,Month-to-month,Fiber optic,Mailed check,0,Yes,No,No,No,Yes,No
CUST-01043,30,112.68,3406.56,Month-to-month,DSL,Electronic check,0,Yes,No,No,No,No,Yes
CUST-01044,27,130.0,3392.34,Month-to-month,DSL,Bank transfer,0,No,No,Yes,No,Yes,No
CUST-01045,52,39.89,2179.0,One year,DSL,Credit card,0,No,No,No,No,No,No
CUST-01046,12,38.51,618.66,Month-to-month,No,Bank transfer,0,No,Yes,Yes,Yes,No,Yes
CUST-01047,18,46.07,679.2,Month-to-month,Fiber optic,Bank transfer,0,No,No,No,No,Yes,Yes
CUST-01048,44,67.42,3021.97,Month-to-month,No,Electronic check,1,Yes,No,No,No,Yes,Yes
CUST-01049,49,92.39,4606.64,Two year,Fiber optic,Bank transfer,1,No,No,No,Yes,No,No
CUST-01050,9,84.78,850.33,Month-to-month,DSL,Credit card,0,No,No,No,Yes,No,Yes
CUST-01051,37,74.3,2583.91,Month-to-month,DSL,Mailed check,1,Yes,No,No,Yes,Yes,Yes
CUST-01052,27,83.22,2214.64,Month-to-month,Fiber optic,Electronic check,0,Yes,No,No,Yes,Yes,Yes
CUST-01053,37,52.7,1892.97,One year,DSL,Electronic check,0,No,Yes,No,No,No,No
CUST-01054,70,63.9,4448.42,Month-to-month,DSL,Bank transfer,1,No,No,Yes,Yes,Yes,No
CUST-01055,6,69.5,293.51,Month-to-month,Fiber optic,Bank transfer,1,No,No,Yes,No,Yes,Yes
CUST-01056,72,30.39,2360.96,Two year,DSL,Credit card,0,No,No,No,Yes,Yes,No
CUST-01057,33,40.97,1395.55,One year,Fiber optic,Mailed check,0,No,No,No,Yes,No,No
CUST-01058,56,41.96,2248.15,Month-to-month,Fiber optic,Credit card,0,Yes,No,Yes,Yes,Yes,Yes
CUST-01059,31,89.1,2707.05,Month-to-month,Fiber optic,Mailed check,0,No,No,Yes,No,No,No
CUST-01060,23,76.13,1891.24,Two year,Fiber optic,Bank transfer,0,Yes,No,Yes,No,Yes,No
CUST-01061,56,85.28,4765.45,Two year,Fiber optic,Bank transfer,0,Yes,No,No,No,No,Yes
CUST-01062,50,24.01,1328.33,One year,Fiber optic,Mailed check,0,No,No,No,No,Yes,No
CUST-01063,11,32.91,429.59,One year,DSL,Mailed check,0,Yes,Yes,No,No,Yes,No
CUST-01064,51,86.58,4279.85,Two year,DSL,Credit card,0,Yes,No,No,Yes,No,No
CUST-01065,55,20.0,1001.06,Two year,DSL,Bank transfer,1,Yes,No,No,No,Yes,No
CUST-01066,28,100.62,2699.91,Month-to-month,Fiber optic,Bank transfer,0,No,No,No,No,No,Yes
CUST-01067,67,24.42,1682.59,Two year,Fiber optic,Bank transfer,1,No,Yes,Yes,No,Yes,No
CUST-01068,47,91.08,4471.57,One year,Fiber optic,Credit card,0,No,No,No,No,Yes,Yes
CUST-01069,25,47.79,1211.95,One year,DSL,Credit card,0,Yes,No,No,Yes,No,Yes
CUST-01070,1,96.22,85.48,Month-to-month,DSL,Mailed check,0,Yes,No,No,No,Yes,Yes
CUST-01071,49,130.0,6423.69,Month-to-month,DSL,Mailed check,0,Yes,No,No,Yes,Yes,No
CUST-01072,16,20.0,312.45,Two year,No,Credit card,0,No,No,No,No,Yes,Yes
CUST-01073,55,87.38,4772.42,One year,DSL,Mailed check,0,No,No,No,Yes,No,No
CUST-01074,38,24.8,961.56,Month-to-month,Fiber optic,Credit card,0,Yes,No,No,No,Yes,Yes
CUST-01075,34,80.67,2818.69,One year,DSL,Credit card,1,No,No,No,No,Yes,No
CUST-01076,12,64.83,727.03,Month-to-month,Fiber optic,Bank transfer,0,Yes,No,No,No,Yes,No
CUST-01077,52,73.24,3708.81,Month-to-month,Fiber optic,Bank transfer,0,No,No,Yes,Yes,No,Yes
CUST-01078,12,47.21,661.25,One year,DSL,Credit card,0,No,Yes,No,No,Yes,No
CUST-01079,31,89.51,2553.02,One year,Fiber optic,Mailed check,0,No,No,No,Yes,Yes,No
CUST-01080,61,33.79,1928.91,Month-to-month,Fiber optic,Mailed check,0,No,No,Yes,No,No,No
CUST-01081,67,101.04,6770.65,Month-to-month,Fiber optic,Bank transfer,0,No,No,No,Yes,Yes,Yes
CUST-01082,72,59.77,4392.13,Month-to-month,No,Electronic check,1,Yes,No,No,Yes,Yes,No
CUST-01083,69,34.93,2430.57,One year,No,Bank transfer,0,Yes,No,No,No,Yes,No
CUST-01084,41,109.87,4447.49,Two year,Fiber optic,Bank transfer,0,No,No,No,No,No,No
CUST-01085,15,68.32,1105.48,One year,No,Bank transfer,0,No,No,No,Yes,No,No
CUST-01086,61,117.69,7100.6,One year,Fiber optic,Bank transfer,0,Yes,No,No,No,No,No
CUST-01087,58,100.53,5897.45,Month-to-month,Fiber optic,Electronic check,0,No,No,No,No,Yes,No
CUST-01088,72,50.05,3558.13,Month-to-month,Fiber optic,Mailed check,0,Yes,No,No,No,No,No
CUST-01089,47,67.88,3070.9,Two year,Fiber optic,Credit card,0,Yes,Yes,No,Yes,Yes,No
CUST-01090,11,73.03,874.4,Month-to-month,Fiber optic,Mailed check,0,Yes,No,No,No,No,Yes
CUST-01091,37,108.16,4159.63,Month-to-month,Fiber optic,Mailed check,1,No,No,Yes,No,Yes,Yes
CUST-01092,33,80.94,2630.91,Month-to-month,Fiber optic,Bank transfer,0,Yes,Yes,Yes,Yes,Yes,No
CUST-01093,61,74.41,4638.22,One year,No,Bank transfer,0,No,No,No,No,No,No
CUST-01094,29,65.0,1686.79,Month-to-month,DSL,Electronic check,0,Yes,No,No,No,Yes,No
CUST-01095,24,68.74,1512.69,Month-to-month,Fiber optic,Electronic check,1,Yes,No,No,No,No,Yes
CUST-01096,6,102.61,516.81,One year,Fiber optic,Credit card,0,No,No,No,No,Yes,No
CUST-01097,61,70.09,4257.87,Month-to-month,No,Bank transfer,0,Yes,No,No,No,Yes,No
CUST-01098,55,60.13,3353.14,Month-to-month,Fiber optic,Credit card,0,No,No,Yes,No,No,No
CUST-01099,3,55.89,43.58,Two year,DSL,Credit card,0,No,Yes,No,No,Yes,No
CUST-01100,32,56.16,1701.37,Two year,DSL,Electronic check,0,Yes,No,No,Yes,Yes,No
CUST-01101,35,34.95,1301.97,Month-to-month,DSL,Mailed check,0,No,Yes,Yes,Yes,No,Yes
CUST-01102,34,51.24,1654.58,Month-to-month,DSL,Credit card,0,Yes,Yes,No,No,No,No
CUST-01103,67,107.46,7334.93,Month-to-month,DSL,Mailed check,1,Yes,Yes,No,No,Yes,No
CUST-01104,11,64.84,636.97,Month-to-month,DSL,Electronic check,1,No,No,No,No,Yes,Yes
CUST-01105,23,87.61,2127.7,Two year,No,Electronic check,0,Yes,No,No,No,Yes,Yes
CUST-01106,14,20.0,357.86,One year,Fiber optic,Bank transfer,0,No,Yes,No,Yes,No,Yes
CUST-01107,18,84.21,1520.43,Month-to-month,Fiber optic,Mailed check,0,Yes,No,No,No,No,Yes
CUST-01108,66,65.97,4372.2,One year,Fiber optic,Credit card,0,No,No,No,No,Yes,No
CUST-01109,68,57.96,3950.86,Month-to-month,DSL,Credit card,0,Yes,Yes,Yes,No,No,No
CUST-01110,4,74.52,407.8,Month-to-month,Fiber optic,Electronic check,0,Yes,No,No,No,Yes,Yes
CUST-01111,46,57.6,2428.28,Two year,Fiber optic,Credit card,0,No,No,No,No,No,No
CUST-01112,17,20.0,302.72,Month-to-month,Fiber optic,Electronic check,0,No,No,Yes,No,Yes,Yes
CUST-01113,14,93.06,1318.36,Month-to-month,Fiber optic,Bank transfer,0,No,No,No,Yes,Yes,Yes
CUST-01114,22,76.08,1790.97,Two year,DSL,Credit card,0,No,Yes,No,No,Yes,No
CUST-01115,14,62.15,809.59,Month-to-month,Fiber optic,Mailed check,0,No,No,No,No,Yes,Yes
CUST-01116,36,45.85,1438.32,Month-to-month,Fiber optic,Electronic check,0,Yes,Yes,No,Yes,Yes,No
CUST-01117,72,33.25,2139.19,Month-to-month,DSL,Electronic check,0,No,Yes,No,No,Yes,No
CUST-01118,43,75.6,3254.56,Month-to-month,Fiber optic,Mailed check,0,Yes,Yes,Yes,No,Yes,No
CUST-01119,53,110.34,5713.1,Month-to-month,Fiber optic,Credit card,0,Yes,Yes,Yes,No,No,Yes
CUST-01120,36,75.08,2676.13,Month-to-month,DSL,Mailed check,1,Yes,No,Yes,No,No,Yes
CUST-01121,2,35.43,0.0,Month-to-month,DSL,Mailed check,0,No,No,No,Yes,Yes,Yes
CUST-01122,7,75.63,490.13,Month-to-month,Fiber optic,Electronic check,1,Yes,Yes,Yes,Yes,Yes,No
CUST-01123,20,68.67,1565.45,One year,DSL,Bank transfer,1,Yes,No,No,Yes,No,No
CUST-01124,18,91.6,1772.54,Two year,Fiber optic,Electronic check,0,No,No,Yes,Yes,Yes,No
CUST-01125,61,85.17,5190.33,One year,No,Bank transfer,1,Yes,No,No,Yes,No,No
CUST-01126,61,20.0,1189.07,One year,Fiber optic,Credit card,0,Yes,No,No,Yes,Yes,No
CUST-01127,62,83.63,5092.59,Two year,DSL,Credit card,0,Yes,Yes,Yes,No,No,No
CUST-01128,46,44.91,2118.54,Month-to-month,Fiber optic,Bank transfer,0,Yes,No,No,No,No,No
CUST-01129,41,34.46,1373.56,Month-to-month,Fiber optic,Bank transfer,0,No,No,No,No,Yes,Yes
CUST-01130,47,65.29,3199.9,Month-to-month,Fiber optic,Mailed check,0,No,No,No,No,Yes,Yes
CUST-01131,30,80.27,2416.42,Month-to-month,No,Bank transfer,0,Yes,No,No,Yes,Yes,No
CUST-01132,49,28.98,1432.45,Two year,Fiber optic,Bank transfer,1,Yes,No,No,No,No,No
CUST-01133,58,87.61,4910.98,Month-to-month,DSL,Electronic check,0,No,No,No,No,Yes,No
CUST-01134,55,89.08,4838.9,Two year,Fiber optic,Mailed check,1,Yes,No,No,No,No,No
CUST-01135,45,71.17,3386.0,Month-to-month,No,Credit card,0,Yes,No,Yes,Yes,No,No
CUST-01136,5,48.31,83.99,Month-to-month,Fiber optic,Mailed check,1,No,No,No,No,No,Yes
CUST-01137,53,45.52,2383.57,Month-to-month,No,Electronic check,0,No,No,No,Yes,Yes,No
CUST-01138,27,95.65,2555.97,Month-to-month,Fiber optic,Credit card,1,Yes,No,No,No,No,No
CUST-01139,54,32.22,1761.5,Month-to-month,No,Credit card,0,Yes,Yes,Yes,No,Yes,No
CUST-01140,39,96.61,3802.59,One year,Fiber optic,Credit card,0,No,No,Yes,Yes,No,No
CUST-01141,64,65.87,4156.91,Month-to-month,No,Mailed check,0,Yes,Yes,No,Yes,Yes,No
CUST-01142,25,67.6,1772.29,Two year,No,Bank transfer,0,Yes,No,No,No,Yes,No
CUST-01143,68,27.3,1789.19,Two year,Fiber optic,Credit card,0,No,No,No,Yes,No,No
CUST-01144,61,66.33,4098.93,Month-to-month,No,Bank transfer,0,Yes,Yes,No,No,Yes,No
CUST-01145,24,85.34,1887.91,Two year,Fiber optic,Credit card,1,No,Yes,No,No,No,No
CUST-01146,35,36.59,1198.34,Month-to-month,Fiber optic,Credit card,0,No,Yes,No,No,Yes,Yes
CUST-01147,39,82.47,3059.01,Month-to-month,Fiber optic,Credit card,1,Yes,No,No,No,No,No
CUST-01148,56,72.23,4065.9,Month-to-month,Fiber optic,Bank transfer,0,Yes,No,No,No,No,No
CUST-01149,50,53.91,2720.72,One year,Fiber optic,Mailed check,0,No,No,No,Yes,Yes,No
CUST-01150,62,91.37,5618.63,Month-to-month,Fiber optic,Mailed check,0,Yes,No,No,Yes,Yes,No
CUST-01151,27,20.0,560.79,One year,Fiber optic,Credit card,1,Yes,No,Yes,Yes,Yes,No
CUST-01152,37,78.67,2786.2,Two year,Fiber optic,Mailed check,0,No,No,No,No,Yes,No
CUST-01153,32,110.49,3653.22,Month-to-month,No,Electronic check,0,Yes,No,No,No,Yes,Yes
CUST-01154,66,106.0,7079.58,Two year,Fiber optic,Electronic check,1,No,No,No,Yes,Yes,No
CUST-01155,22,79.75,1654.49,One year,Fiber optic,Bank transfer,0,No,No,Yes,Yes,Yes,No
CUST-01156,43,62.46,2560.1,Month-to-month,No,Credit card,1,No,No,No,No,No,Yes
CUST-01157,9,54.1,431.95,Month-to-month,Fiber optic,Mailed check,0,Yes,No,Yes,No,No,No
CUST-01158,62,62.43,3887.6,Month-to-month,Fiber optic,Bank transfer,0,No,No,No,Yes,No,No
CUST-01159,28,83.6,2346.74,Month-to-month,Fiber optic,Mailed check,0,No,Yes,No,Yes,Yes,No
CUST-01160,25,49.82,1133.7,One year,Fiber optic,Mailed check,0,No,Yes,No,No,Yes,No
CUST-01161,42,88.94,3687.07,Month-to-month,Fiber optic,Mailed check,0,No,No,Yes,No,No,No
CUST-01162,36,123.33,4467.21,Month-to-month,DSL,Mailed check,0,No,Yes,No,Yes,Yes,No
CUST-01163,62,68.45,4198.08,One year,DSL,Credit card,0,Yes,No,No,No,Yes,No
CUST-01164,39,36.39,1423.88,One year,No,Credit card,0,Yes,Yes,No,No,Yes,No
CUST-01165,38,36.38,1476.13,Two year,No,Mailed check,0,No,No,No,Yes,No,No
CUST-01166,8,89.41,647.48,Month-to-month,Fiber optic,Mailed check,0,Yes,No,No,No,No,Yes
CUST-01167,2,68.51,221.53,One year,No,Electronic check,0,No,Yes,Yes,No,Yes,Yes
CUST-01168,29,91.92,2656.58,Month-to-month,Fiber optic,Credit card,0,Yes,No,No,No,Yes,Yes
CUST-01169,72,56.66,4062.28,One year,DSL,Bank transfer,0,Yes,Yes,No,No,Yes,No
CUST-01170,67,90.77,5941.62,Month-to-month,Fiber optic,Credit card,0,Yes,No,No,Yes,No,No
CUST-01171,46,66.04,3111.91,Month-to-month,DSL,Bank transfer,0,Yes,No,Yes,No,Yes,No
CUST-01172,46,51.69,2570.5,Two year,DSL,Credit card,1,No,No,Yes,No,Yes,No
CUST-01173,29,59.98,1632.6,One year,No,Electronic check,0,Yes,No,Yes,No,Yes,No
CUST-01174,13,40.07,425.11,One year,Fiber optic,Mailed check,0,No,No,No,Yes,No,Yes
CUST-01175,1,119.73,272.88,Month-to-month,DSL,Mailed check,0,Yes,No,No,No,Yes,Yes
CUST-01176,25,67.59,1752.76,One year,Fiber optic,Credit card,0,No,Yes,No,No,Yes,No
CUST-01177,23,86.11,1911.59,Month-to-month,Fiber optic,Electronic check,1,No,Yes,No,No,Yes,No
CUST-01178,14,56.58,959.63,Month-to-month,Fiber optic,Mailed check,0,Yes,Yes,No,No,No,No
CUST-01179,19,43.7,784.32,Month-to-month,DSL,Electronic check,0,No,No,Yes,No,No,No
CUST-01180,2,64.15,131.04,Month-to-month,Fiber optic,Credit card,0,Yes,Yes,No,Yes,Yes,No
CUST-01181,44,97.53,4325.04,Month-to-month,Fiber optic,Mailed check,1,No,No,No,No,No,No
CUST-01182,67,56.98,3893.83,One year,Fiber optic,Electronic check,0,Yes,Yes,No,No,Yes,No
CUST-01183,50,48.24,2455.94,Month-to-month,No,Electronic check,1,Yes,No,Yes,No,No,Yes
CUST-01184,33,73.89,2644.65,Two year,Fiber optic,Bank transfer,0,Yes,Yes,No,Yes,No,No
CUST-01185,31,82.48,2694.03,Two year,No,Mailed check,0,Yes,No,No,No,No,No
CUST-01186,23,111.07,2711.67,Month-to-month,No,Bank transfer,1,No,Yes,Yes,No,Yes,Yes
CUST-01187,11,78.84,801.1,One year,DSL,Electronic check,0,No,No,No,No,Yes,Yes
CUST-01188,44,86.1,3820.76,Month-to-month,DSL,Credit card,1,No,No,No,No,Yes,Yes
CUST-01189,41,87.98,3775.71,Two year,Fiber optic,Credit card,0,No,No,No,Yes,Yes,No
CUST-01190,1,41.17,1.48,Month-to-month,No,Electronic check,0,No,Yes,Yes,Yes,No,No
CUST-01191,30,45.92,1338.6,Month-to-month,DSL,Mailed check,1,No,No,No,No,No,Yes
CUST-01192,21,42.9,993.18,Month-to-month,DSL,Electronic check,0,No,No,Yes,Yes,Yes,Yes
CUST-01193,13,36.7,523.88,Two year,Fiber optic,Electronic check,0,No,No,Yes,No,Yes,Yes
CUST-01194,51,89.89,4582.33,Month-to-month,Fiber optic,Credit card,0,Yes,Yes,No,No,Yes,No
CUST-01195,38,77.25,2962.86,Two year,DSL,Electronic check,0,No,Yes,Yes,No,No,No
CUST-01196,46,71.99,3129.29,Month-to-month,Fiber optic,Mailed check,1,Yes,No,No,Yes,No,Yes
CUST-01197,52,20.0,1006.51,One year,DSL,Credit card,0,Yes,No,Yes,No,No,No
CUST-01198,71,121.39,8533.53,Month-to-month,No,Mailed check,0,Yes,No,No,Yes,Yes,No
CUST-01199,58,47.64,2923.7,Month-to-month,Fiber optic,Bank transfer,0,No,Yes,No,No,Yes,No
CUST-01200,45,121.3,5440.48,Month-to-month,Fiber optic,Electronic check,0,No,No,No,No,No,Yes
CUST-01201,64,33.77,2169.67,Month-to-month,No,Credit card,0,Yes,No,Yes,No,No,No
CUST-01202,35,49.69,1849.3,One year,Fiber optic,Credit card,0,No,No,No,Yes,Yes,No
CUST-01203,71,20.0,1575.22,One year,No,Credit card,0,No,No,No,No,Yes,No
CUST-01204,55,79.05,4374.6,Month-to-month,DSL,Bank transfer,1,No,No,No,No,No,No
CUST-01205,47,42.47,1910.87,Month-to-month,DSL,Credit card,0,Yes,No,No,No,No,No
CUST-01206,66,43.17,2794.68,Month-to-month,Fiber optic,Bank transfer,1,Yes,Yes,No,No,No,No
CUST-01207,38,35.69,1385.52,One year,DSL,Mailed check,0,No,Yes,No,No,No,No
CUST-01208,52,89.43,4682.87,One year,Fiber optic,Credit card,1,Yes,No,No,No,No,No
CUST-01209,21,87.79,1762.59,Two year,Fiber optic,Mailed check,0,Yes,No,No,Yes,Yes,No
CUST-01210,70,115.3,7864.96,Two year,DSL,Credit card,0,Yes,No,No,Yes,No,No
CUST-01211,45,52.86,2216.42,Month-to-month,Fiber optic,Credit card,0,No,No,Yes,No,No,No
CUST-01212,57,75.47,4183.21,Month-to-month,Fiber optic,Mailed check,1,Yes,Yes,No,No,Yes,No
CUST-01213,34,37.77,1262.13,Two year,Fiber optic,Electronic check,1,No,No,No,Yes,No,No
CUST-01214,63,61.62,3850.51,Month-to-month,DSL,Electronic check,0,No,No,No,No,Yes,Yes
CUST-01215,6,57.03,175.85,Month-to-month,No,Bank transfer,0,No,No,No,Yes,No,Yes
CUST-01216,9,81.61,710.08,Month-to-month,Fiber optic,Bank transfer,1,Yes,No,Yes,No,Yes,Yes
CUST-01217,37,95.43,3697.4,One year,No,Bank transfer,0,Yes,No,Yes,No,Yes,No
CUST-01218,53,94.78,5058.78,One year,Fiber optic,Bank transfer,0,No,No,No,No,Yes,Yes
CUST-01219,59,48.93,3087.03,Two year,Fiber optic,Electronic check,0,No,No,No,No,Yes,No
CUST-01220,32,94.96,3039.26,Month-to-month,DSL,Electronic check,0,Yes,No,Yes,Yes,Yes,No
CUST-01221,47,68.9,3235.62,Month-to-month,Fiber optic,Mailed check,0,Yes,No,Yes,No,No,No
CUST-01222,40,61.89,2503.68,Month-to-month,DSL,Credit card,0,No,Yes,No,No,Yes,No
CUST-01223,70,52.29,3842.18,One year,No,Bank transfer,0,No,Yes,No,No,No,No
CUST-01224,48,56.0,2845.35,Month-to-month,DSL,Mailed check,0,Yes,No,No,No,No,No
CUST-01225,31,113.56,3596.12,Two year,Fiber optic,Bank transfer,0,Yes,No,Yes,Yes,Yes,No
CUST-01226,70,77.69,5480.72,Month-to-month,Fiber optic,Mailed check,0,Yes,No,Yes,No,Yes,No
CUST-01227,8,74.37,509.13,One year,Fiber optic,Electronic check,0,Yes,No,No,No,Yes,No
CUST-01228,71,63.44,4370.35,Two year,Fiber optic,Bank transfer,0,Yes,No,Yes,No,Yes,No
CUST-01229,12,130.0,1515.31,Month-to-month,Fiber optic,Bank transfer,0,No,Yes,Yes,Yes,No,No
CUST-01230,21,102.63,2308.25,One year,Fiber optic,Credit card,1,Yes,Yes,No,Yes,Yes,Yes
CUST-01231,60,51.97,3297.03,Month-to-month,No,Mailed check,0,Yes,No,Yes,No,No,No
CUST-01232,53,63.16,3186.55,Two year,Fiber optic,Electronic check,0,No,No,No,No,Yes,No
CUST-01233,70,64.64,4660.03,Two year,Fiber optic,Credit card,0,Yes,No,No,No,No,No
CUST-01234,54,73.65,4159.63,One year,No,Mailed check,0,No,No,No,No,No,No
CUST-01235,46,52.47,2538.45,Month-to-month,DSL,Electronic check,0,No,Yes,Yes,No,No,No
CUST-01236,25,80.97,1978.94,Two year,DSL,Bank transfer,0,No,Yes,No,No,Yes,No
CUST-01237,1,106.3,188.43,Two year,DSL,Electronic check,0,Yes,No,No,Yes,Yes,No
CUST-01238,9,37.16,180.25,One year,Fiber optic,Credit card,0,Yes,No,No,No,Yes,Yes
CUST-01239,22,41.8,779.32,Two year,Fiber optic,Credit card,0,No,Yes,Yes,No,Yes,No
CUST-01240,3,57.92,423.89,Month-to-month,DSL,Mailed check,0,Yes,Yes,No,No,No,Yes
CUST-01241,37,59.08,2140.57,Month-to-month,DSL,Bank transfer,1,Yes,No,No,No,Yes,Yes
CUST-01242,56,119.96,6604.06,Month-to-month,DSL,Mailed check,0,No,No,No,Yes,Yes,No
CUST-01243,70,95.04,6617.6,Month-to-month,Fiber optic,Mailed check,0,Yes,Yes,Yes,No,Yes,Yes
CUST-01244,36,93.61,3556.68,Month-to-month,DSL,Credit card,1,No,No,No,Yes,No,Yes
CUST-01245,64,63.39,4173.68,One year,Fiber optic,Bank transfer,0,Yes,No,No,No,Yes,No
CUST-01246,71,62.84,4395.61,Month-to-month,No,Bank transfer,0,Yes,No,No,No,Yes,No
CUST-01247,62,33.71,2083.63,Month-to-month,Fiber optic,Credit card,0,No,Yes,No,No,Yes,No
CUST-01248,34,89.54,3094.79,One year,No,Electronic check,1,No,Yes,Yes,Yes,Yes,No
CUST-01249,24,82.28,2043.06,One year,No,Credit card,0,Yes,No,Yes,Yes,Yes,No
CUST-01250,71,102.15,7304.5,Two year,Fiber optic,Electronic check,0,Yes,No,No,Yes,Yes,No
CUST-01251,18,64.73,1071.49,Month-to-month,Fiber optic,Mailed check,0,Yes,No,Yes,Yes,Yes,No
CUST-01252,30,66.46,1971.92,Two year,Fiber optic,Bank transfer,0,No,No,No,Yes,No,No
CUST-01253,6,74.25,336.2,Month-to-month,Fiber optic,Electronic check,0,No,Yes,No,No,No,No
CUST-01254,58,92.3,5450.21,Month-to-month,Fiber optic,Mailed check,0,Yes,No,No,Yes,Yes,Yes
CUST-01255,47,33.24,1554.49,One year,DSL,Mailed check,1,No,Yes,No,No,No,No
CUST-01256,7,88.4,653.97,Month-to-month,Fiber optic,Electronic check,0,No,No,Yes,No,Yes,Yes
CUST-01257,16,69.49,1046.82,One year,No,Electronic check,0,No,Yes,Yes,Yes,Yes,No
CUST-01258,40,43.53,1806.99,Month-to-month,Fiber optic,Mailed check,0,No,No,No,No,Yes,No
CUST-01259,39,20.0,849.05,Month-to-month,Fiber optic,Electronic check,0,Yes,No,No,No,Yes,Yes
CUST-01260,58,66.59,3721.25,Month-to-month,Fiber optic,Credit card,0,Yes,No,No,No,Yes,No
CUST-01261,20,106.19,2204.91,Month-to-month,Fiber optic,Mailed check,0,Yes,No,Yes,Yes,Yes,Yes
CUST-01262,67,111.87,7381.14,Month-to-month,Fiber optic,Bank transfer,0,Yes,No,Yes,Yes,Yes,No
CUST-01263,33,78.88,2536.77,Month-to-month,Fiber optic,Electronic check,0,Yes,No,No,Yes,Yes,Yes
CUST-01264,60,119.05,7236.71,Month-to-month,Fiber optic,Bank transfer,0,No,No,No,Yes,No,No
CUST-01265,18,68.93,1177.46,One year,Fiber optic,Electronic check,0,No,No,No,Yes,No,No
CUST-01266,3,93.83,295.26,Month-to-month,No,Electronic check,0,No,No,No,Yes,Yes,Yes
CUST-01267,4,58.72,227.61,One year,DSL,Bank transfer,0,No,Yes,No,Yes,Yes,No
CUST-01268,27,57.14,1400.8,One year,No,Mailed check,0,Yes,Yes,Yes,Yes,Yes,No
CUST-01269,69,53.06,3804.72,Month-to-month,DSL,Credit card,0,Yes,No,Yes,No,No,No
CUST-01270,4,20.0,224.72,Month-to-month,No,Credit card,0,Yes,No,No,Yes,No,No
CUST-01271,27,102.18,2807.3,One year,Fiber optic,Electronic check,0,No,Yes,No,No,Yes,No
CUST-01272,8,53.96,403.89,Two year,Fiber optic,Bank transfer,0,No,Yes,No,No,Yes,No
CUST-01273,68,49.96,3409.4,Month-to-month,Fiber optic,Credit card,1,No,No,Yes,No,Yes,Yes
CUST-01274,49,40.5,2120.67,Two year,Fiber optic,Mailed check,0,No,No,No,No,Yes,No
CUST-01275,55,64.89,3519.48,Month-to-month,Fiber optic,Credit card,0,Yes,No,No,Yes,Yes,No
CUST-01276,52,114.09,5892.16,Month-to-month,DSL,Bank transfer,0,Yes,No,No,No,Yes,Yes
CUST-01277,48,122.34,5852.82,Month-to-month,DSL,Mailed check,0,Yes,No,Yes,No,No,No
CUST-01278,56,28.48,1379.1,Month-to-month,DSL,Electronic check,1,No,No,No,No,No,Yes
CUST-01279,1,61.14,133.64,Month-to-month,Fiber optic,Mailed check,0,Yes,No,No,No,Yes,Yes
CUST-01280,63,44.14,2803.08,Month-to-month,Fiber optic,Mailed check,1,Yes,No,No,Yes,Yes,No
CUST-01281,54,94.71,5200.17,Month-to-month,DSL,Bank transfer,0,No,No,No,No,No,Yes
CUST-01282,54,77.16,4122.77,One year,Fiber optic,Electronic check,0,Yes,No,No,Yes,No,No
CUST-01283,29,54.09,1426.72,Month-to-month,DSL,Mailed check,0,Yes,No,No,Yes,No,No
CUST-01284,58,71.81,4182.01,Two year,DSL,Credit card,0,Yes,No,No,No,Yes,No
CUST-01285,28,58.06,1512.62,Two year,Fiber optic,Credit card,0,Yes,No,No,No,Yes,No
CUST-01286,4,110.36,501.76,Month-to-month,Fiber optic,Bank transfer,0,No,Yes,Yes,No,No,Yes
CUST-01287,66,83.67,5591.35,Month-to-month,DSL,Mailed check,0,No,No,No,No,Yes,No
CUST-01288,17,86.75,1691.87,Month-to-month,No,Mailed check,0,Yes,No,No,Yes,Yes,No
CUST-01289,8,20.0,303.83,Two year,Fiber optic,Mailed check,0,No,No,No,No,No,No
CUST-01290,45,68.33,3105.55,Month-to-month,Fiber optic,Mailed check,1,Yes,No,No,Yes,Yes,Yes
CUST-01291,17,122.08,2053.23,Month-to-month,DSL,Bank transfer,1,No,No,Yes,No,No,Yes
CUST-01292,62,103.15,6487.21,Two year,Fiber optic,Credit card,0,Yes,No,No,No,No,No
CUST-01293,32,23.82,796.13,Month-to-month,No,Credit card,0,Yes,No,No,No,Yes,No
CUST-01294,1,62.16,18.59,Month-to-month,Fiber optic,Electronic check,0,Yes,No,No,No,Yes,Yes
CUST-01295,69,39.96,2554.33,Two year,DSL,Credit card,1,No,No,No,No,Yes,No
CUST-01296,38,112.78,4518.88,Two year,Fiber optic,Electronic check,0,Yes,Yes,No,No,Yes,No
CUST-01297,19,76.11,1556.3,Month-to-month,Fiber optic,Electronic check,1,Yes,No,Yes,No,Yes,No
CUST-01298,49,50.81,2557.31,Month-to-month,DSL,Credit card,0,Yes,No,No,No,No,No
CUST-01299,39,70.85,2772.73,Month-to-month,Fiber optic,Mailed check,0,No,No,No,No,Yes,Yes
CUST-01300,3,20.0,253.38,Month-to-month,DSL,Credit card,0,Yes,Yes,No,Yes,No,No
CUST-01301,55,42.88,2450.48,Month-to-month,Fiber optic,Electronic check,0,No,Yes,No,No,No,No
CUST-01302,29,70.91,1920.56,Month-to-month,Fiber optic,Electronic check,0,Yes,No,Yes,No,Yes,Yes
CUST-01303,51,91.14,4626.02,One year,Fiber optic,Credit card,1,Yes,No,Yes,No,Yes,No
CUST-01304,65,21.47,1474.32,One year,No,Electronic check,0,Yes,No,Yes,No,No,No
CUST-01305,44,60.47,2784.8,Two year,Fiber optic,Bank transfer,1,Yes,No,No,Yes,No,Yes
CUST-01306,49,95.24,4640.88,Two year,DSL,Bank transfer,0,No,Yes,No,No,Yes,No
CUST-01307,19,33.71,796.66,Month-to-month,Fiber optic,Mailed check,1,Yes,No,No,No,No,Yes
CUST-01308,18,75.73,1233.43,Month-to-month,Fiber optic,Electronic check,1,Yes,Yes,No,No,No,Yes
CUST-01309,30,71.65,2126.92,Month-to-month,Fiber optic,Credit card,0,Yes,Yes,No,Yes,No,Yes
CUST-01310,62,112.86,6978.9,Month-to-month,No,Bank transfer,0,No,No,No,Yes,Yes,No
CUST-01311,38,64.25,2539.63,Month-to-month,Fiber optic,Credit card,0,Yes,No,No,No,No,Yes
CUST-01312,26,65.71,1842.07,One year,No,Bank transfer,0,Yes,No,No,No,Yes,No
CUST-01313,57,91.37,5339.5,Month-to-month,DSL,Bank transfer,0,No,No,No,No,No,No
CUST-01314,62,36.84,2148.31,Month-to-month,DSL,Bank transfer,0,No,No,No,No,No,No
CUST-01315,65,64.48,4208.58,Month-to-month,DSL,Bank transfer,0,No,Yes,No,No,Yes,No
CUST-01316,22,58.61,1139.27,Two year,Fiber optic,Mailed check,0,Yes,Yes,No,No,No,No
CUST-01317,52,66.53,3466.41,One year,DSL,Credit card,1,No,No,No,Yes,No,No
CUST-01318,43,91.21,4091.85,Month-to-month,DSL,Credit card,0,Yes,Yes,No,No,No,No
CUST-01319,33,83.85,2972.86,Month-to-month,No,Electronic check,0,Yes,No,No,No,Yes,Yes
CUST-01320,29,51.28,1538.43,Two year,DSL,Credit card,0,Yes,Yes,No,Yes,Yes,No
CUST-01321,9,73.42,693.06,Month-to-month,DSL,Electronic check,0,No,No,No,No,Yes,Yes
CUST-01322,20,107.26,2131.17,One year,Fiber optic,Bank transfer,0,Yes,Yes,No,No,No,Yes
CUST-01323,40,49.22,1969.71,One year,DSL,Credit card,0,Yes,Yes,No,No,No,No
CUST-01324,64,73.63,4860.96,One year,DSL,Mailed check,0,Yes,No,No,No,No,No
CUST-01325,63,65.17,4022.34,Month-to-month,DSL,Electronic check,0,Yes,No,Yes,No,No,No
CUST-01326,14,68.42,934.09,Two year,DSL,Credit card,0,Yes,No,No,No,Yes,No
CUST-01327,49,29.23,1437.02,Month-to-month,Fiber optic,Credit card,0,Yes,No,No,Yes,Yes,No
CUST-01328,7,105.27,668.63,Month-to-month,Fiber optic,Mailed check,0,No,No,No,No,Yes,Yes
CUST-01329,49,50.64,2534.33,Month-to-month,Fiber optic,Credit card,0,Yes,Yes,Yes,No,No,No
CUST-01330,25,95.65,2548.54,Month-to-month,Fiber optic,Electronic check,0,No,No,No,No,Yes,Yes
CUST-01331,33,54.47,1862.5,Month-to-month,Fiber optic,Bank transfer,0,Yes,Yes,No,Yes,Yes,Yes
CUST-01332,52,54.36,2758.52,One year,No,Electronic check,0,Yes,No,No,No,Yes,No
CUST-01333,31,100.33,3036.73,Two year,Fiber optic,Electronic check,0,Yes,No,No,No,Yes,No
CUST-01334,59,94.85,5470.11,Month-to-month,DSL,Mailed check,0,Yes,No,No,Yes,Yes,No
CUST-01335,39,75.22,2923.38,Two year,DSL,Bank transfer,1,Yes,No,No,No,No,No
CUST-01336,72,89.03,6327.6,Two year,DSL,Electronic check,0,Yes,Yes,No,Yes,Yes,No
CUST-01337,46,62.79,2913.1,Month-to-month,Fiber optic,Bank transfer,0,Yes,No,Yes,Yes,Yes,No
CUST-01338,22,69.79,1465.85,One year,Fiber optic,Credit card,1,No,Yes,Yes,Yes,Yes,Yes
CUST-01339,56,53.46,2853.48,Two year,DSL,Electronic check,0,No,Yes,No,Yes,No,No
CUST-01340,30,92.6,2584.48,One year,DSL,Electronic check,0,Yes,No,No,No,Yes,Yes
CUST-01341,39,52.66,2116.8,Month-to-month,No,Bank transfer,0,Yes,No,Yes,Yes,Yes,Yes
CUST-01342,10,107.13,932.35,Two year,Fiber optic,Mailed check,1,Yes,No,No,Yes,Yes,Yes
CUST-01343,9,62.1,608.58,One year,DSL,Electronic check,0,No,Yes,No,No,Yes,Yes
CUST-01344,42,70.51,2896.45,Month-to-month,No,Credit card,0,Yes,Yes,Yes,No,No,No
CUST-01345,14,88.97,1271.72,Month-to-month,Fiber optic,Mailed check,0,Yes,No,Yes,No,Yes,Yes
CUST-01346,72,70.6,5078.13,Month-to-month,Fiber optic,Electronic check,0,No,Yes,No,Yes,Yes,No
CUST-01347,62,62.55,3893.03,Month-to-month,Fiber optic,Mailed check,0,No,No,Yes,No,Yes,No
CUST-01348,51,69.25,3627.16,Month-to-month,Fiber optic,Bank transfer,0,No,Yes,No,No,No,No
CUST-01349,53,92.35,4823.45,Month-to-month,DSL,Mailed check,0,No,Yes,No,No,No,Yes
CUST-01350,43,53.43,2446.18,Two year,No,Credit card,0,Yes,No,No,No,Yes,No
CUST-01351,5,66.84,410.56,One year,Fiber optic,Bank transfer,0,Yes,Yes,No,Yes,No,No
CUST-01352,29,70.26,2003.66,Month-to-month,Fiber optic,Electronic check,0,No,Yes,No,Yes,No,Yes
CUST-01353,36,91.61,3274.81,Month-to-month,Fiber optic,Mailed check,0,No,No,No,No,Yes,Yes
CUST-01354,66,67.5,4466.6,Month-to-month,No,Mailed check,0,Yes,No,No,No,Yes,No
CUST-01355,16,115.21,1800.46,Month-to-month,DSL,Electronic check,0,Yes,No,No,Yes,Yes,Yes
CUST-01356,36,66.09,2204.97,One year,DSL,Electronic check,1,Yes,No,No,No,Yes,No
CUST-01357,25,64.06,1503.2,Month-to-month,Fiber optic,Electronic check,0,No,No,Yes,No,Yes,Yes
CUST-01358,10,65.72,558.67,Two year,DSL,Bank transfer,0,Yes,No,Yes,No,Yes,No
CUST-01359,8,37.08,276.73,Month-to-month,Fiber optic,Electronic check,0,No,Yes,No,No,Yes,Yes
CUST-01360,27,44.08,1068.18,Month-to-month,Fiber optic,Mailed check,0,No,Yes,No,Yes,Yes,No
CUST-01361,6,56.73,423.15,Two year,DSL,Electronic check,0,No,No,No,No,No,Yes
CUST-01362,5,98.4,504.62,Month-to-month,DSL,Credit card,0,No,Yes,No,No,No,No
CUST-01363,26,69.17,1756.69,Month-to-month,Fiber optic,Credit card,0,Yes,No,No,No,No,Yes
CUST-01364,15,57.88,786.1,Month-to-month,DSL,Bank transfer,1,Yes,Yes,Yes,Yes,No,No
CUST-01365,40,100.66,4028.27,One year,DSL,Mailed check,0,Yes,No,No,Yes,Yes,No
CUST-01366,2,108.78,311.21,Month-to-month,Fiber optic,Bank transfer,1,No,No,No,No,No,Yes
CUST-01367,22,101.38,2042.07,Two year,DSL,Mailed check,0,No,No,No,Yes,Yes,No
CUST-01368,33,48.67,1455.81,One year,Fiber optic,Credit card,0,Yes,No,Yes,No,Yes,Yes
CUST-01369,70,57.62,3929.88,Two year,No,Bank transfer,0,Yes,No,No,No,Yes,No
CUST-01370,46,115.34,5174.23,One year,Fiber optic,Electronic check,0,Yes,No,No,No,Yes,Yes
CUST-01371,64,76.03,4720.58,One year,Fiber optic,Electronic check,0,Yes,No,Yes,Yes,No,No
CUST-01372,25,63.31,1583.27,One year,Fiber optic,Credit card,0,No,No,No,No,No,No
CUST-01373,33,87.96,2898.47,Month-to-month,No,Bank transfer,0,No,Yes,No,Yes,Yes,No
CUST-01374,31,95.18,2912.46,One year,No,Bank transfer,0,No,No,Yes,Yes,No,No
CUST-01375,64,55.71,3585.38,One year,Fiber optic,Mailed check,0,Yes,No,No,Yes,Yes,No
CUST-01376,70,75.49,5275.72,Month-to-month,DSL,Bank transfer,0,No,No,No,No,Yes,Yes
CUST-01377,70,93.16,6445.21,One year,DSL,Mailed check,0,Yes,Yes,No,Yes,Yes,No
CUST-01378,55,40.99,2211.02,Month-to-month,DSL,Bank transfer,0,No,No,No,Yes,Yes,No
CUST-01379,37,70.31,2622.64,Month-to-month,DSL,Mailed check,0,No,Yes,Yes,Yes,Yes,Yes
CUST-01380,39,42.14,1521.58,Month-to-month,DSL,Electronic check,1,No,No,No,Yes,Yes,Yes
CUST-01381,71,45.41,3253.45,Month-to-month,No,Credit card,0,Yes,No,Yes,Yes,Yes,No
CUST-01382,21,55.92,852.91,Month-to-month,DSL,Credit card,0,Yes,No,No,No,Yes,No
CUST-01383,25,81.93,2044.71,Month-to-month,DSL,Credit card,0,No,No,Yes,No,Yes,No
CUST-01384,65,61.95,4058.3,Month-to-month,No,Bank transfer,0,No,Yes,No,No,Yes,No
CUST-01385,28,53.79,1409.28,Month-to-month,No,Bank transfer,0,No,No,No,Yes,Yes,No
CUST-01386,17,71.29,1318.19,One year,DSL,Credit card,0,Yes,Yes,No,Yes,Yes,No
CUST-01387,41,41.33,1808.71,Month-to-month,DSL,Bank transfer,0,Yes,No,No,No,Yes,No
CUST-01388,24,80.72,1958.15,Two year,Fiber optic,Credit card,0,No,No,No,No,Yes,No
CUST-01389,65,98.28,6550.38,Two year,No,Credit card,0,No,No,Yes,No,Yes,No
CUST-01390,66,68.02,4409.14,Month-to-month,Fiber optic,Bank transfer,1,Yes,No,Yes,No,Yes,No
CUST-01391,23,64.93,1581.45,Month-to-month,Fiber optic,Bank transfer,1,Yes,No,Yes,No,Yes,Yes
CUST-01392,39,79.34,3235.27,Month-to-month,Fiber optic,Credit card,0,Yes,Yes,No,Yes,Yes,Yes
CUST-01393,71,20.0,1305.79,Month-to-month,Fiber optic,Bank transfer,0,Yes,No,No,No,Yes,Yes
CUST-01394,54,83.42,4512.38,Month-to-month,DSL,Electronic check,0,Yes,No,Yes,No,No,Yes
CUST-01395,16,130.0,1932.15,One year,Fiber optic,Credit card,0,No,Yes,Yes,No,Yes,Yes
CUST-01396,43,66.93,2961.63,One year,No,Electronic check,0,No,Yes,Yes,Yes,No,No
CUST-01397,45,67.02,3182.64,Month-to-month,Fiber optic,Electronic check,0,Yes,No,No,Yes,No,No
CUST-01398,48,88.59,4197.63,One year,DSL,Mailed check,0,No,No,Yes,No,No,No
CUST-01399,2,111.13,218.87,Month-to-month,Fiber optic,Electronic check,0,No,Yes,No,Yes,No,Yes
CUST-01400,22,94.37,2025.08,Two year,Fiber optic,Electronic check,0,No,No,No,No,Yes,Yes
CUST-01401,62,20.0,1489.23,Two year,DSL,Electronic check,0,No,No,No,Yes,No,No
CUST-01402,18,84.08,1422.67,Month-to-month,DSL,Bank transfer,0,No,No,No,No,Yes,Yes
CUST-01403,22,130.0,2768.77,One year,DSL,Credit card,0,Yes,Yes,Yes,No,No,Yes
CUST-01404,24,85.56,2109.23,Two year,No,Mailed check,0,Yes,No,Yes,No,Yes,No
CUST-01405,13,41.13,525.89,Month-to-month,DSL,Mailed check,0,Yes,No,No,No,No,No
CUST-01406,12,77.05,1175.74,Month-to-month,Fiber optic,Bank transfer,1,Yes,Yes,No,Yes,Yes,Yes
CUST-01407,25,37.98,1148.17,One year,Fiber optic,Bank transfer,0,No,No,No,No,No,Yes
CUST-01408,63,100.82,6413.31,Month-to-month,No,Credit card,0,No,Yes,No,No,Yes,Yes
CUST-01409,1,46.1,139.25,Month-to-month,No,Bank transfer,0,No,Yes,No,No,Yes,No
CUST-01410,21,71.86,1582.1,One year,No,Credit card,0,No,No,No,No,No,No
CUST-01411,5,48.56,347.31,Month-to-month,No,Credit card,0,No,No,No,No,No,Yes
CUST-01412,41,56.34,2362.27,Month-to-month,Fiber optic,Mailed check,0,No,No,Yes,No,Yes,No
CUST-01413,19,107.15,1935.02,Two year,DSL,Credit card,0,Yes,Yes,Yes,Yes,Yes,No
CUST-01414,58,72.59,4127.73,Month-to-month,DSL,Credit card,0,No,Yes,Yes,No,No,No
CUST-01415,43,56.02,2505.95,Month-to-month,Fiber optic,Electronic check,0,No,No,No,Yes,Yes,Yes
CUST-01416,57,41.37,2307.9,One year,DSL,Credit card,0,Yes,No,No,Yes,Yes,No
CUST-01417,46,23.21,1201.75,Month-to-month,Fiber optic,Bank transfer,1,Yes,No,No,Yes,Yes,No
CUST-01418,32,38.72,1311.62,One year,DSL,Credit card,0,No,No,Yes,No,Yes,No
CUST-01419,62,72.8,4394.87,One year,Fiber optic,Bank transfer,0,Yes,No,No,No,No,No
CUST-01420,35,94.51,3192.94,Month-to-month,DSL,Electronic check,1,No,Yes,Yes,No,Yes,Yes
CUST-01421,69,55.99,3732.79,Month-to-month,DSL,Mailed check,0,No,No,No,No,No,No
CUST-01422,72,109.26,7945.47,Two year,Fiber optic,Bank transfer,0,Yes,Yes,No,Yes,Yes,No
CUST-01423,43,52.06,2355.08,Two year,Fiber optic,Credit card,0,Yes,No,No,No,Yes,No
CUST-01424,49,64.05,3099.49,Month-to-month,No,Electronic check,0,No,No,No,No,Yes,Yes
CUST-01425,19,43.01,816.74,Month-to-month,Fiber optic,Electronic check,0,Yes,No,Yes,No,Yes,Yes
CUST-01426,59,94.77,5623.38,Month-to-month,Fiber optic,Electronic check,0,No,No,Yes,No,No,Yes
CUST-01427,49,122.44,6087.0,Two year,DSL,Bank transfer,0,No,No,Yes,No,Yes,No
CUST-01428,65,25.95,1652.14,Two year,DSL,Electronic check,1,No,No,Yes,No,No,No
CUST-01429,20,61.35,1270.29,Month-to-month,Fiber optic,Credit card,0,No,No,No,No,No,Yes
CUST-01430,57,101.62,5784.99,Two year,DSL,Bank transfer,0,No,No,No,Yes,Yes,No
CUST-01431,34,33.83,994.13,Month-to-month,Fiber optic,Credit card,0,No,Yes,Yes,No,No,No
CUST-01432,14,84.17,1315.15,Month-to-month,No,Electronic check,0,No,No,Yes,No,No,Yes
CUST-01433,13,100.54,1338.59,One year,DSL,Mailed check,1,Yes,Yes,Yes,No,Yes,Yes
CUST-01434,41,71.96,2931.1,Month-to-month,Fiber optic,Mailed check,0,Yes,No,No,No,No,No
CUST-01435,24,83.76,1934.43,One year,Fiber optic,Credit card,0,No,No,No,Yes,No,No
CUST-01436,8,114.02,841.37,Month-to-month,DSL,Bank transfer,0,Yes,No,No,No,Yes,Yes
CUST-01437,31,118.71,3535.42,One year,Fiber optic,Mailed check,0,No,No,Yes,No,Yes,Yes
CUST-01438,48,68.45,3173.28,Two year,Fiber optic,Mailed check,0,No,No,Yes,No,No,No
CUST-01439,23,56.69,1210.11,Month-to-month,No,Mailed check,0,No,No,No,No,Yes,Yes
CUST-01440,69,47.0,3187.5,Month-to-month,DSL,Mailed check,0,Yes,Yes,Yes,Yes,Yes,Yes
CUST-01441,57,94.42,5514.38,One year,Fiber optic,Bank transfer,0,No,No,No,No,Yes,No
CUST-01442,37,35.71,1380.75,Month-to-month,DSL,Credit card,0,No,No,Yes,No,No,No
CUST-01443,68,63.69,4238.69,One year,DSL,Mailed check,0,No,No,No,No,No,No
CUST-01444,32,72.57,2162.77,One year,Fiber optic,Credit card,0,Yes,No,No,No,Yes,No
CUST-01445,11,57.42,539.93,Month-to-month,Fiber optic,Mailed check,0,Yes,No,No,No,No,Yes
CUST-01446,3,77.0,375.53,Two year,Fiber optic,Credit card,0,No,No,No,No,Yes,No
CUST-01447,68,130.0,8906.38,Month-to-month,No,Electronic check,1,No,No,Yes,No,No,No
CUST-01448,70,66.96,4669.16,Month-to-month,DSL,Bank transfer,0,No,No,Yes,Yes,Yes,No
CUST-01449,54,59.11,3190.5,Month-to-month,Fiber optic,Credit card,1,Yes,Yes,No,Yes,No,No
CUST-01450,8,95.38,877.58,One year,DSL,Mailed check,0,Yes,Yes,Yes,No,Yes,No
CUST-01451,22,75.99,1669.54,Two year,Fiber optic,Bank transfer,0,Yes,Yes,Yes,No,No,No
CUST-01452,3,105.98,544.51,Month-to-month,DSL,Electronic check,0,No,No,Yes,No,Yes,Yes
CUST-01453,4,74.12,304.67,Month-to-month,DSL,Credit card,1,No,No,No,Yes,Yes,Yes
CUST-01454,18,63.79,1055.04,Month-to-month,Fiber optic,Mailed check,0,Yes,Yes,No,No,No,Yes
CUST-01455,42,25.41,865.05,One year,Fiber optic,Mailed check,0,Yes,Yes,No,No,Yes,No
CUST-01456,5,29.51,191.71,Month-to-month,Fiber optic,Credit card,0,Yes,No,No,Yes,Yes,Yes
CUST-01457,71,24.11,1690.67,Month-to-month,No,Credit card,0,Yes,No,No,Yes,Yes,No
CUST-01458,33,79.48,2529.22,Month-to-month,Fiber optic,Electronic check,0,Yes,No,Yes,No,Yes,Yes
CUST-01459,19,35.94,752.1,Month-to-month,Fiber optic,Credit card,1,No,Yes,No,Yes,Yes,Yes
CUST-01460,38,101.39,3879.81,One year,No,Electronic check,0,Yes,No,No,No,No,Yes
CUST-01461,57,70.76,3987.15,Month-to-month,Fiber optic,Credit card,0,Yes,Yes,Yes,Yes,Yes,No
CUST-01462,23,63.9,1500.18,Month-to-month,DSL,Credit card,0,No,No,No,No,Yes,Yes
CUST-01463,4,48.9,181.88,Month-to-month,Fiber optic,Bank transfer,0,No,No,No,No,Yes,Yes
CUST-01464,4,85.56,434.65,Month-to-month,Fiber optic,Bank transfer,0,No,No,No,Yes,Yes,Yes
CUST-01465,62,49.89,3102.08,Month-to-month,Fiber optic,Mailed check,0,Yes,Yes,No,No,No,No
CUST-01466,9,45.37,370.06,Month-to-month,Fiber optic,Mailed check,0,Yes,Yes,No,No,No,No
CUST-01467,46,99.71,4711.18,Month-to-month,DSL,Bank transfer,1,Yes,Yes,No,No,Yes,No
CUST-01468,28,78.87,2101.37,Month-to-month,Fiber optic,Credit card,0,Yes,No,Yes,No,No,Yes
CUST-01469,56,64.13,3450.31,Month-to-month,DSL,Mailed check,0,No,Yes,No,No,Yes,No
CUST-01470,5,86.04,370.35,One year,No,Bank transfer,0,No,Yes,Yes,No,Yes,No
CUST-01471,65,70.22,4386.05,Month-to-month,Fiber optic,Bank transfer,0,Yes,No,Yes,Yes,Yes,No
CUST-01472,51,79.58,3904.68,Month-to-month,No,Credit card,0,No,No,No,No,Yes,No
CUST-01473,33,49.58,1612.23,One year,DSL,Credit card,0,No,Yes,Yes,Yes,No,No
CUST-01474,15,121.76,1832.36,Month-to-month,Fiber optic,Mailed check,0,No,Yes,Yes,Yes,Yes,Yes
CUST-01475,71,55.51,3914.77,Month-to-month,DSL,Credit card,1,Yes,Yes,No,Yes,Yes,No
CUST-01476,22,108.9,2446.17,Two year,Fiber optic,Mailed check,0,No,Yes,No,No,Yes,Yes
CUST-01477,36,65.28,2303.25,Month-to-month,Fiber optic,Electronic check,0,Yes,Yes,Yes,No,No,Yes
CUST-01478,29,90.18,2425.33,Two year,Fiber optic,Electronic check,0,Yes,No,Yes,Yes,Yes,No
CUST-01479,17,88.36,1576.72,Month-to-month,Fiber optic,Electronic check,0,Yes,No,No,No,Yes,Yes
CUST-01480,30,98.67,2951.85,Two year,No,Mailed check,1,No,Yes,Yes,No,Yes,No
CUST-01481,11,48.98,608.54,Two year,DSL,Mailed check,0,No,Yes,No,No,Yes,No
CUST-01482,1,96.89,159.44,Month-to-month,Fiber optic,Electronic check,0,Yes,Yes,No,No,Yes,Yes
CUST-01483,21,116.16,2547.61,Month-to-month,Fiber optic,Electronic check,1,Yes,Yes,Yes,Yes,Yes,Yes
CUST-01484,9,63.53,483.17,One year,DSL,Electronic check,0,No,No,No,No,No,Yes
CUST-01485,30,70.87,2007.23,Month-to-month,Fiber optic,Credit card,0,No,No,No,Yes,Yes,Yes
CUST-01486,63,56.91,3576.56,Month-to-month,Fiber optic,Mailed check,0,No,No,Yes,Yes,Yes,Yes
CUST-01487,12,61.34,721.11,Two year,Fiber optic,Bank transfer,0,No,Yes,No,No,Yes,Yes
CUST-01488,1,112.79,237.58,One year,Fiber optic,Mailed check,1,No,Yes,Yes,No,Yes,No
CUST-01489,8,44.89,410.28,Two year,Fiber optic,Mailed check,1,Yes,Yes,No,No,No,No
CUST-01490,37,46.45,1733.35,Two year,No,Electronic check,1,Yes,No,Yes,No,Yes,No
CUST-01491,20,110.27,2084.01,Two year,DSL,Electronic check,0,No,No,No,No,Yes,No
CUST-01492,36,85.61,3011.54,One year,Fiber optic,Electronic check,0,Yes,Yes,No,Yes,Yes,Yes
CUST-01493,3,123.01,207.53,One year,Fiber optic,Bank transfer,0,Yes,Yes,No,Yes,No,Yes
CUST-01494,24,58.74,1327.97,Two year,DSL,Mailed check,0,No,No,Yes,Yes,Yes,No
CUST-01495,30,73.16,2213.04,One year,Fiber optic,Credit card,0,Yes,No,Yes,No,Yes,No
CUST-01496,32,53.48,1756.59,Month-to-month,Fiber optic,Electronic check,0,No,Yes,Yes,No,No,No
CUST-01497,40,73.58,3007.5,One year,DSL,Credit card,0,Yes,No,Yes,Yes,Yes,No
CUST-01498,57,25.65,1538.43,Month-to-month,Fiber optic,Electronic check,0,No,No,No,No,Yes,No
CUST-01499,34,87.12,3019.18,Two year,Fiber optic,Bank transfer,0,Yes,No,No,Yes,Yes,No
CUST-01500,61,78.09,4703.23,One year,DSL,Credit card,0,No,No,No,No,Yes,No
CUST-01501,39,68.56,2597.54,One year,DSL,Electronic check,1,Yes,No,No,No,Yes,No
CUST-01502,19,60.24,1274.59,Month-to-month,Fiber optic,Mailed check,0,Yes,No,No,Yes,Yes,No
CUST-01503,17,47.63,770.75,Month-to-month,Fiber optic,Credit card,0,Yes,No,Yes,Yes,Yes,No
CUST-01504,24,88.19,2082.14,Month-to-month,Fiber optic,Credit card,1,Yes,No,No,No,Yes,Yes
CUST-01505,44,40.72,1780.11,One year,Fiber optic,Electronic check,0,No,Yes,No,No,No,Yes
CUST-01506,18,82.8,1341.24,One year,DSL,Electronic check,0,Yes,No,Yes,Yes,Yes,No
CUST-01507,66,121.86,8024.55,Month-to-month,Fiber optic,Mailed check,1,No,Yes,Yes,No,No,No
CUST-01508,35,107.14,3593.49,Month-to-month,DSL,Mailed check,0,Yes,Yes,No,No,No,Yes
CUST-01509,63,32.37,2102.34,Month-to-month,No,Mailed check,0,No,No,No,No,No,No
CUST-01510,50,56.58,2784.87,Month-to-month,Fiber optic,Electronic check,0,No,No,No,No,No,No
CUST-01511,25,80.54,1955.17,Two year,DSL,Mailed check,0,Yes,Yes,No,No,No,No
CUST-01512,17,68.24,968.32,Two year,Fiber optic,Mailed check,0,Yes,No,No,No,Yes,No
CUST-01513,54,35.01,1922.89,One year,No,Mailed check,0,Yes,Yes,No,No,Yes,No
CUST-01514,24,79.63,2150.54,Month-to-month,No,Credit card,0,Yes,Yes,No,Yes,No,No
CUST-01515,18,69.75,1198.32,Month-to-month,Fiber optic,Mailed check,0,Yes,No,No,Yes,No,Yes
CUST-01516,67,117.86,7891.67,Two year,DSL,Credit card,1,No,No,No,No,No,No
CUST-01517,35,63.67,2386.33,Two year,Fiber optic,Electronic check,0,Yes,No,Yes,No,Yes,No
CUST-01518,4,99.2,633.79,Month-to-month,Fiber optic,Bank transfer,0,No,No,No,No,No,Yes
CUST-01519,36,38.32,1258.73,One year,Fiber optic,Credit card,0,No,No,No,No,Yes,Yes
CUST-01520,34,44.3,1627.3,Month-to-month,DSL,Mailed check,0,Yes,No,Yes,No,Yes,No
CUST-01521,63,88.04,5269.09,Month-to-month,No,Bank transfer,0,No,No,Yes,No,No,No
CUST-01522,52,97.09,4733.99,Two year,Fiber optic,Bank transfer,0,No,No,No,Yes,Yes,No
CUST-01523,14,46.07,466.07,Two year,DSL,Mailed check,0,Yes,No,No,No,No,No
CUST-01524,11,70.6,739.54,Two year,DSL,Bank transfer,0,No,No,No,No,Yes,No
CUST-01525,44,35.46,1360.56,Month-to-month,DSL,Bank transfer,1,No,Yes,Yes,No,No,No
CUST-01526,4,65.47,392.88,Month-to-month,Fiber optic,Mailed check,0,No,No,Yes,No,Yes,Yes
CUST-01527,23,90.92,2095.42,Two year,DSL,Mailed check,0,No,No,No,Yes,Yes,No
CUST-01528,10,59.13,653.19,One year,Fiber optic,Mailed check,0,Yes,No,Yes,No,No,No
CUST-01529,2,63.77,92.9,Month-to-month,DSL,Electronic check,0,Yes,Yes,No,Yes,No,Yes
CUST-01530,67,41.76,2738.34,Month-to-month,DSL,Mailed check,0,No,No,No,Yes,No,No
CUST-01531,7,53.79,368.15,Month-to-month,DSL,Mailed check,0,Yes,No,No,Yes,Yes,No
CUST-01532,1,113.95,308.75,One year,Fiber optic,Mailed check,0,No,No,No,No,Yes,Yes
CUST-01533,68,71.82,4903.93,Two year,Fiber optic,Electronic check,0,Yes,No,Yes,Yes,No,No
CUST-01534,14,44.94,645.38,Month-to-month,Fiber optic,Bank transfer,0,Yes,Yes,No,No,No,Yes
CUST-01535,59,62.13,3560.47,Month-to-month,Fiber optic,Electronic check,1,No,No,No,Yes,Yes,Yes
CUST-01536,3,30.06,0.0,Month-to-month,Fiber optic,Electronic check,0,No,No,Yes,No,No,Yes
CUST-01537,12,44.65,467.98,One year,Fiber optic,Electronic check,0,No,No,No,No,Yes,No
CUST-01538,8,104.01,893.6,Month-to-month,DSL,Bank transfer,0,No,No,No,No,Yes,Yes
CUST-01539,51,66.44,3420.9,Month-to-month,Fiber optic,Mailed check,0,Yes,Yes,No,No,Yes,No
CUST-01540,45,117.27,5079.45,One year,DSL,Mailed check,0,No,No,Yes,No,No,No
CUST-01541,35,67.62,2411.35,Month-to-month,Fiber optic,Electronic check,0,Yes,Yes,No,No,No,Yes
CUST-01542,18,69.1,1315.75,One year,Fiber optic,Mailed check,0,No,No,Yes,No,Yes,No
CUST-01543,7,86.02,661.11,One year,Fiber optic,Mailed check,0,No,No,No,No,Yes,Yes
CUST-01544,41,20.0,877.02,Month-to-month,Fiber optic,Mailed check,0,No,No,No,Yes,Yes,Yes
CUST-01545,17,75.12,1336.65,One year,Fiber optic,Electronic check,0,Yes,Yes,No,No,No,No
CUST-01546,43,68.78,2994.05,One year,DSL,Bank transfer,0,No,Yes,No,No,No,No
CUST-01547,50,107.15,5224.05,One year,No,Electronic check,0,Yes,Yes,No,No,Yes,No
CUST-01548,62,94.12,5932.03,One year,DSL,Mailed check,0,No,Yes,Yes,Yes,No,No
CUST-01549,36,41.66,1671.88,Month-to-month,DSL,Bank transfer,0,No,No,Yes,No,Yes,No
CUST-01550,1,101.05,227.66,Month-to-month,DSL,Electronic check,0,No,No,No,Yes,Yes,No
CUST-01551,21,63.44,1359.71,Month-to-month,No,Bank transfer,0,No,No,Yes,No,No,No
CUST-01552,62,47.39,2930.71,Month-to-month,No,Mailed check,0,No,No,No,Yes,Yes,No
CUST-01553,39,74.93,2859.43,Month-to-month,DSL,Bank transfer,0,Yes,No,No,No,Yes,No
CUST-01554,45,64.93,2734.47,Month-to-month,DSL,Electronic check,0,No,Yes,Yes,Yes,Yes,No
CUST-01555,33,108.46,3675.92,One year,Fiber optic,Mailed check,0,No,No,No,No,No,No
CUST-01556,12,78.52,793.93,Month-to-month,DSL,Mailed check,0,No,No,No,No,Yes,Yes
CUST-01557,65,75.14,4848.32,Two year,DSL,Electronic check,0,No,No,Yes,No,Yes,No
CUST-01558,56,92.52,5142.87,One year,Fiber optic,Bank transfer,0,Yes,No,No,Yes,Yes,No
CUST-01559,72,97.32,7132.8,Month-to-month,Fiber optic,Bank transfer,0,Yes,Yes,Yes,No,No,No
CUST-01560,62,89.59,5621.03,One year,Fiber optic,Mailed check,0,No,No,Yes,No,Yes,No
CUST-01561,21,105.49,2153.76,Month-to-month,Fiber optic,Bank transfer,0,Yes,No,No,Yes,No,Yes
CUST-01562,19,85.22,1607.79,Two year,Fiber optic,Mailed check,0,No,No,No,No,Yes,No
CUST-01563,18,74.19,1314.64,Two year,Fiber optic,Credit card,1,No,No,No,Yes,Yes,No
CUST-01564,67,100.98,6828.0,Two year,DSL,Mailed check,0,No,No,No,Yes,Yes,No
CUST-01565,41,67.73,2675.77,One year,DSL,Credit card,0,No,Yes,No,Yes,Yes,Yes
CUST-01566,33,70.83,2366.87,Two year,No,Mailed check,0,No,Yes,Yes,No,No,No
CUST-01567,70,113.04,7892.46,One year,DSL,Bank transfer,0,No,No,No,No,Yes,No
CUST-01568,44,110.55,5109.15,Two year,Fiber optic,Electronic check,0,Yes,No,No,Yes,Yes,Yes
CUST-01569,66,69.8,4527.56,Month-to-month,DSL,Electronic check,0,No,Yes,Yes,No,No,Yes
CUST-01570,71,58.66,4287.36,Two year,DSL,Credit card,0,No,No,Yes,No,Yes,No
CUST-01571,6,106.58,597.17,One year,Fiber optic,Electronic check,1,No,No,No,No,Yes,Yes
CUST-01572,27,90.01,2421.25,Month-to-month,DSL,Bank transfer,0,Yes,No,Yes,No,Yes,Yes
CUST-01573,53,77.89,4263.81,Two year,Fiber optic,Mailed check,0,Yes,Yes,No,Yes,No,No
CUST-01574,59,61.95,3710.23,One year,Fiber optic,Bank transfer,0,Yes,No,Yes,No,No,No
CUST-01575,11,78.29,850.3,Two year,Fiber optic,Electronic check,1,Yes,No,No,No,No,No
CUST-01576,23,69.46,1562.37,Month-to-month,Fiber optic,Electronic check,0,No,Yes,No,No,Yes,No
CUST-01577,40,53.39,2274.98,One year,DSL,Mailed check,0,No,No,Yes,Yes,No,No
CUST-01578,58,73.23,4211.62,One year,Fiber optic,Credit card,0,Yes,No,Yes,No,Yes,No
CUST-01579,9,76.64,654.04,Month-to-month,No,Mailed check,0,Yes,Yes,Yes,Yes,Yes,No
CUST-01580,44,60.62,2599.28,One year,DSL,Bank transfer,0,Yes,No,No,Yes,No,No
CUST-01581,22,92.6,2218.12,One year,Fiber optic,Bank transfer,1,No,No,No,No,Yes,Yes
CUST-01582,16,102.22,1510.0,Month-to-month,Fiber optic,Mailed check,0,No,No,No,No,Yes,Yes
CUST-01583,38,94.25,3610.23,One year,Fiber optic,Credit card,0,No,Yes,No,No,Yes,No
CUST-01584,30,63.09,1926.43,Month-to-month,DSL,Bank transfer,0,No,Yes,No,Yes,No,Yes
CUST-01585,46,88.9,3969.48,Two year,DSL,Mailed check,0,Yes,No,No,No,No,No
CUST-01586,23,71.95,1627.84,Two year,DSL,Mailed check,0,Yes,Yes,Yes,No,No,No
CUST-01587,60,39.11,2309.24,Month-to-month,DSL,Mailed check,0,No,No,Yes,No,No,No
CUST-01588,6,86.82,460.59,Month-to-month,Fiber optic,Credit card,0,No,No,Yes,Yes,No,Yes
CUST-01589,63,73.65,4650.83,Month-to-month,No,Electronic check,1,Yes,Yes,No,No,Yes,No
CUST-01590,3,130.0,421.38,Month-to-month,Fiber optic,Electronic check,0,Yes,No,No,No,Yes,Yes
CUST-01591,53,106.43,5612.19,Two year,Fiber optic,Mailed check,0,No,No,No,Yes,Yes,No
CUST-01592,25,87.78,2395.29,Month-to-month,DSL,Credit card,1,No,No,No,No,Yes,No
CUST-01593,28,76.23,2068.71,Month-to-month,Fiber optic,Bank transfer,0,Yes,Yes,Yes,No,Yes,No
CUST-01594,2,74.09,174.23,Month-to-month,Fiber optic,Credit card,0,No,Yes,No,No,Yes,Yes
CUST-01595,51,44.91,2302.54,One year,Fiber optic,Bank transfer,0,No,Yes,No,No,No,No
CUST-01596,12,26.53,379.32,Two year,Fiber optic,Mailed check,0,Yes,No,Yes,No,Yes,No
CUST-01597,48,48.19,2334.23,Month-to-month,Fiber optic,Electronic check,1,No,No,No,No,Yes,Yes
CUST-01598,53,68.81,3563.19,Month-to-month,DSL,Credit card,0,Yes,No,Yes,No,No,No
CUST-01599,61,20.0,1285.27,Month-to-month,No,Bank transfer,1,Yes,Yes,No,Yes,Yes,Yes
CUST-01600,51,56.39,2878.17,Month-to-month,DSL,Electronic check,0,No,Yes,No,No,Yes,Yes
CUST-01601,22,63.81,1502.07,Month-to-month,DSL,Credit card,0,Yes,No,Yes,No,No,No
CUST-01602,54,64.61,3567.81,One year,Fiber optic,Bank transfer,0,No,Yes,No,No,Yes,No
CUST-01603,60,53.46,3267.85,Month-to-month,DSL,Bank transfer,0,No,Yes,No,Yes,Yes,No
CUST-01604,23,61.46,1507.18,Month-to-month,DSL,Mailed check,0,Yes,No,No,Yes,No,No
CUST-01605,9,113.1,961.62,One year,No,Mailed check,1,Yes,No,No,Yes,No,No
CUST-01606,65,86.55,5635.54,One year,DSL,Mailed check,0,Yes,Yes,Yes,No,Yes,No
CUST-01607,11,55.99,727.36,Month-to-month,DSL,Electronic check,0,Yes,No,Yes,No,Yes,No
CUST-01608,43,68.29,2960.35,Month-to-month,DSL,Mailed check,0,No,No,Yes,No,Yes,No
CUST-01609,18,69.29,1170.59,One year,DSL,Electronic check,0,Yes,No,Yes,No,No,No
CUST-01610,10,50.8,404.49,Month-to-month,No,Bank transfer,0,Yes,Yes,No,No,Yes,Yes
CUST-01611,56,50.77,2920.75,Two year,Fiber optic,Electronic check,0,No,No,No,Yes,No,No
CUST-01612,11,95.26,992.84,Two year,No,Bank transfer,0,No,No,Yes,No,Yes,No
CUST-01613,49,59.51,2910.76,Two year,No,Mailed check,0,No,No,No,No,Yes,No
CUST-01614,50,42.63,2272.72,Month-to-month,Fiber optic,Mailed check,0,Yes,No,No,No,Yes,No
CUST-01615,5,68.92,260.69,Month-to-month,Fiber optic,Electronic check,0,No,No,Yes,No,Yes,Yes
CUST-01616,13,72.95,1066.89,Two year,Fiber optic,Mailed check,0,Yes,No,Yes,Yes,No,Yes
CUST-01617,58,20.68,1099.58,Month-to-month,Fiber optic,Electronic check,0,No,No,No,Yes,Yes,Yes
CUST-01618,37,68.98,2672.25,Month-to-month,Fiber optic,Electronic check,0,No,Yes,No,No,Yes,No
CUST-01619,9,91.7,842.47,One year,Fiber optic,Mailed check,0,No,Yes,Yes,No,Yes,No
CUST-01620,72,81.28,5681.45,Month-to-month,Fiber optic,Bank transfer,0,No,No,No,No,Yes,No
CUST-01621,20,125.74,2393.2,One year,Fiber optic,Mailed check,0,No,Yes,No,No,Yes,No
CUST-01622,1,101.28,15.38,Two year,DSL,Electronic check,0,No,No,No,No,Yes,No
CUST-01623,67,106.22,7130.36,One year,Fiber optic,Bank transfer,0,Yes,No,Yes,No,Yes,No
CUST-01624,2,130.0,372.59,Month-to-month,Fiber optic,Mailed check,0,No,No,No,No,No,Yes
CUST-01625,40,88.95,3597.09,Two year,Fiber optic,Bank transfer,0,No,No,No,No,Yes,Yes
CUST-01626,72,74.08,5247.46,One year,Fiber optic,Credit card,0,No,No,No,No,Yes,No
CUST-01627,42,94.34,4107.01,Month-to-month,Fiber optic,Electronic check,0,Yes,No,No,No,Yes,Yes
CUST-01628,43,56.02,2402.68,One year,Fiber optic,Credit card,0,No,No,Yes,No,Yes,No
CUST-01629,28,72.69,1943.92,Month-to-month,DSL,Credit card,0,No,Yes,No,No,No,No
CUST-01630,10,53.81,526.5,Month-to-month,Fiber optic,Bank transfer,0,Yes,No,No,Yes,Yes,No
CUST-01631,42,79.95,3358.89,One year,DSL,Electronic check,0,No,Yes,Yes,No,Yes,No
CUST-01632,65,53.7,3405.29,Month-to-month,DSL,Electronic check,1,Yes,No,No,Yes,Yes,Yes
CUST-01633,7,52.83,464.95,Month-to-month,DSL,Electronic check,0,No,No,Yes,Yes,Yes,Yes
CUST-01634,64,80.34,5105.37,One year,Fiber optic,Bank transfer,0,Yes,No,Yes,No,Yes,No
CUST-01635,30,66.56,1913.79,Month-to-month,Fiber optic,Bank transfer,0,Yes,Yes,No,Yes,Yes,No
CUST-01636,39,21.81,911.72,Month-to-month,DSL,Mailed check,0,No,No,No,No,No,No
CUST-01637,12,33.61,442.95,Month-to-month,No,Mailed check,1,Yes,No,No,No,No,Yes
CUST-01638,45,41.32,1938.06,One year,Fiber optic,Electronic check,0,Yes,Yes,No,No,Yes,No
CUST-01639,14,47.93,747.41,Two year,Fiber optic,Credit card,0,Yes,No,No,No,Yes,No
CUST-01640,20,80.36,1541.16,Month-to-month,Fiber optic,Credit card,0,No,No,No,No,Yes,Yes
CUST-01641,52,75.47,3913.08,One year,Fiber optic,Electronic check,0,No,No,No,Yes,No,No
CUST-01642,4,96.63,161.71,Month-to-month,Fiber optic,Mailed check,0,No,No,Yes,No,Yes,Yes
CUST-01643,33,88.82,2944.63,Month-to-month,DSL,Credit card,0,No,Yes,Yes,No,Yes,No
CUST-01644,43,96.8,4186.31,Month-to-month,DSL,Mailed check,0,Yes,Yes,No,No,No,Yes
CUST-01645,10,85.21,831.88,Month-to-month,Fiber optic,Bank transfer,0,Yes,No,Yes,No,No,No
CUST-01646,22,75.24,1559.44,Month-to-month,No,Bank transfer,0,No,Yes,No,No,No,No
CUST-01647,25,97.48,2542.75,One year,Fiber optic,Bank transfer,1,Yes,No,Yes,No,Yes,No
CUST-01648,48,92.99,4342.28,One year,Fiber optic,Credit card,0,Yes,Yes,No,Yes,No,No
CUST-01649,71,79.4,5787.83,Two year,DSL,Mailed check,0,Yes,Yes,Yes,Yes,Yes,No
CUST-01650,61,101.78,6056.42,Two year,Fiber optic,Credit card,0,No,No,No,Yes,Yes,No
CUST-01651,14,20.0,253.47,Month-to-month,Fiber optic,Mailed check,0,Yes,No,No,No,No,Yes
CUST-01652,2,62.74,0.0,Month-to-month,Fiber optic,Electronic check,1,No,No,No,Yes,No,Yes
CUST-01653,4,62.36,173.76,Month-to-month,Fiber optic,Electronic check,0,No,Yes,Yes,No,Yes,No
CUST-01654,43,98.82,4273.25,Month-to-month,DSL,Bank transfer,1,Yes,Yes,Yes,No,No,Yes
CUST-01655,12,109.28,1342.86,Two year,DSL,Bank transfer,0,Yes,No,Yes,No,Yes,Yes
CUST-01656,17,33.75,549.55,Month-to-month,DSL,Credit card,0,No,No,No,No,No,Yes
CUST-01657,62,105.28,6476.96,Month-to-month,Fiber optic,Electronic check,0,Yes,No,No,Yes,No,No
CUST-01658,63,40.71,2801.0,Month-to-month,Fiber optic,Bank transfer,1,Yes,No,No,Yes,No,No
CUST-01659,61,41.47,2521.37,Two year,DSL,Electronic check,1,No,No,No,Yes,Yes,No
CUST-01660,19,64.14,1502.14,Month-to-month,No,Electronic check,0,No,No,No,No,Yes,Yes
CUST-01661,45,62.04,2945.34,One year,Fiber optic,Bank transfer,0,Yes,No,No,No,Yes,No
CUST-01662,44,31.04,1298.81,Month-to-month,Fiber optic,Bank transfer,0,No,Yes,No,No,No,No
CUST-01663,14,86.25,1158.85,Month-to-month,No,Bank transfer,0,Yes,No,No,No,Yes,Yes
CUST-01664,40,86.99,3641.13,Month-to-month,No,Credit card,0,No,Yes,No,No,Yes,Yes
CUST-01665,38,96.35,3522.22,One year,DSL,Credit card,1,No,No,Yes,No,Yes,No
CUST-01666,29,59.16,1855.9,One year,No,Electronic check,1,No,Yes,No,No,Yes,No
CUST-01667,55,69.01,3784.27,Month-to-month,Fiber optic,Electronic check,0,No,No,Yes,No,Yes,No
CUST-01668,49,69.24,3144.5,Month-to-month,DSL,Bank transfer,0,Yes,No,Yes,No,No,Yes
CUST-01669,39,112.2,4262.51,Month-to-month,DSL,Credit card,0,No,Yes,No,No,Yes,No
CUST-01670,53,20.0,1036.06,Month-to-month,Fiber optic,Bank transfer,1,No,No,No,Yes,No,No
CUST-01671,55,46.08,2482.62,Month-to-month,No,Electronic check,0,No,No,No,No,No,No
CUST-01672,41,70.14,2803.74,Month-to-month,Fiber optic,Bank transfer,1,No,Yes,No,Yes,No,Yes
CUST-01673,20,42.86,709.06,One year,Fiber optic,Mailed check,0,Yes,No,No,Yes,Yes,No
CUST-01674,55,63.54,3491.28,Two year,DSL,Electronic check,0,No,Yes,No,Yes,Yes,No
CUST-01675,52,66.85,3628.76,One year,Fiber optic,Bank transfer,0,No,No,No,No,No,No
CUST-01676,71,53.56,3952.89,One year,DSL,Mailed check,0,No,No,No,No,Yes,No
CUST-01677,11,71.61,908.46,Two year,Fiber optic,Credit card,0,No,No,No,No,Yes,No
CUST-01678,31,85.7,2639.1,Two year,Fiber optic,Bank transfer,0,No,No,No,Yes,Yes,No
CUST-01679,67,64.09,4415.84,Month-to-month,DSL,Mailed check,0,No,No,Yes,Yes,No,No
CUST-01680,38,58.67,2071.73,Month-to-month,No,Electronic check,0,No,No,No,Yes,No,No
CUST-01681,68,65.86,4539.67,Month-to-month,No,Mailed check,0,No,No,Yes,Yes,No,No
CUST-01682,1,69.81,229.08,Two year,Fiber optic,Mailed check,1,Yes,Yes,No,No,No,No
CUST-01683,3,26.49,153.72,Month-to-month,Fiber optic,Bank transfer,0,No,Yes,No,Yes,Yes,Yes
CUST-01684,58,81.54,4567.07,Month-to-month,Fiber optic,Mailed check,0,Yes,Yes,No,No,Yes,No
CUST-01685,26,58.72,1437.35,Month-to-month,DSL,Electronic check,0,Yes,Yes,No,Yes,Yes,Yes
CUST-01686,38,101.54,3793.34,One year,DSL,Electronic check,0,No,No,No,No,Yes,No
CUST-01687,31,84.78,2520.02,One year,Fiber optic,Mailed check,0,No,No,No,No,Yes,No
CUST-01688,30,99.25,2944.6,One year,Fiber optic,Bank transfer,0,Yes,No,Yes,Yes,Yes,No
CUST-01689,68,44.72,3031.21,One year,Fiber optic,Mailed check,0,No,Yes,Yes,Yes,No,No
CUST-01690,7,60.72,401.93,Two year,Fiber optic,Credit card,1,Yes,No,No,No,Yes,No
CUST-01691,56,38.94,2090.22,Month-to-month,Fiber optic,Electronic check,0,No,Yes,Yes,No,No,Yes
CUST-01692,65,52.37,3514.71,Two year,DSL,Mailed check,1,Yes,No,No,No,Yes,No
CUST-01693,48,101.3,4844.19,One year,DSL,Mailed check,0,Yes,No,No,No,No,No
CUST-01694,29,107.19,2965.83,Month-to-month,DSL,Mailed check,1,Yes,No,No,Yes,Yes,Yes
CUST-01695,12,41.3,450.8,Two year,Fiber optic,Credit card,0,Yes,Yes,Yes,No,No,No
CUST-01696,50,58.54,2871.06,Two year,Fiber optic,Mailed check,0,No,No,No,Yes,Yes,No
CUST-01697,34,68.1,2132.88,Two year,Fiber optic,Electronic check,0,No,No,No,Yes,No,Yes
CUST-01698,11,84.64,892.56,Two year,Fiber optic,Bank transfer,0,No,No,Yes,Yes,Yes,No
CUST-01699,26,26.0,804.39,Month-to-month,Fiber optic,Bank transfer,0,No,Yes,No,No,Yes,Yes
CUST-01700,70,29.92,2069.32,Month-to-month,DSL,Mailed check,0,Yes,No,No,No,No,No
CUST-01701,20,82.24,1626.11,Month-to-month,Fiber optic,Mailed check,0,No,No,Yes,No,Yes,Yes
CUST-01702,13,21.27,331.42,Two year,No,Credit card,1,No,Yes,Yes,Yes,Yes,No
CUST-01703,50,58.83,2881.79,Two year,DSL,Mailed check,1,Yes,No,No,No,Yes,No
CUST-01704,15,74.05,1001.53,Two year,Fiber optic,Bank transfer,0,No,No,No,No,Yes,No
CUST-01705,67,80.39,5456.29,Two year,DSL,Credit card,0,Yes,Yes,No,No,No,No
CUST-01706,62,66.46,4118.22,One year,DSL,Mailed check,0,Yes,Yes,No,Yes,Yes,No
CUST-01707,71,60.86,4149.29,Month-to-month,Fiber optic,Bank transfer,1,Yes,No,No,No,Yes,Yes
CUST-01708,66,91.11,6054.39,Month-to-month,Fiber optic,Mailed check,0,No,No,Yes,No,Yes,Yes
CUST-01709,18,77.13,1419.94,Month-to-month,Fiber optic,Bank transfer,0,Yes,No,Yes,No,Yes,No
CUST-01710,16,53.82,686.16,One year,No,Bank transfer,1,Yes,No,No,No,Yes,Yes
CUST-01711,25,70.94,1534.32,Month-to-month,Fiber optic,Credit card,0,No,No,Yes,No,Yes,No
CUST-01712,34,79.58,2638.85,Two year,Fiber optic,Mailed check,0,No,Yes,No,Yes,Yes,No
CUST-01713,64,112.96,7483.32,One year,DSL,Electronic check,0,Yes,Yes,No,Yes,No,No
CUST-01714,53,89.66,4989.34,Month-to-month,Fiber optic,Mailed check,0,Yes,No,No,No,Yes,No
CUST-01715,47,100.36,4868.4,Two year,Fiber optic,Bank transfer,0,No,Yes,Yes,No,Yes,No
CUST-01716,64,54.73,3427.46,One year,Fiber optic,Mailed check,0,Yes,No,No,Yes,Yes,No
CUST-01717,47,56.9,2590.98,One year,Fiber optic,Credit card,0,No,No,No,No,No,No
CUST-01718,28,64.12,1665.3,Month-to-month,Fiber optic,Bank transfer,1,No,Yes,No,Yes,No,Yes
CUST-01719,30,66.41,1868.65,Month-to-month,DSL,Credit card,0,Yes,No,No,No,Yes,No
CUST-01720,38,44.8,1764.34,Month-to-month,DSL,Bank transfer,1,No,No,No,Yes,Yes,No
CUST-01721,7,101.65,885.05,Month-to-month,Fiber optic,Mailed check,0,No,No,No,No,No,Yes
CUST-01722,54,92.08,4947.3,One year,Fiber optic,Credit card,0,No,Yes,No,No,No,No
CUST-01723,47,62.36,2876.03,Two year,Fiber optic,Electronic check,1,No,No,No,No,Yes,No
CUST-01724,53,86.04,4467.82,Two year,No,Mailed check,0,No,Yes,No,Yes,Yes,No
CUST-01725,39,75.57,2925.62,Month-to-month,Fiber optic,Credit card,0,No,No,No,Yes,Yes,Yes
CUST-01726,57,88.0,4929.55,Two year,DSL,Credit card,0,No,No,No,No,Yes,No
CUST-01727,69,36.39,2370.13,Month-to-month,Fiber optic,Mailed check,0,No,Yes,No,No,No,No
CUST-01728,42,66.36,2805.09,Month-to-month,Fiber optic,Bank transfer,0,No,No,No,No,Yes,Yes
CUST-01729,32,68.55,2113.08,One year,Fiber optic,Mailed check,1,No,No,No,No,No,No
CUST-01730,8,85.59,632.17,Two year,Fiber optic,Bank transfer,0,Yes,No,No,Yes,Yes,No
CUST-01731,57,54.29,3095.92,Two year,Fiber optic,Mailed check,0,No,Yes,No,Yes,Yes,No
CUST-01732,66,20.0,1112.95,Two year,DSL,Bank transfer,0,Yes,Yes,No,No,No,No
CUST-01733,51,42.96,2037.61,Month-to-month,DSL,Bank transfer,1,No,No,Yes,No,No,No
CUST-01734,63,68.47,4326.95,Month-to-month,DSL,Credit card,0,No,No,No,Yes,Yes,No
CUST-01735,63,71.6,4394.24,Month-to-month,Fiber optic,Electronic check,0,Yes,No,Yes,No,No,No
CUST-01736,58,112.09,6506.26,One year,No,Bank transfer,0,Yes,No,Yes,No,No,No
CUST-01737,37,84.57,3055.63,Month-to-month,DSL,Electronic check,0,No,Yes,No,No,Yes,No
CUST-01738,8,72.04,604.22,Month-to-month,DSL,Electronic check,0,Yes,No,Yes,No,Yes,Yes
CUST-01739,1,69.19,0.0,Month-to-month,Fiber optic,Bank transfer,0,No,Yes,Yes,Yes,Yes,Yes
CUST-01740,15,97.6,1381.09,One year,No,Mailed check,0,Yes,No,Yes,No,No,No
CUST-01741,32,55.25,1928.3,One year,Fiber optic,Bank transfer,0,No,No,No,No,Yes,No
CUST-01742,54,66.49,3627.48,Month-to-month,Fiber optic,Credit card,0,Yes,No,No,No,No,No
CUST-01743,33,42.77,1504.07,Month-to-month,Fiber optic,Electronic check,0,No,No,No,No,Yes,Yes
CUST-01744,2,105.47,211.81,One year,Fiber optic,Mailed check,0,No,No,No,No,Yes,No
CUST-01745,16,79.81,1149.85,One year,Fiber optic,Electronic check,0,No,No,No,No,Yes,Yes
CUST-01746,71,52.31,3640.16,Month-to-month,DSL,Credit card,0,No,No,Yes,Yes,Yes,No
CUST-01747,72,67.14,4768.47,Month-to-month,No,Credit card,1,No,No,No,No,Yes,No
CUST-01748,28,82.74,2251.58,Two year,Fiber optic,Credit card,0,No,No,Yes,Yes,No,No
CUST-01749,58,63.73,3827.34,One year,Fiber optic,Credit card,0,Yes,Yes,No,No,Yes,No
CUST-01750,52,56.64,2922.42,Month-to-month,DSL,Mailed check,0,Yes,No,No,No,Yes,No
CUST-01751,68,53.64,3508.49,One year,No,Mailed check,0,No,No,No,No,No,No
CUST-01752,64,78.47,4954.16,One year,Fiber optic,Credit card,0,Yes,No,No,Yes,No,No
CUST-01753,46,61.05,2848.72,Month-to-month,Fiber optic,Bank transfer,0,No,No,Yes,No,No,No
CUST-01754,29,58.66,1549.37,Month-to-month,Fiber optic,Mailed check,0,Yes,No,No,No,Yes,No
CUST-01755,46,36.6,1792.31,Two year,DSL,Electronic check,0,Yes,Yes,Yes,Yes,Yes,No
CUST-01756,23,71.94,1800.0,Month-to-month,DSL,Electronic check,0,No,Yes,Yes,Yes,Yes,No
CUST-01757,26,65.47,1617.7,Month-to-month,DSL,Electronic check,0,No,Yes,No,No,No,No
CUST-01758,44,61.96,2778.74,One year,DSL,Bank transfer,1,Yes,Yes,No,Yes,No,No
CUST-01759,42,74.97,3243.19,Month-to-month,Fiber optic,Mailed check,1,No,Yes,No,Yes,Yes,No
CUST-01760,42,88.7,3623.12,One year,Fiber optic,Credit card,0,No,No,No,No,No,No
CUST-01761,28,87.54,2408.89,Month-to-month,Fiber optic,Credit card,0,Yes,No,Yes,No,Yes,Yes
CUST-01762,30,83.82,2486.88,Month-to-month,Fiber optic,Mailed check,0,No,No,Yes,Yes,No,No
CUST-01763,1,63.98,100.97,Month-to-month,DSL,Mailed check,1,No,No,No,No,Yes,Yes
CUST-01764,44,55.83,2601.94,Two year,Fiber optic,Electronic check,0,Yes,No,Yes,Yes,No,No
CUST-01765,42,43.9,1817.03,One year,Fiber optic,Mailed check,0,No,No,Yes,No,Yes,No
CUST-01766,68,55.17,3598.29,Two year,Fiber optic,Bank transfer,1,No,No,No,No,Yes,No
CUST-01767,37,70.49,2430.26,Month-to-month,DSL,Credit card,0,No,No,Yes,No,Yes,No
CUST-01768,34,50.34,1633.53,One year,No,Bank transfer,1,Yes,No,No,No,Yes,No
CUST-01769,5,72.4,331.98,Month-to-month,Fiber optic,Credit card,0,Yes,No,Yes,Yes,No,Yes
CUST-01770,15,45.86,805.97,One year,No,Bank transfer,0,Yes,No,No,Yes,Yes,Yes
CUST-01771,25,28.48,536.31,Month-to-month,Fiber optic,Bank transfer,0,No,No,No,No,Yes,Yes
CUST-01772,28,90.49,2513.43,One year,Fiber optic,Mailed check,1,No,No,No,No,No,Yes
CUST-01773,27,58.14,1715.87,Month-to-month,No,Mailed check,0,No,No,No,No,No,No
CUST-01774,29,49.07,1460.77,Month-to-month,No,Mailed check,0,Yes,No,No,Yes,Yes,No
CUST-01775,56,42.65,2262.59,One year,Fiber optic,Credit card,0,No,No,Yes,No,No,No
CUST-01776,10,80.58,820.6,Month-to-month,No,Bank transfer,0,No,No,No,Yes,Yes,No
CUST-01777,24,104.37,2496.96,Month-to-month,No,Electronic check,0,No,No,No,Yes,No,Yes
CUST-01778,12,59.92,840.43,Two year,Fiber optic,Electronic check,0,No,No,Yes,No,No,Yes
CUST-01779,23,64.61,1555.07,Month-to-month,DSL,Electronic check,0,No,No,No,No,No,No
CUST-01780,50,96.79,4863.0,One year,Fiber optic,Credit card,0,Yes,Yes,Yes,No,No,No
CUST-01781,4,24.74,150.3,Two year,Fiber optic,Electronic check,0,No,No,Yes,No,No,No
CUST-01782,25,119.17,2978.48,One year,Fiber optic,Electronic check,0,No,No,Yes,No,Yes,Yes
CUST-01783,2,130.0,178.28,Month-to-month,Fiber optic,Mailed check,0,Yes,No,Yes,No,Yes,Yes
CUST-01784,69,20.0,1446.97,One year,Fiber optic,Mailed check,0,No,No,No,No,Yes,No
CUST-01785,53,67.56,3508.15,Month-to-month,No,Credit card,0,No,No,Yes,No,Yes,No
CUST-01786,18,52.03,967.13,Month-to-month,Fiber optic,Credit card,0,No,No,Yes,Yes,Yes,Yes
CUST-01787,15,63.38,1015.23,One year,DSL,Electronic check,0,No,No,No,No,No,No
CUST-01788,8,59.54,345.52,Two year,Fiber optic,Bank transfer,1,No,No,No,No,No,No
CUST-01789,35,90.29,3132.29,Month-to-month,Fiber optic,Credit card,1,Yes,No,No,Yes,Yes,Yes
CUST-01790,55,67.19,3845.19,Month-to-month,DSL,Credit card,0,Yes,No,No,No,Yes,No
CUST-01791,43,47.23,2158.53,One year,Fiber optic,Mailed check,0,Yes,Yes,No,No,Yes,No
CUST-01792,64,65.7,4241.82,Month-to-month,No,Electronic check,0,No,Yes,No,No,No,No
CUST-01793,25,82.87,2047.86,One year,DSL,Credit card,0,Yes,No,No,No,Yes,No
CUST-01794,21,40.41,815.41,Month-to-month,Fiber optic,Mailed check,0,No,No,No,No,No,No
CUST-01795,35,28.84,936.56,Month-to-month,Fiber optic,Electronic check,1,No,No,No,No,Yes,Yes
CUST-01796,15,119.82,1784.15,One year,Fiber optic,Bank transfer,0,Yes,No,Yes,No,Yes,No
CUST-01797,71,53.94,3952.73,Two year,Fiber optic,Credit card,0,Yes,No,No,Yes,No,No
CUST-01798,14,66.57,862.81,Month-to-month,Fiber optic,Credit card,0,No,No,Yes,No,No,Yes
CUST-01799,35,60.06,1968.36,Two year,Fiber optic,Credit card,0,Yes,No,Yes,Yes,Yes,No
CUST-01800,38,83.7,3272.25,Month-to-month,No,Bank transfer,0,No,No,No,No,No,No
CUST-01801,5,114.32,528.67,Month-to-month,DSL,Credit card,0,Yes,No,No,No,No,No
CUST-01802,34,84.5,2767.95,Month-to-month,Fiber optic,Electronic check,1,Yes,No,Yes,No,Yes,Yes
CUST-01803,33,32.04,1054.12,Month-to-month,Fiber optic,Mailed check,1,Yes,No,No,Yes,Yes,Yes
CUST-01804,19,35.4,632.62,One year,DSL,Electronic check,1,Yes,No,No,No,No,No
CUST-01805,10,60.03,598.92,Month-to-month,Fiber optic,Electronic check,0,Yes,No,No,No,Yes,Yes
CUST-01806,4,63.29,295.52,Month-to-month,Fiber optic,Credit card,0,Yes,No,No,No,Yes,Yes
CUST-01807,1,26.95,55.64,Month-to-month,DSL,Mailed check,0,No,No,Yes,Yes,No,No
CUST-01808,35,90.48,3204.87,Two year,DSL,Bank transfer,1,Yes,No,Yes,No,Yes,No
CUST-01809,7,42.84,305.69,Two year,DSL,Electronic check,0,Yes,No,No,No,Yes,Yes
CUST-01810,70,107.33,7327.22,Month-to-month,Fiber optic,Electronic check,0,No,No,No,Yes,Yes,Yes
CUST-01811,18,115.52,2079.35,Month-to-month,Fiber optic,Electronic check,0,No,No,Yes,Yes,Yes,Yes
CUST-01812,47,63.79,2860.89,Two year,Fiber optic,Mailed check,0,No,No,Yes,Yes,Yes,No
CUST-01813,49,80.97,3887.26,Month-to-month,Fiber optic,Bank transfer,0,No,Yes,Yes,No,No,Yes
CUST-01814,36,39.2,1332.25,Two year,Fiber optic,Electronic check,0,Yes,Yes,No,No,Yes,Yes
CUST-01815,64,85.59,5526.56,One year,No,Bank transfer,0,No,Yes,No,No,Yes,No
CUST-01816,8,57.55,273.03,Two year,No,Electronic check,0,No,No,No,Yes,No,No
CUST-01817,17,42.82,699.48,Month-to-month,DSL,Credit card,1,Yes,No,No,No,No,No
CUST-01818,19,62.77,1174.46,Month-to-month,Fiber optic,Credit card,1,Yes,Yes,Yes,Yes,No,No
CUST-01819,10,58.36,652.42,Month-to-month,Fiber optic,Bank transfer,0,Yes,No,No,Yes,Yes,Yes
CUST-01820,22,61.87,1362.41,Month-to-month,Fiber optic,Bank transfer,0,No,No,Yes,Yes,Yes,No
CUST-01821,23,93.74,2201.95,Month-to-month,DSL,Bank transfer,0,Yes,No,No,No,Yes,No
CUST-01822,56,50.37,2823.38,Two year,DSL,Electronic check,0,No,No,No,No,Yes,No
CUST-01823,22,113.38,2656.62,Month-to-month,No,Credit card,0,No,No,Yes,Yes,Yes,No
CUST-01824,64,36.87,2307.91,Month-to-month,Fiber optic,Credit card,1,No,No,Yes,Yes,Yes,Yes
CUST-01825,56,110.39,6406.17,Month-to-month,Fiber optic,Bank transfer,0,Yes,No,Yes,No,No,Yes
CUST-01826,65,44.59,2834.17,Month-to-month,No,Credit card,0,Yes,No,No,Yes,No,No
CUST-01827,8,69.97,629.46,Month-to-month,DSL,Mailed check,0,Yes,Yes,No,Yes,No,Yes
CUST-01828,71,57.75,4244.28,Month-to-month,No,Credit card,0,No,Yes,No,No,No,No
CUST-01829,45,61.41,2736.62,One year,Fiber optic,Electronic check,0,No,Yes,No,No,Yes,No
CUST-01830,71,90.03,6377.22,Two year,Fiber optic,Bank transfer,0,No,Yes,Yes,No,Yes,No
CUST-01831,26,107.5,2652.58,Month-to-month,DSL,Mailed check,0,Yes,No,No,Yes,No,No
CUST-01832,69,99.76,7214.98,One year,DSL,Credit card,0,No,No,Yes,No,Yes,No
CUST-01833,43,59.88,2546.57,Month-to-month,Fiber optic,Bank transfer,0,No,No,No,No,No,Yes
CUST-01834,6,74.61,583.26,Month-to-month,DSL,Electronic check,1,No,No,No,No,Yes,Yes
CUST-01835,30,50.45,1436.54,Two year,DSL,Mailed check,0,Yes,No,No,No,No,No
CUST-01836,10,45.21,306.43,Two year,DSL,Credit card,0,No,No,Yes,No,No,No
CUST-01837,68,41.34,2742.56,Month-to-month,Fiber optic,Credit card,0,No,No,Yes,No,Yes,No
CUST-01838,22,59.06,1312.64,Month-to-month,No,Mailed check,0,No,No,No,No,No,Yes
CUST-01839,17,76.24,1303.49,Month-to-month,DSL,Mailed check,1,Yes,No,Yes,Yes,No,Yes
CUST-01840,40,22.2,818.22,Month-to-month,DSL,Electronic check,0,No,No,No,Yes,Yes,No
CUST-01841,31,68.84,2084.72,One year,Fiber optic,Electronic check,1,Yes,No,Yes,Yes,Yes,No
CUST-01842,7,107.9,765.71,Month-to-month,Fiber optic,Electronic check,0,No,No,No,No,Yes,Yes
CUST-01843,59,98.05,5702.39,Two year,Fiber optic,Mailed check,0,Yes,No,Yes,No,Yes,No
CUST-01844,61,55.37,3326.96,One year,No,Electronic check,0,Yes,No,Yes,No,No,No
CUST-01845,54,35.08,1782.35,Month-to-month,DSL,Electronic check,1,Yes,No,Yes,Yes,Yes,No
CUST-01846,45,81.5,3742.96,Two year,Fiber optic,Credit card,0,No,Yes,No,No,Yes,No
CUST-01847,29,20.0,445.29,One year,No,Credit card,0,No,No,No,No,Yes,No
CUST-01848,40,97.75,3876.69,Month-to-month,Fiber optic,Credit card,1,No,No,No,No,No,Yes
CUST-01849,38,64.66,2507.96,Month-to-month,Fiber optic,Credit card,0,Yes,No,Yes,Yes,Yes,Yes
CUST-01850,12,115.78,1447.92,Two year,No,Electronic check,0,Yes,Yes,No,Yes,No,No
CUST-01851,6,26.83,45.02,Two year,DSL,Electronic check,0,No,No,Yes,No,No,No
CUST-01852,19,92.95,1842.54,Month-to-month,DSL,Credit card,0,No,Yes,No,Yes,Yes,No
CUST-01853,33,67.49,2272.47,One year,DSL,Electronic check,1,No,No,No,No,No,No
CUST-01854,12,61.72,805.98,Two year,Fiber optic,Credit card,0,No,No,No,No,Yes,No
CUST-01855,8,35.75,273.66,Two year,No,Electronic check,0,No,No,No,No,Yes,No
CUST-01856,62,84.89,5307.36,Month-to-month,DSL,Electronic check,0,Yes,No,No,No,Yes,No
CUST-01857,27,86.9,2405.77,Month-to-month,Fiber optic,Credit card,0,Yes,Yes,No,Yes,Yes,Yes
CUST-01858,43,114.63,5176.58,Two year,Fiber optic,Bank transfer,1,No,No,No,No,No,No
CUST-01859,38,95.2,3445.29,Month-to-month,DSL,Electronic check,0,Yes,No,No,No,Yes,Yes
CUST-01860,53,55.15,2963.99,Month-to-month,Fiber optic,Electronic check,0,Yes,Yes,Yes,No,Yes,No
CUST-01861,54,44.9,2497.31,One year,Fiber optic,Credit card,0,No,No,Yes,No,Yes,No
CUST-01862,22,35.79,816.88,Month-to-month,No,Mailed check,0,No,Yes,No,Yes,No,Yes
CUST-01863,62,106.83,6724.61,One year,Fiber optic,Credit card,0,Yes,No,No,No,Yes,No
CUST-01864,27,50.55,1460.58,Month-to-month,DSL,Bank transfer,0,No,Yes,No,No,Yes,Yes
CUST-01865,61,107.01,6563.15,One year,Fiber optic,Credit card,0,Yes,No,No,No,Yes,No
CUST-01866,30,83.13,2483.8,Month-to-month,Fiber optic,Credit card,0,Yes,No,No,Yes,No,Yes
CUST-01867,8,78.25,420.18,Two year,DSL,Bank transfer,0,Yes,No,No,No,Yes,No
CUST-01868,55,62.33,3645.29,Month-to-month,DSL,Electronic check,0,No,No,No,Yes,No,No
CUST-01869,3,86.52,29.21,Month-to-month,Fiber optic,Credit card,0,Yes,No,Yes,Yes,No,No
CUST-01870,56,69.61,3965.02,Two year,Fiber optic,Mailed check,0,No,No,Yes,Yes,Yes,No
CUST-01871,4,60.77,282.7,One year,Fiber optic,Mailed check,0,Yes,No,Yes,Yes,No,No
CUST-01872,15,87.4,1183.87,Month-to-month,DSL,Bank transfer,0,Yes,Yes,Yes,No,Yes,Yes
CUST-01873,44,66.4,3153.46,Month-to-month,Fiber optic,Mailed check,0,Yes,Yes,No,No,Yes,No
CUST-01874,68,50.04,3499.03,One year,Fiber optic,Bank transfer,1,No,No,No,Yes,Yes,No
CUST-01875,30,85.0,2586.44,Two year,DSL,Mailed check,1,No,No,Yes,Yes,Yes,No
CUST-01876,9,68.4,491.97,Month-to-month,DSL,Credit card,0,Yes,No,No,No,Yes,No
CUST-01877,17,82.22,1558.35,Two year,Fiber optic,Electronic check,0,No,No,Yes,No,No,No
CUST-01878,65,58.65,3979.87,Month-to-month,Fiber optic,Mailed check,0,Yes,No,No,No,Yes,No
CUST-01879,53,39.77,2130.89,One year,DSL,Credit card,0,Yes,No,No,No,Yes,No
CUST-01880,8,113.38,1098.29,Month-to-month,No,Credit card,0,Yes,No,No,No,No,Yes
CUST-01881,28,108.67,3071.26,Month-to-month,DSL,Credit card,0,Yes,Yes,No,Yes,No,Yes
CUST-01882,20,92.09,1888.04,Two year,Fiber optic,Bank transfer,0,No,No,Yes,No,Yes,Yes
CUST-01883,13,60.3,784.51,Month-to-month,DSL,Bank transfer,1,No,Yes,Yes,No,Yes,Yes
CUST-01884,61,62.49,3893.74,Two year,Fiber optic,Electronic check,1,No,Yes,No,No,No,No
CUST-01885,45,104.56,4767.11,Month-to-month,Fiber optic,Mailed check,0,No,No,No,Yes,Yes,No
CUST-01886,13,61.15,747.13,Month-to-month,Fiber optic,Bank transfer,0,No,No,Yes,No,No,Yes
CUST-01887,47,54.19,2437.13,Two year,No,Mailed check,0,Yes,No,No,No,Yes,No
CUST-01888,30,116.81,3488.23,One year,DSL,Mailed check,0,Yes,No,Yes,Yes,No,No
CUST-01889,5,68.81,420.51,Month-to-month,DSL,Bank transfer,0,Yes,No,No,No,No,Yes
CUST-01890,33,114.21,3754.67,One year,DSL,Bank transfer,0,Yes,No,Yes,Yes,No,No
CUST-01891,14,35.04,400.1,Month-to-month,Fiber optic,Mailed check,0,Yes,Yes,Yes,No,No,No
CUST-01892,18,82.95,1488.48,Two year,Fiber optic,Mailed check,0,Yes,Yes,No,No,No,Yes
CUST-01893,64,121.78,7678.72,Month-to-month,DSL,Electronic check,1,No,Yes,No,No,Yes,Yes
CUST-01894,52,70.74,3625.58,Month-to-month,Fiber optic,Mailed check,0,Yes,Yes,No,Yes,No,Yes
CUST-01895,10,63.4,454.28,Month-to-month,Fiber optic,Mailed check,0,No,No,No,No,No,No
CUST-01896,62,40.81,2544.18,One year,No,Credit card,1,Yes,No,Yes,No,Yes,No
CUST-01897,42,97.06,4156.94,Two year,Fiber optic,Mailed check,0,Yes,Yes,No,No,Yes,No
CUST-01898,63,50.75,3202.12,Two year,No,Credit card,0,Yes,Yes,No,No,No,No
CUST-01899,54,67.63,3693.59,Month-to-month,Fiber optic,Bank transfer,0,No,Yes,No,Yes,No,Yes
CUST-01900,25,39.14,995.9,Month-to-month,No,Mailed check,0,No,Yes,No,Yes,Yes,Yes
CUST-01901,39,108.92,4297.07,Month-to-month,Fiber optic,Mailed check,0,No,Yes,Yes,Yes,Yes,Yes
CUST-01902,39,98.87,3917.19,Two year,DSL,Credit card,0,No,Yes,No,Yes,No,No
CUST-01903,52,69.21,3662.22,Month-to-month,Fiber optic,Credit card,0,Yes,No,No,Yes,Yes,Yes
CUST-01904,18,41.15,856.9,One year,Fiber optic,Credit card,0,No,No,No,No,No,No
CUST-01905,24,108.4,2440.94,Month-to-month,DSL,Credit card,0,No,No,No,Yes,Yes,No
CUST-01906,18,60.85,1173.92,Two year,Fiber optic,Electronic check,0,No,Yes,No,Yes,No,No
CUST-01907,22,42.37,910.28,Month-to-month,No,Credit card,0,Yes,No,Yes,No,Yes,No
CUST-01908,12,25.95,263.83,Month-to-month,Fiber optic,Bank transfer,0,No,No,No,No,No,Yes
CUST-01909,3,53.85,0.0,Two year,DSL,Bank transfer,0,No,No,No,Yes,No,No
CUST-01910,68,33.63,2128.53,Two year,Fiber optic,Mailed check,1,Yes,Yes,No,No,Yes,No
CUST-01911,6,54.43,276.34,One year,Fiber optic,Bank transfer,0,Yes,No,No,No,No,No
CUST-01912,64,88.61,5587.96,One year,DSL,Credit card,0,Yes,Yes,No,No,Yes,No
CUST-01913,1,60.61,160.18,One year,DSL,Bank transfer,1,No,No,No,No,Yes,Yes
CUST-01914,56,78.89,4491.65,Month-to-month,DSL,Electronic check,0,No,No,No,Yes,No,No
CUST-01915,24,51.92,1396.32,Month-to-month,Fiber optic,Credit card,0,No,Yes,No,No,Yes,Yes
CUST-01916,38,71.63,2706.58,One year,DSL,Credit card,0,Yes,Yes,No,No,Yes,No
CUST-01917,21,118.02,2543.93,One year,DSL,Bank transfer,0,Yes,Yes,No,No,No,No
CUST-01918,36,61.29,2048.9,Month-to-month,Fiber optic,Electronic check,0,Yes,No,No,No,Yes,Yes
CUST-01919,33,79.61,2866.24,Month-to-month,No,Mailed check,0,No,No,No,No,Yes,No
CUST-01920,39,30.86,1383.24,One year,Fiber optic,Mailed check,0,Yes,No,No,No,Yes,No
CUST-01921,29,108.0,3049.21,Month-to-month,Fiber optic,Credit card,0,No,No,No,Yes,No,No
CUST-01922,39,58.07,2424.86,One year,Fiber optic,Credit card,0,Yes,No,Yes,Yes,No,No
CUST-01923,60,96.26,5660.79,One year,DSL,Electronic check,0,Yes,No,No,No,No,No
CUST-01924,32,66.92,2074.08,Month-to-month,No,Electronic check,0,Yes,No,No,No,Yes,Yes
CUST-01925,27,85.29,2303.78,Month-to-month,DSL,Electronic check,0,Yes,Yes,Yes,No,No,Yes
CUST-01926,10,86.78,780.1,Month-to-month,DSL,Credit card,1,No,No,No,No,No,Yes
CUST-01927,26,58.69,1586.46,Month-to-month,Fiber optic,Credit card,0,No,Yes,No,No,Yes,Yes
CUST-01928,10,97.3,1086.72,One year,DSL,Electronic check,0,No,No,No,No,Yes,Yes
CUST-01929,14,51.03,572.42,One year,DSL,Credit card,0,Yes,No,No,Yes,No,No
CUST-01930,69,89.45,6183.79,Two year,Fiber optic,Bank transfer,1,No,Yes,No,No,No,No
CUST-01931,7,60.24,322.69,Month-to-month,Fiber optic,Mailed check,0,Yes,Yes,No,No,Yes,Yes
CUST-01932,35,78.74,2783.34,One year,DSL,Bank transfer,0,Yes,Yes,No,No,Yes,Yes
CUST-01933,61,58.45,3595.28,Month-to-month,Fiber optic,Electronic check,0,No,No,No,Yes,No,No
CUST-01934,69,71.25,4852.5,Two year,Fiber optic,Electronic check,0,Yes,No,No,Yes,No,No
CUST-01935,11,43.13,458.04,Month-to-month,No,Mailed check,0,No,No,No,Yes,No,Yes
CUST-01936,12,76.19,924.59,One year,DSL,Bank transfer,0,No,No,No,Yes,Yes,No
CUST-01937,27,71.1,1851.4,Month-to-month,No,Credit card,0,No,Yes,No,No,No,Yes
CUST-01938,40,56.5,2092.4,Month-to-month,Fiber optic,Bank transfer,0,Yes,No,No,No,Yes,No
CUST-01939,70,68.62,4881.28,Two year,Fiber optic,Mailed check,0,Yes,Yes,Yes,Yes,Yes,No
CUST-01940,15,73.35,1177.09,Month-to-month,DSL,Bank transfer,0,No,No,No,Yes,No,No
CUST-01941,12,54.59,727.31,Month-to-month,Fiber optic,Electronic check,0,Yes,No,No,Yes,Yes,Yes
CUST-01942,19,66.78,1169.56,One year,DSL,Bank transfer,0,No,Yes,Yes,No,Yes,No
CUST-01943,63,44.86,2802.99,Month-to-month,Fiber optic,Credit card,1,No,No,No,No,Yes,Yes
CUST-01944,3,128.64,222.87,Month-to-month,Fiber optic,Mailed check,1,Yes,Yes,No,No,No,Yes
CUST-01945,28,96.48,2909.99,Month-to-month,DSL,Bank transfer,0,Yes,No,No,No,Yes,Yes
CUST-01946,9,76.83,558.58,Month-to-month,DSL,Mailed check,1,Yes,No,No,No,Yes,Yes
CUST-01947,12,99.3,1316.81,Two year,No,Credit card,0,Yes,Yes,Yes,No,No,No
CUST-01948,67,20.52,1297.14,One year,Fiber optic,Electronic check,0,No,No,Yes,No,No,No
CUST-01949,1,20.0,50.27,Month-to-month,Fiber optic,Electronic check,0,No,Yes,No,No,No,Yes
CUST-01950,24,60.02,1414.74,Month-to-month,No,Credit card,0,No,Yes,No,No,Yes,No
CUST-01951,66,35.54,2306.82,Two year,DSL,Bank transfer,0,Yes,No,No,No,No,No
CUST-01952,44,64.08,2860.38,Two year,Fiber optic,Mailed check,0,Yes,Yes,No,Yes,Yes,No
CUST-01953,6,75.14,395.66,Month-to-month,Fiber optic,Credit card,0,Yes,Yes,Yes,No,Yes,No
CUST-01954,34,93.01,3001.01,One year,DSL,Mailed check,0,No,Yes,No,No,No,No
CUST-01955,70,41.54,2891.46,Month-to-month,DSL,Mailed check,0,No,No,No,No,Yes,No
CUST-01956,29,79.99,2431.18,Month-to-month,No,Electronic check,0,Yes,No,No,No,No,Yes
CUST-01957,39,70.36,2745.68,Two year,DSL,Bank transfer,0,No,No,No,No,Yes,No
CUST-01958,39,78.69,2974.81,Two year,DSL,Credit card,0,Yes,No,No,No,Yes,No
CUST-01959,48,57.01,3012.79,Month-to-month,Fiber optic,Credit card,1,No,No,No,No,No,Yes
CUST-01960,14,104.58,1464.93,Two year,Fiber optic,Bank transfer,1,No,No,No,No,Yes,No
CUST-01961,61,67.41,4027.11,One year,Fiber optic,Electronic check,0,No,No,No,No,No,No
CUST-01962,72,114.35,8448.35,One year,DSL,Electronic check,0,No,No,No,No,Yes,No
CUST-01963,11,50.24,379.43,One year,Fiber optic,Mailed check,0,No,No,Yes,No,Yes,No
CUST-01964,59,88.57,5132.45,Month-to-month,Fiber optic,Credit card,0,Yes,No,No,No,Yes,No
CUST-01965,59,68.51,4144.15,Two year,Fiber optic,Bank transfer,1,No,No,No,No,Yes,No
CUST-01966,54,61.81,3242.68,Month-to-month,No,Credit card,0,No,No,Yes,No,No,No
CUST-01967,27,85.81,2389.88,Month-to-month,DSL,Credit card,0,Yes,Yes,No,Yes,Yes,Yes
CUST-01968,34,62.52,2211.53,Month-to-month,Fiber optic,Credit card,0,No,Yes,No,Yes,No,Yes
CUST-01969,61,20.0,1426.85,Two year,Fiber optic,Mailed check,1,No,No,No,No,No,No
CUST-01970,12,20.0,346.28,Month-to-month,Fiber optic,Bank transfer,0,Yes,No,No,Yes,Yes,Yes
CUST-01971,60,101.81,6062.83,Month-to-month,Fiber optic,Electronic check,1,Yes,No,No,No,No,Yes
CUST-01972,67,100.76,6677.04,One year,DSL,Mailed check,0,Yes,Yes,No,No,Yes,No
CUST-01973,50,117.18,5753.58,Month-to-month,Fiber optic,Mailed check,0,Yes,No,No,No,No,No
CUST-01974,25,69.56,1627.4,Month-to-month,Fiber optic,Electronic check,0,No,No,No,Yes,Yes,Yes
CUST-01975,41,37.68,1584.46,Month-to-month,Fiber optic,Electronic check,0,No,No,No,No,No,Yes
CUST-01976,4,59.51,60.31,One year,DSL,Mailed check,0,Yes,No,No,No,Yes,Yes
CUST-01977,68,70.29,4795.54,Month-to-month,DSL,Electronic check,0,No,No,No,Yes,No,No
CUST-01978,25,44.82,927.7,Month-to-month,DSL,Bank transfer,0,Yes,No,No,No,No,Yes
CUST-01979,5,111.21,581.79,Month-to-month,DSL,Mailed check,0,No,No,No,No,Yes,Yes
CUST-01980,58,125.99,7252.53,Two year,DSL,Electronic check,0,No,No,No,No,No,No
CUST-01981,48,81.96,3997.23,One year,DSL,Electronic check,1,Yes,No,No,No,Yes,Yes
CUST-01982,45,69.73,2867.65,Month-to-month,DSL,Mailed check,0,Yes,No,No,Yes,No,No
CUST-01983,4,37.63,245.18,Two year,DSL,Electronic check,1,No,No,No,No,No,No
CUST-01984,55,108.66,5977.41,Two year,No,Bank transfer,0,Yes,Yes,No,No,No,No
CUST-01985,46,71.91,3260.92,One year,Fiber optic,Credit card,0,No,No,No,Yes,No,No
CUST-01986,58,62.77,3693.03,Month-to-month,DSL,Bank transfer,0,Yes,Yes,No,No,No,No
CUST-01987,60,82.03,4966.3,Month-to-month,Fiber optic,Electronic check,0,Yes,No,No,Yes,No,No
CUST-01988,16,55.36,747.97,One year,Fiber optic,Electronic check,0,No,No,No,Yes,Yes,No
CUST-01989,16,73.67,1194.46,Month-to-month,DSL,Credit card,1,Yes,Yes,No,Yes,No,Yes
CUST-01990,67,33.94,2347.09,Month-to-month,Fiber optic,Credit card,0,No,No,No,Yes,No,No
CUST-01991,39,97.18,3630.61,Month-to-month,DSL,Mailed check,0,No,No,No,Yes,No,No
CUST-01992,32,67.39,2176.88,Month-to-month,Fiber optic,Mailed check,0,No,Yes,Yes,No,Yes,Yes
CUST-01993,21,98.97,2198.78,One year,DSL,Mailed check,1,Yes,No,Yes,No,No,No
CUST-01994,47,64.97,3070.75,Month-to-month,Fiber optic,Bank transfer,0,No,Yes,No,Yes,No,No
CUST-01995,55,66.6,3615.7,One year,DSL,Electronic check,0,No,No,No,Yes,Yes,No
CUST-01996,1,39.69,0.0,Two year,DSL,Credit card,0,Yes,No,Yes,Yes,Yes,No
CUST-01997,40,88.99,3449.77,Month-to-month,Fiber optic,Mailed check,1,Yes,Yes,Yes,Yes,Yes,No
CUST-01998,72,48.1,3422.98,Month-to-month,DSL,Electronic check,0,No,No,No,Yes,No,No
CUST-01999,21,57.84,1292.29,Month-to-month,Fiber optic,Mailed check,0,Yes,No,No,Yes,Yes,No
CUST-02000,21,70.03,1529.83,Month-to-month,DSL,Credit card,0,No,No,Yes,Yes,Yes,Yes
CUST-02001,64,73.03,4633.93,Two year,Fiber optic,Mailed check,0,No,Yes,No,Yes,Yes,No
CUST-02002,5,27.35,54.05,One year,Fiber optic,Credit card,0,No,Yes,Yes,No,Yes,No
CUST-02003,29,64.23,1801.55,Two year,Fiber optic,Credit card,0,No,No,No,Yes,No,No
CUST-02004,33,89.88,3081.57,Two year,Fiber optic,Credit card,1,No,No,No,No,Yes,No
CUST-02005,58,60.54,3358.68,Month-to-month,No,Electronic check,1,Yes,No,No,Yes,No,No
CUST-02006,10,64.38,645.41,One year,DSL,Mailed check,0,Yes,No,No,No,No,No
CUST-02007,32,74.06,2315.38,Month-to-month,Fiber optic,Credit card,1,No,Yes,No,Yes,No,Yes
CUST-02008,11,66.85,798.97,Month-to-month,Fiber optic,Electronic check,0,Yes,No,No,Yes,Yes,Yes
CUST-02009,57,44.24,2496.75,Month-to-month,Fiber optic,Electronic check,0,No,No,Yes,Yes,Yes,No
CUST-02010,46,69.09,3048.33,Month-to-month,Fiber optic,Electronic check,0,No,No,No,No,No,Yes
CUST-02011,36,94.85,3568.41,One year,No,Electronic check,1,Yes,No,No,No,Yes,Yes
CUST-02012,29,43.72,1285.22,One year,Fiber optic,Credit card,0,Yes,No,No,No,Yes,No
CUST-02013,12,60.64,739.19,Month-to-month,DSL,Mailed check,0,Yes,No,No,No,Yes,Yes
CUST-02014,67,35.46,2231.32,Month-to-month,Fiber optic,Electronic check,0,Yes,Yes,Yes,No,No,No
CUST-02015,47,93.53,4358.6,One year,DSL,Bank transfer,0,No,Yes,Yes,No,Yes,No
CUST-02016,23,67.69,1478.54,One year,Fiber optic,Mailed check,0,No,No,No,No,Yes,Yes
CUST-02017,30,48.75,1448.32,One year,Fiber optic,Electronic check,0,Yes,No,No,Yes,No,No
CUST-02018,53,72.31,3639.32,Month-to-month,DSL,Credit card,0,No,No,Yes,No,No,No
CUST-02019,52,39.91,2082.97,Month-to-month,DSL,Bank transfer,0,No,Yes,No,No,Yes,No
CUST-02020,34,44.16,1579.53,One year,No,Mailed check,0,Yes,No,No,No,Yes,No
CUST-02021,22,33.5,676.86,One year,DSL,Credit card,0,Yes,Yes,No,No,Yes,No
CUST-02022,48,43.33,2101.95,Month-to-month,DSL,Electronic check,1,Yes,No,No,Yes,Yes,No
CUST-02023,48,103.93,4879.89,Month-to-month,DSL,Bank transfer,0,No,Yes,No,No,Yes,No
CUST-02024,44,51.67,2436.78,Month-to-month,Fiber optic,Credit card,0,No,No,No,No,No,Yes
CUST-02025,6,81.66,382.79,One year,DSL,Electronic check,0,No,No,No,No,Yes,Yes
CUST-02026,35,49.09,1694.31,Month-to-month,Fiber optic,Mailed check,0,No,No,No,Yes,Yes,Yes
CUST-02027,45,88.99,3919.09,One year,DSL,Electronic check,0,No,Yes,No,No,Yes,No
CUST-02028,69,44.35,2961.63,Two year,DSL,Bank transfer,0,Yes,No,No,No,Yes,No
CUST-02029,38,70.98,2851.18,Month-to-month,DSL,Bank transfer,0,Yes,Yes,No,Yes,Yes,Yes
CUST-02030,25,71.32,1926.12,Month-to-month,DSL,Electronic check,0,No,No,No,No,Yes,Yes
CUST-02031,41,128.2,5202.41,Month-to-month,Fiber optic,Electronic check,0,Yes,No,Yes,No,No,Yes
CUST-02032,13,85.76,1453.78,Month-to-month,DSL,Mailed check,0,No,No,No,Yes,Yes,Yes
CUST-02033,7,55.18,494.01,Two year,Fiber optic,Mailed check,0,Yes,No,Yes,No,Yes,No
CUST-02034,49,87.13,4368.46,Two year,Fiber optic,Electronic check,0,Yes,Yes,No,No,Yes,Yes
CUST-02035,72,123.45,8887.32,Month-to-month,DSL,Bank transfer,1,No,No,Yes,Yes,No,No
CUST-02036,61,29.26,1901.87,Two year,DSL,Credit card,0,No,Yes,Yes,No,Yes,No
CUST-02037,43,48.94,2114.85,Month-to-month,Fiber optic,Mailed check,0,No,No,No,No,Yes,Yes
CUST-02038,3,64.08,91.68,One year,Fiber optic,Mailed check,0,Yes,Yes,No,No,Yes,Yes
CUST-02039,72,59.57,4285.27,One year,Fiber optic,Electronic check,0,Yes,No,No,No,Yes,No
CUST-02040,33,61.68,1989.27,Month-to-month,Fiber optic,Mailed check,1,No,No,No,Yes,Yes,Yes
CUST-02041,21,37.39,660.17,Month-to-month,DSL,Bank transfer,0,No,No,No,No,No,Yes
CUST-02042,65,105.1,6930.96,One year,Fiber optic,Credit card,1,Yes,No,No,Yes,Yes,Yes
CUST-02043,54,34.43,1875.44,Month-to-month,Fiber optic,Electronic check,0,Yes,No,No,No,Yes,No
CUST-02044,54,64.99,3501.4,Two year,DSL,Credit card,1,No,No,Yes,No,Yes,No
CUST-02045,20,96.15,2096.85,Month-to-month,Fiber optic,Bank transfer,0,No,No,Yes,No,No,No
CUST-02046,72,69.25,5001.55,Month-to-month,Fiber optic,Bank transfer,0,Yes,No,No,Yes,Yes,Yes
CUST-02047,33,45.52,1624.95,Two year,Fiber optic,Mailed check,0,No,No,Yes,No,No,No
CUST-02048,39,36.28,1309.13,Month-to-month,Fiber optic,Credit card,0,Yes,Yes,No,No,Yes,No
CUST-02049,55,64.25,3454.52,Month-to-month,DSL,Electronic check,1,Yes,No,No,No,Yes,Yes
CUST-02050,48,51.07,2451.43,Month-to-month,Fiber optic,Electronic check,0,Yes,No,No,Yes,Yes,No
CUST-02051,13,75.13,986.21,Month-to-month,Fiber optic,Mailed check,0,Yes,No,No,Yes,Yes,No
CUST-02052,22,34.96,798.84,Month-to-month,Fiber optic,Bank transfer,0,No,Yes,Yes,Yes,Yes,Yes
CUST-02053,27,90.33,2538.99,Month-to-month,Fiber optic,Mailed check,1,Yes,Yes,No,Yes,Yes,Yes
CUST-02054,69,72.89,5391.15,Month-to-month,Fiber optic,Credit card,1,Yes,Yes,Yes,Yes,Yes,No
CUST-02055,52,74.75,3725.42,Month-to-month,Fiber optic,Electronic check,0,Yes,No,Yes,No,No,No
CUST-02056,27,106.03,2801.47,Two year,DSL,Bank transfer,0,Yes,No,No,No,Yes,No
CUST-02057,53,59.06,3169.92,Two year,Fiber optic,Mailed check,0,Yes,Yes,No,No,Yes,No
CUST-02058,54,51.85,2995.36,Month-to-month,Fiber optic,Mailed check,0,Yes,No,No,No,No,No
CUST-02059,29,56.31,1610.16,Two year,DSL,Electronic check,1,Yes,No,No,No,No,No
CUST-02060,30,65.19,1953.36,Two year,DSL,Credit card,0,No,No,Yes,No,Yes,No
CUST-02061,65,67.73,4360.99,Two year,DSL,Electronic check,0,Yes,Yes,No,No,No,No
CUST-02062,41,49.23,2071.31,One year,Fiber optic,Electronic check,0,Yes,No,Yes,No,No,Yes
CUST-02063,11,20.0,216.86,Month-to-month,DSL,Bank transfer,0,No,No,No,No,Yes,Yes
CUST-02064,52,55.98,2992.29,Month-to-month,Fiber optic,Electronic check,0,Yes,Yes,No,Yes,Yes,Yes
CUST-02065,43,79.0,3519.06,Two year,No,Bank transfer,0,Yes,No,Yes,No,Yes,No
CUST-02066,37,73.41,2677.71,Month-to-month,No,Bank transfer,1,Yes,No,No,No,Yes,No
CUST-02067,53,99.99,5394.69,Two year,DSL,Electronic check,0,Yes,No,Yes,No,No,No
CUST-02068,66,118.89,7771.15,One year,Fiber optic,Electronic check,0,Yes,No,Yes,No,Yes,No
CUST-02069,24,88.98,2157.35,Month-to-month,No,Electronic check,0,Yes,No,Yes,Yes,No,Yes
CUST-02070,31,104.56,3173.87,Month-to-month,Fiber optic,Electronic check,0,No,No,Yes,No,Yes,Yes
CUST-02071,14,89.17,1081.96,Two year,DSL,Mailed check,1,Yes,Yes,No,No,No,No
CUST-02072,47,112.75,5390.8,Month-to-month,Fiber optic,Mailed check,0,Yes,Yes,Yes,No,No,No
CUST-02073,29,116.27,3269.14,One year,Fiber optic,Credit card,0,No,Yes,No,No,Yes,No
CUST-02074,25,93.78,2270.17,Two year,Fiber optic,Mailed check,1,No,No,No,No,No,No
CUST-02075,51,87.66,4434.33,Month-to-month,No,Bank transfer,0,No,No,No,No,Yes,No
CUST-02076,30,64.87,2135.87,Month-to-month,No,Mailed check,0,Yes,No,Yes,Yes,Yes,No
CUST-02077,34,68.97,2507.15,Month-to-month,Fiber optic,Mailed check,0,No,No,No,No,Yes,No
CUST-02078,32,61.55,1801.53,Two year,DSL,Bank transfer,0,No,No,No,No,No,No
CUST-02079,19,85.53,1501.21,Month-to-month,Fiber optic,Bank transfer,0,Yes,Yes,No,No,No,No
CUST-02080,10,51.99,707.52,Month-to-month,Fiber optic,Bank transfer,0,No,No,No,No,Yes,Yes
CUST-02081,60,65.22,4131.9,Month-to-month,Fiber optic,Mailed check,0,No,Yes,No,No,Yes,No
CUST-02082,7,20.0,187.84,Month-to-month,Fiber optic,Bank transfer,0,Yes,No,Yes,Yes,Yes,Yes
CUST-02083,24,113.08,2727.58,Month-to-month,Fiber optic,Mailed check,0,Yes,No,No,Yes,No,No
CUST-02084,49,64.49,3153.68,Month-to-month,Fiber optic,Electronic check,0,Yes,No,No,No,No,Yes
CUST-02085,10,81.39,791.96,Two year,No,Mailed check,0,No,No,No,Yes,Yes,No
CUST-02086,48,106.44,4984.54,Month-to-month,Fiber optic,Mailed check,0,No,Yes,No,No,No,No
CUST-02087,53,77.51,4190.63,Two year,Fiber optic,Credit card,0,No,No,No,Yes,Yes,No
CUST-02088,48,106.11,4998.95,Two year,Fiber optic,Credit card,1,Yes,No,No,Yes,Yes,No
CUST-02089,22,38.96,922.35,One year,Fiber optic,Electronic check,0,Yes,No,No,Yes,Yes,No
CUST-02090,2,129.93,263.31,One year,Fiber optic,Mailed check,0,No,No,No,No,Yes,Yes
CUST-02091,64,97.18,6328.87,Month-to-month,DSL,Mailed check,0,No,Yes,No,Yes,Yes,No
CUST-02092,24,75.23,1736.96,One year,Fiber optic,Electronic check,0,No,No,No,No,No,Yes
CUST-02093,58,105.63,5998.74,Month-to-month,Fiber optic,Electronic check,0,No,Yes,Yes,No,Yes,No
CUST-02094,15,40.78,510.61,Month-to-month,Fiber optic,Credit card,0,No,No,Yes,Yes,Yes,Yes
CUST-02095,12,62.78,751.26,One year,No,Bank transfer,0,No,No,Yes,Yes,No,No
CUST-02096,57,106.11,6032.52,Month-to-month,No,Mailed check,0,No,No,No,Yes,Yes,No
CUST-02097,68,23.32,1457.76,Month-to-month,Fiber optic,Electronic check,0,No,No,No,No,Yes,Yes
CUST-02098,62,84.01,5155.39,One year,No,Mailed check,0,No,Yes,Yes,No,No,No
CUST-02099,55,83.3,4589.6,Month-to-month,Fiber optic,Mailed check,0,No,No,No,Yes,Yes,No
CUST-02100,18,119.23,2216.83,Month-to-month,No,Electronic check,0,No,No,No,No,Yes,Yes
CUST-02101,66,30.43,2005.84,Month-to-month,No,Credit card,0,No,No,No,No,Yes,No
CUST-02102,49,110.24,5471.96,Month-to-month,Fiber optic,Bank transfer,0,No,No,Yes,No,No,Yes
CUST-02103,13,56.01,732.39,Month-to-month,DSL,Mailed check,0,Yes,No,Yes,No,Yes,Yes
CUST-02104,10,58.82,593.06,Month-to-month,DSL,Electronic check,0,No,No,No,Yes,Yes,No
CUST-02105,63,39.45,2535.37,Month-to-month,Fiber optic,Credit card,0,No,No,Yes,No,No,No
CUST-02106,20,42.8,736.86,One year,Fiber optic,Bank transfer,0,Yes,Yes,No,Yes,Yes,No
CUST-02107,56,80.09,4673.61,Two year,Fiber optic,Credit card,0,Yes,No,Yes,No,Yes,No
CUST-02108,10,42.19,429.67,One year,Fiber optic,Credit card,0,Yes,No,Yes,No,Yes,No
CUST-02109,21,88.51,1849.85,Month-to-month,Fiber optic,Mailed check,1,No,No,Yes,No,No,Yes
CUST-02110,21,53.43,1146.85,One year,DSL,Bank transfer,0,No,Yes,No,No,No,No
CUST-02111,21,39.67,947.08,Two year,DSL,Mailed check,0,Yes,No,No,No,No,No
CUST-02112,49,56.8,2825.02,Two year,Fiber optic,Electronic check,0,No,No,No,No,No,No
CUST-02113,66,78.42,5239.28,Month-to-month,DSL,Electronic check,0,No,Yes,No,Yes,Yes,No
CUST-02114,66,63.07,4171.26,Month-to-month,No,Electronic check,0,No,No,No,No,Yes,Yes
CUST-02115,54,70.86,3718.08,Month-to-month,No,Credit card,0,No,No,Yes,Yes,Yes,No
CUST-02116,15,87.41,1051.5,One year,Fiber optic,Credit card,0,No,No,No,No,No,Yes
CUST-02117,70,97.06,6877.19,Month-to-month,Fiber optic,Mailed check,1,Yes,No,No,Yes,Yes,No
CUST-02118,40,62.25,2590.81,Two year,Fiber optic,Credit card,0,Yes,No,No,No,Yes,No
CUST-02119,40,43.89,1635.97,Month-to-month,No,Bank transfer,0,Yes,Yes,Yes,No,No,Yes
CUST-02120,51,71.9,3535.33,One year,Fiber optic,Electronic check,0,Yes,Yes,No,Yes,Yes,Yes
CUST-02121,56,81.77,4461.84,Month-to-month,No,Electronic check,0,No,Yes,Yes,No,No,No
CUST-02122,69,33.48,2246.13,Month-to-month,Fiber optic,Mailed check,0,No,No,No,No,Yes,Yes
CUST-02123,42,47.73,1909.41,Month-to-month,DSL,Credit card,0,Yes,Yes,No,Yes,Yes,Yes
CUST-02124,44,52.02,2296.51,One year,Fiber optic,Bank transfer,0,No,Yes,No,No,Yes,No
CUST-02125,54,64.8,3510.38,Month-to-month,Fiber optic,Mailed check,0,Yes,No,No,No,Yes,No
CUST-02126,19,50.97,967.38,Month-to-month,No,Credit card,0,Yes,No,No,No,Yes,Yes
CUST-02127,23,87.68,1957.63,One year,DSL,Mailed check,0,Yes,Yes,Yes,Yes,Yes,No
CUST-02128,46,29.87,1276.25,Two year,Fiber optic,Credit card,0,Yes,No,No,No,No,No
CUST-02129,5,30.51,0.0,One year,Fiber optic,Bank transfer,0,No,No,Yes,Yes,Yes,No
CUST-02130,24,61.65,1414.67,One year,No,Bank transfer,0,Yes,No,Yes,No,Yes,No
CUST-02131,52,65.61,3467.01,Month-to-month,Fiber optic,Electronic check,0,Yes,No,No,No,Yes,No
CUST-02132,71,33.63,2217.8,Two year,DSL,Electronic check,0,Yes,No,No,Yes,Yes,No
CUST-02133,38,54.83,2068.48,Month-to-month,No,Credit card,0,No,Yes,No,Yes,Yes,No
CUST-02134,29,59.97,1625.25,Two year,Fiber optic,Credit card,0,Yes,No,No,No,Yes,No
CUST-02135,32,60.17,1787.07,Two year,No,Mailed check,0,No,No,No,No,No,No
CUST-02136,50,73.8,3778.36,Month-to-month,Fiber optic,Credit card,0,No,No,No,No,Yes,Yes
CUST-02137,40,53.46,2253.61,Month-to-month,DSL,Mailed check,0,No,Yes,No,Yes,Yes,No
CUST-02138,2,106.95,255.93,One year,No,Mailed check,0,Yes,No,Yes,Yes,Yes,Yes
CUST-02139,39,82.21,3079.23,One year,Fiber optic,Mailed check,1,No,Yes,No,Yes,No,Yes
CUST-02140,29,49.82,1520.68,One year,No,Mailed check,0,No,No,No,No,No,No
CUST-02141,51,72.36,3757.09,Two year,DSL,Credit card,0,Yes,No,No,No,Yes,No
CUST-02142,64,73.1,4870.7,Month-to-month,Fiber optic,Electronic check,0,Yes,No,No,No,Yes,Yes
CUST-02143,70,100.37,6964.92,Month-to-month,DSL,Credit card,0,Yes,No,No,Yes,Yes,No
CUST-02144,44,54.99,2449.78,One year,DSL,Mailed check,0,No,No,No,No,No,No
CUST-02145,27,89.18,2311.59,Month-to-month,No,Credit card,0,No,No,No,No,No,Yes
CUST-02146,32,71.05,2076.23,One year,DSL,Credit card,1,Yes,No,No,Yes,Yes,No
CUST-02147,13,107.29,1204.3,Two year,DSL,Bank transfer,0,Yes,Yes,No,No,No,Yes
CUST-02148,68,102.27,6953.23,Month-to-month,No,Electronic check,0,Yes,No,Yes,No,No,No
CUST-02149,62,74.92,4564.14,Two year,Fiber optic,Bank transfer,0,No,No,No,No,No,No
CUST-02150,62,63.44,3978.6,Two year,Fiber optic,Credit card,0,Yes,No,Yes,No,Yes,No
CUST-02151,24,82.67,2041.73,Month-to-month,No,Credit card,0,Yes,No,No,No,No,No
CUST-02152,24,65.49,1566.77,Two year,Fiber optic,Electronic check,0,No,No,No,No,No,Yes
CUST-02153,62,112.01,6782.86,One year,DSL,Bank transfer,1,Yes,Yes,No,No,Yes,No
CUST-02154,40,71.96,2773.42,Month-to-month,Fiber optic,Mailed check,0,No,No,Yes,No,No,No
CUST-02155,51,59.86,3070.0,Month-to-month,Fiber optic,Bank transfer,0,No,No,No,No,No,Yes
CUST-02156,36,58.51,2133.6,Month-to-month,DSL,Bank transfer,1,No,Yes,Yes,No,Yes,No
CUST-02157,32,39.67,1298.24,One year,Fiber optic,Credit card,1,No,Yes,No,Yes,No,No
CUST-02158,46,83.91,3940.38,Month-to-month,Fiber optic,Electronic check,1,Yes,Yes,Yes,Yes,No,Yes
CUST-02159,59,49.5,2890.07,Month-to-month,DSL,Bank transfer,0,No,Yes,Yes,No,Yes,No
CUST-02160,25,97.45,2451.01,Two year,DSL,Bank transfer,1,No,Yes,Yes,Yes,Yes,No
CUST-02161,59,37.68,2272.43,One year,No,Mailed check,0,Yes,No,No,No,No,No
CUST-02162,18,73.18,1407.75,One year,DSL,Mailed check,1,No,Yes,Yes,Yes,No,No
CUST-02163,30,98.76,2955.04,Two year,DSL,Mailed check,0,No,No,No,No,Yes,No
CUST-02164,66,20.0,1308.89,Month-to-month,No,Bank transfer,0,No,No,No,No,No,No
CUST-02165,69,120.46,8336.02,Month-to-month,Fiber optic,Electronic check,0,Yes,No,Yes,No,No,No
CUST-02166,67,59.37,3976.05,One year,No,Credit card,0,No,Yes,No,No,Yes,No
CUST-02167,23,73.53,1657.6,Month-to-month,No,Electronic check,0,Yes,Yes,No,No,Yes,Yes
CUST-02168,61,84.29,5071.72,Month-to-month,Fiber optic,Mailed check,1,No,Yes,No,No,No,No
CUST-02169,68,88.15,5816.36,One year,Fiber optic,Credit card,1,No,No,No,Yes,Yes,No
CUST-02170,71,76.85,5503.33,Month-to-month,DSL,Electronic check,0,Yes,No,Yes,Yes,Yes,No
CUST-02171,2,94.93,230.05,Month-to-month,DSL,Mailed check,0,No,No,No,No,No,Yes
CUST-02172,54,82.98,4500.88,One year,DSL,Credit card,0,Yes,No,No,No,Yes,No
CUST-02173,72,114.02,8244.34,One year,Fiber optic,Mailed check,0,Yes,No,Yes,No,Yes,No
CUST-02174,56,83.06,4628.43,Month-to-month,Fiber optic,Mailed check,0,Yes,No,Yes,No,Yes,No
CUST-02175,17,119.12,2205.82,Month-to-month,Fiber optic,Electronic check,0,Yes,Yes,No,No,Yes,No
CUST-02176,55,92.53,5171.35,Two year,DSL,Electronic check,0,No,Yes,Yes,No,No,No
CUST-02177,8,24.86,387.01,Two year,Fiber optic,Electronic check,0,Yes,No,No,Yes,No,Yes
CUST-02178,35,130.0,4477.86,Month-to-month,DSL,Credit card,0,No,No,No,Yes,Yes,Yes
CUST-02179,46,55.64,2547.81,Month-to-month,DSL,Bank transfer,0,Yes,No,No,No,No,No
CUST-02180,33,107.39,3532.14,One year,Fiber optic,Electronic check,0,Yes,No,Yes,No,Yes,Yes
CUST-02181,51,70.67,3743.25,Month-to-month,Fiber optic,Credit card,0,Yes,Yes,No,No,No,No
CUST-02182,18,96.53,1524.92,Month-to-month,Fiber optic,Bank transfer,0,No,No,No,No,No,No
CUST-02183,44,52.79,2378.38,Month-to-month,Fiber optic,Mailed check,0,No,Yes,No,No,Yes,Yes
CUST-02184,47,85.64,4041.19,Month-to-month,Fiber optic,Mailed check,1,Yes,Yes,Yes,No,Yes,Yes
CUST-02185,46,63.67,3033.32,Month-to-month,No,Electronic check,0,Yes,Yes,Yes,No,Yes,Yes
CUST-02186,21,109.48,2243.05,Month-to-month,Fiber optic,Bank transfer,0,No,No,No,No,No,Yes
CUST-02187,22,80.97,1607.6,Two year,Fiber optic,Bank transfer,0,Yes,No,Yes,No,Yes,No
CUST-02188,19,93.4,1963.92,Month-to-month,DSL,Bank transfer,0,No,Yes,No,No,Yes,Yes
CUST-02189,34,20.0,678.87,Month-to-month,Fiber optic,Mailed check,0,Yes,No,Yes,Yes,Yes,No
CUST-02190,43,67.86,3013.58,Month-to-month,Fiber optic,Bank transfer,1,Yes,No,No,No,Yes,Yes
CUST-02191,27,80.26,2136.37,Two year,DSL,Credit card,1,No,No,No,No,No,No
CUST-02192,30,75.59,2381.59,Month-to-month,Fiber optic,Bank transfer,0,Yes,Yes,Yes,No,Yes,No
CUST-02193,21,94.03,2052.07,Month-to-month,Fiber optic,Bank transfer,0,Yes,No,No,No,No,Yes
CUST-02194,16,60.85,1095.94,One year,DSL,Electronic check,0,No,No,No,No,Yes,No
CUST-02195,48,71.22,3385.76,One year,No,Mailed check,1,Yes,No,Yes,Yes,No,No
CUST-02196,59,99.53,6007.81,Two year,DSL,Electronic check,1,Yes,No,No,No,Yes,No
CUST-02197,21,20.0,473.04,Month-to-month,No,Mailed check,1,Yes,No,Yes,Yes,No,Yes
CUST-02198,62,84.73,5072.34,Month-to-month,Fiber optic,Credit card,0,No,Yes,No,No,No,No
CUST-02199,42,61.65,2726.09,Month-to-month,DSL,Bank transfer,0,No,Yes,No,Yes,No,No
CUST-02200,13,47.19,671.67,One year,DSL,Credit card,0,No,No,Yes,No,Yes,No
CUST-02201,27,78.41,2087.82,Month-to-month,Fiber optic,Mailed check,0,No,No,Yes,No,Yes,Yes
CUST-02202,1,100.69,87.94,Month-to-month,Fiber optic,Credit card,0,No,No,No,No,No,Yes
CUST-02203,3,95.98,187.69,Month-to-month,Fiber optic,Bank transfer,0,Yes,No,No,Yes,Yes,Yes
CUST-02204,25,66.62,1680.81,Two year,Fiber optic,Bank transfer,0,No,No,Yes,Yes,Yes,No
CUST-02205,33,91.89,3088.31,Month-to-month,DSL,Credit card,0,No,No,No,No,No,No
CUST-02206,58,91.7,5330.57,Month-to-month,Fiber optic,Mailed check,0,Yes,No,No,No,No,No
CUST-02207,10,67.82,701.69,Two year,No,Mailed check,0,No,Yes,No,Yes,No,No
CUST-02208,61,52.67,3158.85,One year,Fiber optic,Bank transfer,0,No,No,No,No,No,No
CUST-02209,17,54.12,828.37,One year,Fiber optic,Mailed check,0,Yes,No,No,No,No,Yes
CUST-02210,10,90.95,913.19,One year,Fiber optic,Bank transfer,0,No,No,No,No,Yes,Yes
CUST-02211,51,68.95,3542.55,Month-to-month,Fiber optic,Credit card,0,Yes,No,No,Yes,No,No
CUST-02212,56,43.85,2414.65,Two year,Fiber optic,Electronic check,0,Yes,Yes,No,Yes,No,No
CUST-02213,44,27.88,1274.34,Month-to-month,DSL,Bank transfer,1,Yes,No,No,No,No,No
CUST-02214,9,90.8,903.96,Two year,DSL,Mailed check,0,No,No,No,No,No,No
CUST-02215,9,56.33,604.77,Month-to-month,Fiber optic,Electronic check,1,No,No,No,No,No,Yes
CUST-02216,29,78.26,2221.14,One year,No,Electronic check,1,No,Yes,Yes,No,Yes,No
CUST-02217,33,100.99,3166.96,Month-to-month,Fiber optic,Credit card,1,No,No,No,No,Yes,Yes
CUST-02218,72,37.28,2727.5,Month-to-month,DSL,Mailed check,0,No,No,Yes,Yes,Yes,No
CUST-02219,21,68.87,1417.86,Month-to-month,DSL,Electronic check,0,Yes,Yes,No,No,Yes,Yes
CUST-02220,14,65.73,922.93,One year,Fiber optic,Bank transfer,0,Yes,No,No,Yes,Yes,No
CUST-02221,69,79.49,5437.04,Month-to-month,Fiber optic,Electronic check,1,No,No,Yes,No,Yes,Yes
CUST-02222,12,100.98,1375.44,Two year,DSL,Mailed check,0,No,Yes,No,No,Yes,Yes
CUST-02223,2,36.76,32.14,Month-to-month,DSL,Electronic check,0,No,No,No,No,Yes,Yes
CUST-02224,31,84.24,2799.09,One year,Fiber optic,Bank transfer,0,No,No,No,No,Yes,No
CUST-02225,29,95.79,2856.01,One year,DSL,Credit card,0,Yes,No,No,Yes,No,No
CUST-02226,45,65.34,3045.74,Month-to-month,Fiber optic,Credit card,0,No,No,Yes,No,No,Yes
CUST-02227,64,66.56,4247.25,One year,Fiber optic,Electronic check,0,Yes,Yes,Yes,No,Yes,No
CUST-02228,68,80.46,5388.35,One year,DSL,Credit card,0,Yes,Yes,No,No,Yes,No
CUST-02229,21,78.62,1721.31,One year,Fiber optic,Bank transfer,0,No,No,No,Yes,Yes,No
CUST-02230,71,84.56,6038.24,One year,DSL,Credit card,1,No,Yes,No,Yes,Yes,No
CUST-02231,46,84.03,3815.28,One year,DSL,Electronic check,0,Yes,No,No,No,Yes,No
CUST-02232,6,45.45,343.99,Month-to-month,No,Credit card,0,No,No,No,Yes,No,No
CUST-02233,68,94.76,6502.42,Month-to-month,Fiber optic,Mailed check,0,No,No,No,No,Yes,Yes
CUST-02234,10,99.17,819.65,Month-to-month,DSL,Mailed check,0,Yes,No,No,No,Yes,No
CUST-02235,43,74.65,3272.14,One year,DSL,Credit card,0,Yes,No,No,Yes,No,No
CUST-02236,57,32.65,1957.47,Two year,DSL,Bank transfer,0,Yes,No,No,No,Yes,No
CUST-02237,18,67.13,1056.29,Month-to-month,No,Bank transfer,0,Yes,Yes,No,Yes,No,Yes
CUST-02238,20,74.86,1692.76,Month-to-month,Fiber optic,Bank transfer,1,Yes,No,Yes,Yes,Yes,Yes
CUST-02239,35,41.38,1588.79,Month-to-month,Fiber optic,Mailed check,0,Yes,No,Yes,No,No,Yes
CUST-02240,64,61.0,3732.04,One year,DSL,Credit card,0,Yes,No,No,No,Yes,No
CUST-02241,17,34.77,555.26,One year,No,Electronic check,0,Yes,No,Yes,Yes,Yes,Yes
CUST-02242,48,85.18,3999.49,One year,Fiber optic,Bank transfer,0,Yes,No,No,No,Yes,Yes
CUST-02243,33,74.15,2328.34,One year,DSL,Electronic check,0,No,No,No,No,No,No
CUST-02244,9,28.86,291.16,One year,Fiber optic,Mailed check,0,Yes,No,Yes,Yes,Yes,No
CUST-02245,52,78.79,4111.87,Month-to-month,Fiber optic,Bank transfer,0,Yes,Yes,Yes,Yes,Yes,Yes
CUST-02246,60,68.59,4024.31,Month-to-month,Fiber optic,Credit card,0,Yes,No,No,No,No,Yes
CUST-02247,42,82.91,3402.84,Month-to-month,Fiber optic,Credit card,0,No,No,No,No,Yes,No
CUST-02248,13,60.21,783.96,Two year,DSL,Bank transfer,0,Yes,No,No,Yes,Yes,No
CUST-02249,12,49.96,640.73,One year,Fiber optic,Credit card,0,No,No,No,No,Yes,No
CUST-02250,31,50.73,1490.07,Month-to-month,Fiber optic,Electronic check,0,Yes,No,Yes,No,Yes,No
CUST-02251,37,56.55,2099.19,Month-to-month,Fiber optic,Bank transfer,0,Yes,No,No,No,Yes,No
CUST-02252,40,70.47,2874.12,Month-to-month,Fiber optic,Bank transfer,0,No,No,No,No,Yes,No
CUST-02253,18,73.7,1418.27,Two year,DSL,Electronic check,0,No,No,No,No,Yes,No
CUST-02254,37,65.23,2443.1,Month-to-month,Fiber optic,Bank transfer,0,No,Yes,No,Yes,Yes,No
CUST-02255,22,59.42,1323.22,One year,Fiber optic,Electronic check,0,Yes,No,No,Yes,No,No
CUST-02256,50,61.21,3036.88,Month-to-month,Fiber optic,Bank transfer,0,No,No,No,No,Yes,Yes
CUST-02257,58,130.0,7499.22,One year,No,Electronic check,0,No,No,Yes,Yes,Yes,No
CUST-02258,47,50.73,2402.3,One year,Fiber optic,Credit card,0,No,No,No,Yes,Yes,No
CUST-02259,1,56.05,65.62,Month-to-month,Fiber optic,Mailed check,0,No,No,No,Yes,Yes,Yes
CUST-02260,72,130.0,9401.36,One year,Fiber optic,Bank transfer,0,Yes,Yes,No,No,Yes,No
CUST-02261,2,80.53,84.63,Month-to-month,DSL,Bank transfer,0,No,Yes,No,No,Yes,No
CUST-02262,72,35.5,2620.17,Two year,No,Credit card,0,No,No,Yes,Yes,No,No
CUST-02263,3,91.07,121.32,Month-to-month,Fiber optic,Mailed check,0,Yes,Yes,Yes,No,No,Yes
CUST-02264,38,47.25,1863.74,One year,No,Mailed check,1,Yes,No,Yes,No,Yes,No
CUST-02265,8,92.73,720.64,Month-to-month,Fiber optic,Bank transfer,0,No,Yes,No,Yes,Yes,Yes
CUST-02266,7,64.73,340.03,One year,Fiber optic,Electronic check,1,No,Yes,No,No,Yes,Yes
CUST-02267,50,59.01,2837.82,Month-to-month,DSL,Bank transfer,0,No,Yes,Yes,No,No,No
CUST-02268,53,110.23,5897.1,One year,Fiber optic,Mailed check,0,No,Yes,Yes,No,Yes,No
CUST-02269,9,84.16,769.93,Month-to-month,Fiber optic,Credit card,0,No,Yes,No,No,No,Yes
CUST-02270,71,94.32,6717.71,Month-to-month,No,Bank transfer,0,Yes,No,No,No,No,Yes
CUST-02271,24,80.87,1921.94,Two year,Fiber optic,Credit card,0,No,No,No,No,No,Yes
CUST-02272,23,58.89,1313.81,Month-to-month,Fiber optic,Credit card,1,No,Yes,Yes,No,Yes,Yes
CUST-02273,22,85.28,1888.26,Month-to-month,Fiber optic,Electronic check,0,Yes,No,No,No,Yes,Yes
CUST-02274,34,100.23,3404.39,One year,DSL,Bank transfer,1,No,No,Yes,No,Yes,Yes
CUST-02275,13,73.37,877.48,Month-to-month,Fiber optic,Bank transfer,1,Yes,Yes,Yes,Yes,Yes,Yes
CUST-02276,31,115.04,3398.45,Two year,No,Mailed check,0,No,No,No,No,Yes,No
CUST-02277,16,91.26,1390.04,Month-to-month,Fiber optic,Electronic check,1,No,No,Yes,No,Yes,Yes
CUST-02278,4,75.3,316.51,Two year,Fiber optic,Mailed check,0,No,Yes,No,No,No,No
CUST-02279,27,76.29,2142.45,Two year,No,Electronic check,1,No,No,No,No,Yes,No
CUST-02280,49,73.43,3398.21,Month-to-month,DSL,Credit card,0,Yes,No,Yes,No,Yes,No
CUST-02281,55,38.72,2079.21,Month-to-month,No,Electronic check,0,No,No,No,Yes,Yes,Yes
CUST-02282,26,67.75,1782.51,One year,Fiber optic,Electronic check,0,Yes,No,No,No,Yes,Yes
CUST-02283,24,75.53,1824.67,One year,DSL,Electronic check,1,Yes,No,No,Yes,No,Yes
CUST-02284,57,59.6,3402.14,Month-to-month,Fiber optic,Electronic check,1,No,No,Yes,No,Yes,No
CUST-02285,50,78.44,3869.3,Month-to-month,DSL,Electronic check,0,Yes,Yes,No,Yes,No,No
CUST-02286,60,70.53,4153.86,Month-to-month,Fiber optic,Bank transfer,0,Yes,No,No,No,Yes,No
CUST-02287,66,89.34,5941.07,One year,DSL,Electronic check,0,Yes,No,No,Yes,No,Yes
CUST-02288,60,86.58,5217.29,One year,DSL,Bank transfer,0,No,No,No,No,Yes,No
CUST-02289,68,74.18,5036.35,Month-to-month,Fiber optic,Mailed check,0,No,No,No,Yes,Yes,No
CUST-02290,30,35.82,1274.32,Month-to-month,Fiber optic,Mailed check,0,No,Yes,No,Yes,Yes,Yes
CUST-02291,29,114.77,3449.65,One year,DSL,Bank transfer,0,No,No,No,No,Yes,No
CUST-02292,24,66.45,1643.88,Two year,Fiber optic,Electronic check,1,Yes,Yes,No,No,Yes,No
CUST-02293,17,67.98,1247.94,Month-to-month,DSL,Bank transfer,0,Yes,No,No,No,Yes,Yes
CUST-02294,54,61.44,3382.21,Month-to-month,Fiber optic,Bank transfer,0,Yes,No,No,No,Yes,Yes
CUST-02295,52,57.79,2977.58,Month-to-month,Fiber optic,Bank transfer,0,No,No,No,Yes,Yes,No
CUST-02296,58,108.6,6187.52,One year,DSL,Electronic check,0,Yes,Yes,No,No,Yes,No
CUST-02297,13,104.65,1456.83,Month-to-month,No,Electronic check,0,No,No,No,No,Yes,Yes
CUST-02298,36,81.11,2918.47,Month-to-month,Fiber optic,Electronic check,0,Yes,No,No,No,Yes,Yes
CUST-02299,16,67.31,1167.0,One year,DSL,Credit card,1,Yes,No,No,No,No,No
CUST-02300,65,85.48,5637.9,Month-to-month,Fiber optic,Mailed check,0,No,Yes,No,No,Yes,No
CUST-02301,20,71.84,1286.85,Month-to-month,Fiber optic,Electronic check,1,Yes,No,No,No,Yes,Yes
CUST-02302,11,65.24,780.44,Month-to-month,DSL,Electronic check,0,Yes,Yes,Yes,Yes,Yes,Yes
CUST-02303,42,78.45,3468.37,Month-to-month,DSL,Mailed check,0,No,No,Yes,No,Yes,Yes
CUST-02304,64,58.97,3756.3,Month-to-month,Fiber optic,Mailed check,1,Yes,No,No,No,Yes,No
CUST-02305,66,76.31,5071.02,Month-to-month,Fiber optic,Credit card,0,No,No,No,No,Yes,No
CUST-02306,7,75.11,629.82,Month-to-month,DSL,Credit card,1,No,No,Yes,No,Yes,Yes
CUST-02307,24,85.07,1895.48,Month-to-month,Fiber optic,Credit card,0,Yes,Yes,Yes,Yes,No,Yes
CUST-02308,12,54.52,450.78,Two year,DSL,Electronic check,0,Yes,Yes,Yes,No,No,Yes
CUST-02309,23,87.75,2002.91,Two year,DSL,Bank transfer,0,No,Yes,No,No,Yes,No
CUST-02310,39,47.34,1689.82,Month-to-month,Fiber optic,Mailed check,0,No,No,No,No,Yes,No
CUST-02311,21,55.69,1304.09,One year,DSL,Electronic check,1,No,Yes,Yes,No,Yes,No
CUST-02312,5,56.78,370.07,Month-to-month,DSL,Mailed check,0,Yes,No,No,No,No,No
CUST-02313,37,43.2,1728.56,Two year,DSL,Bank transfer,0,Yes,No,No,No,No,No
CUST-02314,4,95.39,377.2,Two year,Fiber optic,Electronic check,0,No,No,Yes,No,No,No
CUST-02315,17,45.77,890.4,One year,Fiber optic,Credit card,0,Yes,Yes,No,No,Yes,No
CUST-02316,1,52.53,61.89,One year,Fiber optic,Bank transfer,0,Yes,No,Yes,Yes,No,No
CUST-02317,7,101.39,749.84,Month-to-month,Fiber optic,Credit card,0,No,No,No,No,Yes,Yes
CUST-02318,32,55.74,1997.9,Month-to-month,Fiber optic,Electronic check,1,No,No,Yes,No,No,No
CUST-02319,62,65.3,3922.96,Month-to-month,DSL,Electronic check,0,No,No,Yes,Yes,No,No
CUST-02320,56,44.7,2676.92,Month-to-month,DSL,Credit card,0,No,Yes,No,No,Yes,Yes
CUST-02321,8,90.82,538.92,One year,DSL,Credit card,0,No,Yes,No,No,Yes,No
CUST-02322,3,91.17,272.02,Month-to-month,Fiber optic,Bank transfer,0,Yes,No,Yes,Yes,Yes,Yes
CUST-02323,25,88.47,2267.91,Month-to-month,DSL,Electronic check,0,Yes,Yes,Yes,No,No,No
CUST-02324,47,83.44,3872.38,One year,DSL,Mailed check,1,Yes,Yes,Yes,Yes,Yes,No
CUST-02325,54,71.84,3908.09,One year,Fiber optic,Credit card,0,No,No,No,No,Yes,No
CUST-02326,60,56.89,3450.4,One year,Fiber optic,Credit card,1,No,No,Yes,No,Yes,No
CUST-02327,25,49.63,1302.73,Month-to-month,Fiber optic,Bank transfer,0,No,No,Yes,No,No,Yes
CUST-02328,13,102.25,1309.34,Two year,Fiber optic,Mailed check,0,No,Yes,No,Yes,Yes,Yes
CUST-02329,2,89.12,110.39,Month-to-month,DSL,Credit card,0,Yes,No,No,No,Yes,No
CUST-02330,11,52.67,598.26,One year,Fiber optic,Mailed check,0,Yes,No,No,No,No,Yes
CUST-02331,5,71.0,322.88,Month-to-month,Fiber optic,Electronic check,0,No,No,Yes,Yes,Yes,Yes
CUST-02332,62,62.5,3877.75,Month-to-month,No,Mailed check,0,No,Yes,Yes,No,No,No
CUST-02333,20,41.79,804.98,Two year,Fiber optic,Mailed check,0,No,Yes,Yes,Yes,Yes,No
CUST-02334,60,74.44,4486.54,Month-to-month,Fiber optic,Bank transfer,0,Yes,No,No,No,No,No
CUST-02335,40,59.61,2323.98,Month-to-month,DSL,Bank transfer,0,Yes,Yes,Yes,No,Yes,No
CUST-02336,39,46.19,1753.53,Month-to-month,No,Bank transfer,0,Yes,No,Yes,No,Yes,No
CUST-02337,33,33.02,978.84,Two year,Fiber optic,Electronic check,1,No,No,No,Yes,No,No
CUST-02338,59,30.9,1839.1,Two year,DSL,Bank transfer,0,Yes,No,No,No,No,No
CUST-02339,4,60.71,152.91,Month-to-month,Fiber optic,Electronic check,0,No,No,No,No,Yes,Yes
CUST-02340,7,67.87,506.07,One year,Fiber optic,Credit card,0,No,No,No,Yes,No,Yes
CUST-02341,31,48.12,1593.57,Month-to-month,DSL,Mailed check,0,No,No,No,Yes,Yes,No
CUST-02342,29,86.27,2658.51,One year,Fiber optic,Credit card,0,Yes,No,No,No,No,No
CUST-02343,40,68.36,2723.5,Month-to-month,Fiber optic,Credit card,0,Yes,No,Yes,No,Yes,No
CUST-02344,54,84.42,4836.07,Month-to-month,DSL,Electronic check,0,Yes,No,No,Yes,Yes,Yes
CUST-02345,43,65.43,2875.05,One year,No,Electronic check,0,Yes,No,No,Yes,Yes,No
CUST-02346,19,50.32,968.9,Two year,No,Credit card,0,Yes,No,No,No,No,No
CUST-02347,24,72.85,1942.65,Month-to-month,DSL,Mailed check,0,Yes,Yes,Yes,No,No,Yes
CUST-02348,55,38.43,2025.59,Month-to-month,Fiber optic,Electronic check,0,No,No,No,No,No,Yes
CUST-02349,15,83.49,1250.83,Two year,No,Bank transfer,0,No,No,No,No,No,No
CUST-02350,37,46.57,1693.4,Month-to-month,Fiber optic,Credit card,1,No,No,No,Yes,Yes,Yes
CUST-02351,39,92.96,3496.21,Month-to-month,No,Bank transfer,0,Yes,No,Yes,No,No,Yes
CUST-02352,55,61.54,3483.67,Month-to-month,DSL,Mailed check,0,No,No,No,No,Yes,No
CUST-02353,52,96.56,5050.8,Month-to-month,Fiber optic,Mailed check,0,Yes,No,No,Yes,Yes,No
CUST-02354,34,41.93,1492.56,Month-to-month,Fiber optic,Mailed check,0,No,No,No,No,Yes,No
CUST-02355,23,53.06,1285.45,Month-to-month,DSL,Bank transfer,0,No,Yes,No,Yes,No,No
CUST-02356,27,79.52,1978.07,Month-to-month,Fiber optic,Mailed check,0,Yes,Yes,No,No,No,Yes
CUST-02357,30,99.26,3097.36,Month-to-month,DSL,Mailed check,1,Yes,No,Yes,Yes,No,No
CUST-02358,16,111.67,1711.64,Two year,DSL,Electronic check,1,Yes,Yes,Yes,No,No,Yes
CUST-02359,46,71.03,3365.35,Month-to-month,DSL,Electronic check,0,Yes,No,No,No,No,Yes
CUST-02360,16,115.94,1730.11,One year,DSL,Credit card,0,Yes,No,Yes,No,Yes,Yes
CUST-02361,47,62.76,2986.22,Month-to-month,DSL,Credit card,0,Yes,Yes,No,No,Yes,No
CUST-02362,55,97.47,5298.13,Month-to-month,Fiber optic,Electronic check,0,No,Yes,Yes,No,Yes,Yes
CUST-02363,70,46.45,3273.97,Month-to-month,DSL,Electronic check,1,Yes,No,Yes,No,No,No
CUST-02364,9,80.51,709.17,Month-to-month,DSL,Mailed check,0,Yes,No,Yes,Yes,Yes,No
CUST-02365,55,20.0,1129.07,One year,DSL,Bank transfer,0,No,No,No,No,Yes,No
CUST-02366,7,41.96,271.27,Month-to-month,Fiber optic,Credit card,0,No,Yes,No,Yes,Yes,Yes
CUST-02367,25,81.67,1993.99,One year,DSL,Bank transfer,1,Yes,Yes,No,No,No,No
CUST-02368,13,37.19,608.74,Two year,Fiber optic,Bank transfer,0,No,No,No,No,No,No
CUST-02369,12,80.67,1093.33,Month-to-month,DSL,Bank transfer,0,Yes,No,Yes,No,No,No
CUST-02370,13,92.66,1395.04,Two year,DSL,Bank transfer,0,No,Yes,No,No,No,No
CUST-02371,4,57.47,235.25,Month-to-month,Fiber optic,Credit card,0,No,No,No,Yes,No,No
CUST-02372,60,45.78,2738.87,Month-to-month,Fiber optic,Credit card,0,Yes,No,Yes,Yes,No,No
CUST-02373,5,58.15,301.62,Month-to-month,Fiber optic,Mailed check,1,Yes,Yes,No,No,Yes,Yes
CUST-02374,29,45.85,1265.18,Two year,Fiber optic,Electronic check,0,No,No,Yes,Yes,Yes,No
CUST-02375,51,67.47,3321.44,One year,DSL,Credit card,0,No,No,No,No,No,No
CUST-02376,72,72.55,5173.84,Two year,DSL,Mailed check,0,No,No,No,No,No,No
CUST-02377,62,62.35,3796.29,One year,Fiber optic,Mailed check,0,Yes,No,No,Yes,Yes,No
CUST-02378,10,111.86,1178.95,Month-to-month,DSL,Electronic check,0,Yes,No,Yes,No,Yes,No
CUST-02379,72,52.01,3827.64,Two year,Fiber optic,Credit card,0,No,Yes,No,No,No,No
CUST-02380,48,104.79,4838.49,Two year,Fiber optic,Electronic check,0,Yes,No,No,No,Yes,No
CUST-02381,13,43.97,496.67,One year,DSL,Credit card,0,Yes,Yes,Yes,No,Yes,Yes
CUST-02382,33,71.82,2413.66,One year,DSL,Electronic check,0,Yes,Yes,Yes,No,No,No
CUST-02383,67,99.58,6690.66,Two year,Fiber optic,Electronic check,0,Yes,No,No,No,No,No
CUST-02384,29,98.28,2834.06,Month-to-month,Fiber optic,Bank transfer,1,Yes,Yes,Yes,No,Yes,Yes
CUST-02385,14,59.49,813.82,Two year,No,Electronic check,1,No,No,Yes,Yes,No,Yes
CUST-02386,64,83.88,5406.67,Two year,DSL,Mailed check,0,Yes,No,No,Yes,Yes,No
CUST-02387,69,80.53,5600.98,One year,No,Electronic check,0,Yes,No,No,No,No,No
CUST-02388,71,56.5,3885.61,Month-to-month,DSL,Bank transfer,0,No,Yes,No,No,Yes,No
CUST-02389,69,85.4,5718.17,Month-to-month,DSL,Electronic check,0,No,No,Yes,No,Yes,No
CUST-02390,63,116.56,7339.29,Two year,Fiber optic,Bank transfer,0,No,No,No,Yes,Yes,No
CUST-02391,33,81.79,2776.49,Two year,No,Mailed check,1,No,No,Yes,Yes,Yes,No
CUST-02392,14,84.16,1138.24,One year,Fiber optic,Mailed check,1,Yes,No,Yes,No,No,Yes
CUST-02393,45,86.8,4128.09,Two year,Fiber optic,Mailed check,0,No,No,No,Yes,No,No
CUST-02394,16,33.48,622.46,Month-to-month,Fiber optic,Bank transfer,0,No,No,Yes,No,Yes,Yes
CUST-02395,35,81.51,2810.1,Two year,No,Credit card,0,Yes,Yes,No,Yes,No,No
CUST-02396,48,44.58,1971.01,Month-to-month,Fiber optic,Electronic check,1,No,No,Yes,Yes,Yes,No
CUST-02397,69,55.25,3889.75,Month-to-month,Fiber optic,Electronic check,0,No,No,Yes,No,Yes,No
CUST-02398,21,124.05,2525.32,Month-to-month,Fiber optic,Credit card,1,No,Yes,No,No,Yes,Yes
CUST-02399,19,63.67,1156.22,Month-to-month,Fiber optic,Credit card,0,No,Yes,No,No,Yes,Yes
CUST-02400,53,51.5,2656.34,Month-to-month,No,Mailed check,0,No,Yes,No,Yes,No,No
CUST-02401,1,98.81,0.0,One year,Fiber optic,Electronic check,0,Yes,No,Yes,No,Yes,Yes
CUST-02402,41,46.31,1849.23,Month-to-month,DSL,Credit card,0,No,No,No,No,Yes,Yes
CUST-02403,54,58.81,3125.39,One year,No,Bank transfer,1,Yes,No,No,Yes,Yes,No
CUST-02404,40,101.23,3967.71,Month-to-month,Fiber optic,Bank transfer,0,No,No,No,Yes,No,Yes
CUST-02405,28,71.07,1929.18,Two year,Fiber optic,Mailed check,1,Yes,No,Yes,No,Yes,Yes
CUST-02406,60,30.96,2038.58,Month-to-month,Fiber optic,Bank transfer,0,Yes,No,No,No,Yes,No
CUST-02407,27,83.6,2331.09,One year,DSL,Mailed check,0,No,Yes,No,No,Yes,No
CUST-02408,52,60.09,3111.52,One year,Fiber optic,Mailed check,0,Yes,Yes,Yes,No,No,No
CUST-02409,34,108.5,3518.75,Month-to-month,DSL,Credit card,0,No,Yes,Yes,Yes,No,No
CUST-02410,2,54.85,163.98,Month-to-month,No,Mailed check,0,Yes,No,No,No,Yes,Yes
CUST-02411,39,96.28,3938.39,Month-to-month,Fiber optic,Credit card,1,No,Yes,Yes,Yes,Yes,Yes
CUST-02412,4,114.39,630.61,Month-to-month,Fiber optic,Mailed check,0,No,No,Yes,No,Yes,Yes
CUST-02413,68,48.73,3299.96,Month-to-month,DSL,Bank transfer,0,No,Yes,No,No,Yes,No
CUST-02414,44,65.17,2902.12,Month-to-month,No,Bank transfer,0,Yes,No,No,Yes,No,Yes
CUST-02415,27,79.72,2041.66,One year,Fiber optic,Bank transfer,0,No,Yes,No,Yes,Yes,No
CUST-02416,36,48.57,1774.89,Month-to-month,Fiber optic,Bank transfer,0,Yes,No,No,Yes,Yes,No
CUST-02417,45,76.76,3522.73,Month-to-month,No,Mailed check,0,No,No,No,Yes,Yes,No
CUST-02418,19,64.38,1273.76,Month-to-month,Fiber optic,Credit card,0,No,No,No,Yes,Yes,Yes
CUST-02419,21,63.87,1458.9,Month-to-month,No,Bank transfer,0,Yes,No,No,Yes,Yes,No
CUST-02420,31,71.22,2273.88,Month-to-month,Fiber optic,Electronic check,1,No,No,No,No,No,No
CUST-02421,19,71.78,1200.56,One year,DSL,Bank transfer,1,Yes,Yes,Yes,No,No,No
CUST-02422,55,74.1,4037.1,One year,Fiber optic,Credit card,0,No,Yes,No,Yes,No,No
CUST-02423,8,55.03,539.77,Month-to-month,No,Bank transfer,0,Yes,Yes,No,Yes,Yes,Yes
CUST-02424,60,56.12,3204.08,Month-to-month,Fiber optic,Credit card,1,Yes,No,Yes,Yes,Yes,No
CUST-02425,26,67.04,1749.78,Month-to-month,Fiber optic,Mailed check,0,Yes,Yes,Yes,No,Yes,Yes
CUST-02426,41,68.88,2781.61,One year,DSL,Electronic check,0,No,Yes,No,No,Yes,No
CUST-02427,12,59.03,584.55,Month-to-month,Fiber optic,Mailed check,0,No,Yes,Yes,No,Yes,Yes
CUST-02428,28,78.1,2280.83,Two year,Fiber optic,Electronic check,0,Yes,Yes,No,No,Yes,Yes
CUST-02429,55,24.63,1276.23,One year,No,Electronic check,0,Yes,No,No,No,No,No
CUST-02430,20,51.74,1246.57,One year,DSL,Bank transfer,0,Yes,No,Yes,No,No,No
CUST-02431,10,63.0,608.59,Month-to-month,DSL,Electronic check,0,No,Yes,No,Yes,Yes,No
CUST-02432,38,48.6,1954.18,Two year,DSL,Electronic check,0,No,No,No,No,No,No
CUST-02433,12,110.73,1496.54,Month-to-month,DSL,Mailed check,0,No,No,Yes,No,Yes,Yes
CUST-02434,23,70.47,1653.76,Month-to-month,Fiber optic,Electronic check,0,No,Yes,No,No,Yes,No
CUST-02435,33,74.42,2464.25,Two year,Fiber optic,Electronic check,0,Yes,No,No,No,No,Yes
CUST-02436,41,57.92,2451.51,One year,DSL,Bank transfer,0,Yes,No,No,Yes,No,No
CUST-02437,47,69.61,3437.05,Month-to-month,Fiber optic,Mailed check,0,No,No,Yes,Yes,Yes,Yes
CUST-02438,49,39.62,1973.9,Month-to-month,Fiber optic,Bank transfer,1,No,No,No,No,Yes,Yes
CUST-02439,61,65.75,3941.03,Month-to-month,Fiber optic,Mailed check,0,Yes,No,No,No,Yes,Yes
CUST-02440,5,46.57,88.83,Two year,No,Electronic check,0,Yes,No,No,Yes,Yes,No
CUST-02441,27,63.06,1737.25,Month-to-month,Fiber optic,Bank transfer,0,No,Yes,No,No,No,No
CUST-02442,1,20.0,0.0,Month-to-month,DSL,Credit card,0,No,Yes,No,No,Yes,Yes
CUST-02443,1,41.8,134.37,Month-to-month,No,Bank transfer,0,No,No,No,No,No,Yes
CUST-02444,16,106.6,1831.78,Two year,DSL,Electronic check,0,Yes,No,No,No,Yes,No
CUST-02445,44,90.76,4051.76,One year,No,Bank transfer,0,No,No,No,No,No,No
CUST-02446,65,102.98,6687.65,Month-to-month,Fiber optic,Electronic check,0,No,No,Yes,Yes,Yes,Yes
CUST-02447,56,104.69,5924.56,Two year,No,Electronic check,0,Yes,Yes,Yes,No,Yes,No
CUST-02448,47,86.82,4083.59,Month-to-month,DSL,Electronic check,0,Yes,No,No,No,Yes,Yes
CUST-02449,57,58.68,3318.56,One year,Fiber optic,Credit card,0,Yes,Yes,No,No,No,No
CUST-02450,13,44.07,529.18,One year,No,Credit card,0,No,Yes,No,No,Yes,No
CUST-02451,61,98.67,6030.46,Month-to-month,Fiber optic,Bank transfer,0,Yes,No,Yes,Yes,Yes,No
CUST-02452,65,71.61,4656.81,One year,No,Credit card,0,No,Yes,No,Yes,Yes,No
CUST-02453,7,130.0,1034.49,Two year,DSL,Mailed check,0,No,Yes,No,No,Yes,No
CUST-02454,34,60.87,2127.12,Month-to-month,Fiber optic,Electronic check,0,No,No,No,No,No,Yes
CUST-02455,60,119.32,7027.1,Month-to-month,Fiber optic,Credit card,0,No,No,No,No,No,Yes
CUST-02456,35,66.08,2362.95,Two year,DSL,Bank transfer,1,Yes,No,No,Yes,Yes,Yes
CUST-02457,61,103.4,6317.21,Month-to-month,Fiber optic,Bank transfer,0,No,No,No,Yes,No,No
CUST-02458,68,112.42,7673.07,Month-to-month,Fiber optic,Electronic check,0,No,No,No,Yes,No,Yes
CUST-02459,35,44.43,1530.53,Month-to-month,Fiber optic,Credit card,0,Yes,No,Yes,No,Yes,Yes
CUST-02460,5,57.88,293.41,Two year,DSL,Electronic check,0,Yes,No,No,Yes,Yes,No
CUST-02461,25,44.18,1269.5,One year,Fiber optic,Electronic check,0,Yes,No,Yes,No,Yes,No
CUST-02462,16,39.25,591.86,Two year,No,Electronic check,0,No,No,No,No,Yes,No
CUST-02463,35,86.68,2970.46,Month-to-month,Fiber optic,Credit card,0,Yes,No,Yes,No,Yes,Yes
CUST-02464,43,65.08,2729.04,Two year,Fiber optic,Credit card,0,No,No,Yes,Yes,No,No
CUST-02465,34,71.31,2318.21,Month-to-month,No,Electronic check,0,No,No,No,No,No,No
CUST-02466,15,83.91,1319.16,One year,DSL,Mailed check,0,Yes,Yes,No,No,Yes,Yes
CUST-02467,22,23.57,636.32,One year,Fiber optic,Bank transfer,0,Yes,Yes,No,Yes,Yes,No
CUST-02468,49,102.17,4947.2,Month-to-month,No,Bank transfer,0,Yes,Yes,No,Yes,Yes,Yes
CUST-02469,2,61.27,175.93,One year,Fiber optic,Electronic check,0,Yes,Yes,No,No,Yes,Yes
CUST-02470,16,83.31,1436.91,Month-to-month,DSL,Electronic check,0,No,No,No,No,Yes,Yes
CUST-02471,65,85.52,5581.55,Month-to-month,Fiber optic,Electronic check,0,Yes,No,Yes,No,Yes,No
CUST-02472,8,104.27,836.23,One year,Fiber optic,Credit card,0,Yes,No,Yes,No,No,Yes
CUST-02473,30,67.38,1955.81,Month-to-month,Fiber optic,Bank transfer,0,Yes,Yes,Yes,No,Yes,No
CUST-02474,15,20.0,362.36,One year,DSL,Credit card,0,Yes,Yes,No,No,Yes,No
CUST-02475,8,71.43,547.87,Month-to-month,DSL,Credit card,0,No,No,No,Yes,Yes,Yes
CUST-02476,31,75.02,2385.79,Month-to-month,Fiber optic,Electronic check,0,Yes,No,No,No,Yes,Yes
CUST-02477,38,44.14,1626.32,One year,Fiber optic,Electronic check,0,No,No,No,No,Yes,Yes
CUST-02478,13,73.69,990.48,Month-to-month,No,Bank transfer,1,No,No,Yes,No,No,Yes
CUST-02479,6,60.97,474.87,Two year,Fiber optic,Electronic check,0,No,No,No,No,Yes,Yes
CUST-02480,10,36.43,412.7,Two year,Fiber optic,Bank transfer,0,Yes,Yes,Yes,No,Yes,No
CUST-02481,47,86.79,4015.39,Month-to-month,DSL,Credit card,0,Yes,No,No,No,Yes,No
CUST-02482,62,55.91,3356.73,Month-to-month,Fiber optic,Credit card,0,Yes,No,No,No,Yes,No
CUST-02483,13,59.84,785.07,Month-to-month,No,Mailed check,0,Yes,No,No,No,No,Yes
CUST-02484,24,58.44,1541.3,One year,Fiber optic,Mailed check,0,No,No,No,No,No,No
CUST-02485,25,100.89,2601.35,Month-to-month,DSL,Bank transfer,0,No,No,Yes,No,Yes,Yes
CUST-02486,26,68.98,1991.21,Two year,No,Electronic check,0,No,No,No,No,No,No
CUST-02487,18,71.98,1569.69,Two year,Fiber optic,Bank transfer,1,No,No,No,No,Yes,No
CUST-02488,4,58.98,225.98,Month-to-month,Fiber optic,Mailed check,0,Yes,No,Yes,Yes,No,Yes
CUST-02489,38,81.57,3163.22,One year,Fiber optic,Bank transfer,0,Yes,Yes,No,Yes,Yes,No
CUST-02490,26,103.73,2696.73,Month-to-month,No,Bank transfer,0,No,No,No,No,No,Yes
CUST-02491,25,86.2,2100.58,Month-to-month,Fiber optic,Credit card,0,Yes,No,No,No,No,Yes
CUST-02492,20,87.17,1787.68,Month-to-month,Fiber optic,Mailed check,0,Yes,No,Yes,Yes,Yes,Yes
CUST-02493,67,85.16,5730.95,One year,Fiber optic,Mailed check,0,No,No,No,No,Yes,No
CUST-02494,44,35.49,1557.02,Month-to-month,DSL,Electronic check,0,Yes,No,No,No,No,No
CUST-02495,31,48.1,1455.89,Two year,Fiber optic,Bank transfer,1,No,No,Yes,Yes,No,No
CUST-02496,15,64.88,986.79,Month-to-month,Fiber optic,Credit card,1,Yes,No,No,No,Yes,Yes
CUST-02497,58,51.85,2970.91,One year,Fiber optic,Mailed check,0,No,No,No,Yes,Yes,No
CUST-02498,64,43.39,2763.08,Two year,DSL,Credit card,0,Yes,No,No,No,Yes,No
CUST-02499,3,23.2,0.0,One year,DSL,Mailed check,1,No,No,Yes,No,No,Yes
CUST-02500,67,36.34,2353.54,Month-to-month,DSL,Mailed check,0,Yes,Yes,Yes,No,No,No
CUST-02501,51,63.59,3189.23,Month-to-month,No,Electronic check,0,Yes,No,Yes,Yes,No,No
CUST-02502,8,68.26,566.22,Month-to-month,Fiber optic,Bank transfer,0,No,Yes,Yes,Yes,No,No
CUST-02503,55,50.17,2767.66,Month-to-month,Fiber optic,Bank transfer,0,No,No,No,Yes,Yes,No
CUST-02504,8,71.97,516.76,Two year,DSL,Mailed check,0,Yes,No,No,Yes,Yes,Yes
CUST-02505,4,59.15,186.61,Month-to-month,DSL,Bank transfer,1,Yes,Yes,No,Yes,Yes,Yes
CUST-02506,9,97.26,896.35,Month-to-month,Fiber optic,Bank transfer,0,No,Yes,No,No,Yes,Yes
CUST-02507,34,65.96,2194.92,One year,DSL,Bank transfer,0,No,Yes,No,Yes,Yes,No
CUST-02508,45,87.41,3838.02,Month-to-month,DSL,Electronic check,1,No,No,Yes,Yes,Yes,No
CUST-02509,30,75.08,2320.67,Two year,No,Bank transfer,0,No,Yes,No,No,Yes,No
CUST-02510,9,34.95,178.34,Month-to-month,Fiber optic,Mailed check,1,Yes,No,No,Yes,Yes,Yes
CUST-02511,15,67.73,912.07,Month-to-month,Fiber optic,Mailed check,0,No,No,Yes,Yes,Yes,Yes
CUST-02512,62,39.11,2536.95,One year,DSL,Mailed check,1,No,No,No,No,Yes,No
CUST-02513,70,67.3,4595.15,Month-to-month,DSL,Bank transfer,0,Yes,No,No,No,Yes,No
CUST-02514,55,51.37,2974.95,Two year,No,Credit card,0,Yes,No,No,No,Yes,No
CUST-02515,8,79.55,520.59,Month-to-month,Fiber optic,Electronic check,0,Yes,Yes,No,No,Yes,Yes
CUST-02516,60,36.44,2090.06,Month-to-month,Fiber optic,Electronic check,1,No,No,No,No,No,No
CUST-02517,50,70.37,3413.27,Month-to-month,Fiber optic,Mailed check,0,No,No,No,No,Yes,No
CUST-02518,38,84.31,3072.86,Month-to-month,DSL,Mailed check,0,No,No,Yes,No,No,No
CUST-02519,11,92.69,1159.39,One year,Fiber optic,Electronic check,1,No,No,Yes,No,No,No
CUST-02520,72,50.9,3784.66,Month-to-month,DSL,Mailed check,0,No,Yes,Yes,No,No,No
CUST-02521,32,70.44,2115.08,One year,DSL,Bank transfer,1,No,Yes,No,Yes,Yes,No
CUST-02522,4,74.6,455.94,Two year,Fiber optic,Credit card,0,Yes,No,Yes,No,Yes,No
CUST-02523,16,108.68,1616.54,Month-to-month,DSL,Bank transfer,0,Yes,Yes,No,No,Yes,Yes
CUST-02524,29,32.97,1252.5,One year,DSL,Mailed check,0,No,No,No,No,Yes,No
CUST-02525,5,47.22,221.61,Month-to-month,DSL,Bank transfer,1,No,No,No,No,Yes,No
CUST-02526,24,130.0,3060.18,Two year,DSL,Mailed check,0,Yes,No,No,Yes,No,No
CUST-02527,34,63.17,2197.99,Month-to-month,No,Electronic check,0,Yes,No,No,Yes,Yes,Yes
CUST-02528,69,22.73,1480.33,One year,No,Bank transfer,0,No,Yes,No,No,Yes,No
CUST-02529,7,55.44,246.95,Month-to-month,DSL,Mailed check,0,Yes,No,No,No,No,Yes
CUST-02530,42,20.0,796.63,Month-to-month,DSL,Mailed check,0,No,No,No,No,Yes,No
CUST-02531,66,76.02,5025.9,Month-to-month,Fiber optic,Credit card,0,No,No,No,No,Yes,Yes
CUST-02532,59,90.24,5108.45,Month-to-month,DSL,Bank transfer,1,No,Yes,Yes,Yes,Yes,Yes
CUST-02533,67,47.21,3073.57,Two year,Fiber optic,Bank transfer,1,No,Yes,Yes,No,No,No
CUST-02534,13,58.23,952.51,Month-to-month,DSL,Bank transfer,0,Yes,No,Yes,Yes,Yes,No
CUST-02535,58,93.09,5398.63,Two year,Fiber optic,Mailed check,0,No,No,Yes,No,Yes,Yes
CUST-02536,71,26.24,1623.83,Month-to-month,DSL,Bank transfer,1,Yes,Yes,No,No,No,Yes
CUST-02537,24,36.96,887.4,Month-to-month,Fiber optic,Credit card,0,Yes,Yes,Yes,Yes,Yes,No
CUST-02538,36,64.3,2350.66,Month-to-month,Fiber optic,Bank transfer,0,No,No,No,No,Yes,No
CUST-02539,39,51.19,1994.89,Month-to-month,DSL,Credit card,0,No,No,No,No,No,No
CUST-02540,36,62.65,2334.19,Two year,Fiber optic,Electronic check,0,No,No,No,No,Yes,No
CUST-02541,21,38.41,777.78,Month-to-month,Fiber optic,Bank transfer,0,No,Yes,Yes,No,Yes,Yes
CUST-02542,70,75.36,5376.83,Two year,No,Bank transfer,0,No,No,No,No,No,No
CUST-02543,69,66.27,4571.41,Month-to-month,Fiber optic,Credit card,0,No,Yes,Yes,No,No,No
CUST-02544,28,83.73,2356.17,Month-to-month,DSL,Credit card,0,Yes,Yes,No,No,Yes,Yes
CUST-02545,58,75.01,4385.35,Month-to-month,Fiber optic,Electronic check,0,Yes,No,Yes,No,No,No
CUST-02546,29,75.17,2249.54,One year,DSL,Mailed check,0,Yes,Yes,No,No,Yes,No
CUST-02547,58,33.84,1998.56,Month-to-month,No,Credit card,0,No,No,No,Yes,No,No
CUST-02548,43,82.31,3465.23,Two year,Fiber optic,Credit card,0,No,Yes,No,No,No,No
CUST-02549,34,61.73,2259.04,Month-to-month,DSL,Electronic check,0,No,Yes,Yes,Yes,Yes,Yes
CUST-02550,10,65.84,580.09,Month-to-month,Fiber optic,Bank transfer,0,Yes,No,No,No,No,Yes
CUST-02551,48,96.21,4531.16,One year,Fiber optic,Mailed check,0,No,No,Yes,No,Yes,No
CUST-02552,24,52.01,1053.88,One year,DSL,Bank transfer,0,No,No,No,Yes,Yes,No
CUST-02553,16,103.78,1635.02,Two year,Fiber optic,Bank transfer,0,Yes,Yes,Yes,No,Yes,No
CUST-02554,14,106.11,1435.77,Month-to-month,Fiber optic,Mailed check,0,No,No,No,No,Yes,Yes
CUST-02555,71,88.82,6312.98,One year,Fiber optic,Mailed check,0,No,No,Yes,Yes,Yes,No
CUST-02556,8,45.48,280.96,Month-to-month,Fiber optic,Credit card,0,Yes,No,No,No,Yes,No
CUST-02557,58,20.0,1325.02,Two year,Fiber optic,Mailed check,0,No,No,Yes,No,Yes,No
CUST-02558,63,96.97,6050.48,Month-to-month,Fiber optic,Electronic check,0,No,No,No,No,Yes,No
CUST-02559,3,72.78,159.66,Two year,Fiber optic,Electronic check,1,Yes,No,Yes,No,No,Yes
CUST-02560,43,51.37,2201.77,Month-to-month,Fiber optic,Electronic check,0,Yes,No,No,No,Yes,No
CUST-02561,42,99.34,4209.69,One year,Fiber optic,Electronic check,1,Yes,No,Yes,Yes,Yes,Yes
CUST-02562,26,48.46,1380.95,Two year,Fiber optic,Electronic check,0,No,No,No,Yes,No,No
CUST-02563,49,59.4,2962.96,Two year,DSL,Bank transfer,0,Yes,No,No,Yes,No,No
CUST-02564,30,83.12,2544.45,Month-to-month,Fiber optic,Bank transfer,0,Yes,No,No,No,No,Yes
CUST-02565,32,42.16,1361.06,Month-to-month,Fiber optic,Credit card,1,No,No,No,Yes,Yes,No
CUST-02566,32,67.26,2070.49,Two year,DSL,Bank transfer,0,Yes,Yes,No,No,No,No
CUST-02567,58,97.23,5577.59,One year,DSL,Electronic check,0,Yes,Yes,Yes,No,Yes,No
CUST-02568,46,75.28,3240.94,One year,Fiber optic,Bank transfer,0,No,Yes,No,Yes,No,No
CUST-02569,28,101.19,2801.87,Month-to-month,DSL,Mailed check,0,No,Yes,No,Yes,No,No
CUST-02570,67,98.34,6652.77,Month-to-month,Fiber optic,Electronic check,0,No,No,No,No,No,No
CUST-02571,58,70.19,4045.27,Month-to-month,Fiber optic,Bank transfer,0,Yes,No,No,Yes,No,No
CUST-02572,68,20.0,1403.27,One year,Fiber optic,Bank transfer,0,Yes,No,No,Yes,Yes,No
CUST-02573,53,42.36,2434.81,Month-to-month,No,Mailed check,0,No,No,No,No,Yes,Yes
CUST-02574,29,89.08,2594.04,Month-to-month,No,Electronic check,0,No,No,Yes,No,Yes,Yes
CUST-02575,56,31.24,1807.08,Two year,No,Electronic check,0,No,Yes,No,No,No,No
CUST-02576,24,61.83,1495.64,Month-to-month,No,Credit card,0,Yes,No,No,Yes,Yes,No
CUST-02577,20,78.46,1487.47,Two year,DSL,Electronic check,0,No,Yes,No,No,No,No
CUST-02578,33,106.74,3501.06,Month-to-month,DSL,Mailed check,0,No,Yes,Yes,No,Yes,No
CUST-02579,70,55.62,3784.78,Month-to-month,DSL,Bank transfer,0,No,No,Yes,Yes,Yes,No
CUST-02580,41,53.91,2295.26,Month-to-month,DSL,Mailed check,0,Yes,No,Yes,No,Yes,Yes
CUST-02581,28,68.69,2016.21,Month-to-month,Fiber optic,Credit card,0,Yes,Yes,No,No,Yes,Yes
CUST-02582,34,78.77,2669.01,One year,No,Mailed check,0,Yes,Yes,No,No,No,No
CUST-02583,21,66.14,1565.99,Month-to-month,Fiber optic,Credit card,0,No,Yes,No,No,No,No
CUST-02584,48,96.23,4596.51,Month-to-month,No,Mailed check,1,No,No,Yes,No,Yes,No
CUST-02585,26,50.02,1387.84,Month-to-month,Fiber optic,Electronic check,0,Yes,No,No,No,No,No
CUST-02586,40,73.0,2895.42,One year,Fiber optic,Bank transfer,0,No,Yes,Yes,Yes,Yes,No
CUST-02587,27,81.13,2235.21,Two year,DSL,Bank transfer,0,No,No,No,No,Yes,No
CUST-02588,24,59.99,1300.48,Month-to-month,No,Credit card,0,Yes,No,No,No,No,No
CUST-02589,70,90.99,6319.99,Month-to-month,Fiber optic,Electronic check,0,No,No,No,No,No,No
CUST-02590,25,73.72,1849.73,Month-to-month,Fiber optic,Bank transfer,0,Yes,No,No,Yes,Yes,No
CUST-02591,6,89.72,623.35,One year,DSL,Bank transfer,0,No,No,Yes,No,Yes,No
CUST-02592,28,74.85,2100.6,Month-to-month,Fiber optic,Mailed check,1,No,Yes,No,No,Yes,Yes
CUST-02593,39,79.41,3233.64,Month-to-month,Fiber optic,Mailed check,0,No,No,No,Yes,Yes,No
CUST-02594,7,54.19,343.12,One year,Fiber optic,Mailed check,0,Yes,No,No,No,Yes,No
CUST-02595,23,54.23,1154.74,Month-to-month,No,Electronic check,0,Yes,No,No,No,No,Yes
CUST-02596,12,100.61,1394.34,One year,Fiber optic,Bank transfer,0,Yes,No,No,No,Yes,Yes
CUST-02597,37,85.89,3026.16,Month-to-month,No,Credit card,0,Yes,No,No,Yes,Yes,Yes
CUST-02598,53,44.43,2281.1,Two year,Fiber optic,Mailed check,1,No,No,Yes,Yes,Yes,No
CUST-02599,70,74.52,5215.68,Month-to-month,Fiber optic,Electronic check,0,No,No,No,Yes,No,No
CUST-02600,29,20.0,550.64,Month-to-month,No,Credit card,0,No,Yes,Yes,Yes,No,No
CUST-02601,63,55.65,3518.68,Month-to-month,Fiber optic,Credit card,0,No,No,No,No,Yes,Yes
CUST-02602,16,94.03,1514.24,Month-to-month,DSL,Bank transfer,0,Yes,No,No,No,Yes,Yes
CUST-02603,57,66.87,4031.3,One year,No,Electronic check,0,Yes,Yes,Yes,Yes,No,No
CUST-02604,41,72.95,2966.98,Month-to-month,Fiber optic,Mailed check,0,Yes,No,No,No,Yes,No
CUST-02605,55,20.0,1136.0,Month-to-month,DSL,Bank transfer,0,No,Yes,No,No,No,No
CUST-02606,55,60.19,3315.88,One year,Fiber optic,Credit card,1,Yes,No,No,No,No,No
CUST-02607,39,78.46,2816.79,Month-to-month,Fiber optic,Mailed check,0,Yes,No,No,No,No,Yes
CUST-02608,19,81.63,1430.97,One year,Fiber optic,Electronic check,0,Yes,No,No,No,No,No
CUST-02609,38,94.06,3352.97,One year,Fiber optic,Bank transfer,0,Yes,No,No,No,Yes,No
CUST-02610,60,64.74,3772.67,Month-to-month,DSL,Bank transfer,0,Yes,No,No,Yes,Yes,No
CUST-02611,70,65.86,4590.13,One year,DSL,Electronic check,0,Yes,No,No,No,Yes,No
CUST-02612,67,36.7,2541.92,Two year,Fiber optic,Mailed check,0,No,No,Yes,Yes,Yes,No
CUST-02613,14,64.89,1039.59,Two year,DSL,Electronic check,0,Yes,Yes,No,No,Yes,No
CUST-02614,44,38.46,1940.87,Month-to-month,Fiber optic,Electronic check,0,Yes,No,No,Yes,Yes,No
CUST-02615,8,23.8,196.04,Month-to-month,Fiber optic,Mailed check,0,No,No,No,Yes,Yes,Yes
CUST-02616,49,42.87,2100.64,Two year,DSL,Electronic check,0,Yes,No,No,No,No,No
CUST-02617,72,107.72,7607.62,One year,DSL,Mailed check,1,Yes,No,No,Yes,Yes,No
CUST-02618,4,63.24,149.51,Month-to-month,Fiber optic,Bank transfer,1,No,No,No,Yes,Yes,Yes
CUST-02619,48,75.5,3701.37,Month-to-month,No,Mailed check,0,Yes,No,No,No,Yes,Yes
CUST-02620,69,57.16,4134.07,One year,No,Electronic check,0,No,No,Yes,Yes,Yes,No
CUST-02621,61,25.24,1675.69,One year,Fiber optic,Bank transfer,0,No,No,No,Yes,Yes,Yes
CUST-02622,29,93.4,2643.89,Two year,DSL,Credit card,0,No,Yes,No,No,Yes,No
CUST-02623,8,20.0,41.06,Two year,Fiber optic,Bank transfer,0,Yes,No,No,Yes,Yes,No
CUST-02624,67,56.13,3575.75,Month-to-month,Fiber optic,Mailed check,0,No,No,Yes,No,Yes,No
CUST-02625,67,68.63,4587.05,One year,Fiber optic,Credit card,0,No,No,No,Yes,Yes,No
CUST-02626,42,75.76,3373.92,Month-to-month,Fiber optic,Mailed check,0,No,No,No,No,No,Yes
CUST-02627,71,51.84,3625.75,Month-to-month,Fiber optic,Electronic check,1,Yes,No,No,No,Yes,No
CUST-02628,1,24.05,0.0,Month-to-month,DSL,Bank transfer,0,No,No,Yes,No,No,No
CUST-02629,45,49.97,2219.85,Two year,No,Bank transfer,0,No,No,No,No,No,No
CUST-02630,3,51.28,122.43,Month-to-month,Fiber optic,Electronic check,0,Yes,No,Yes,No,Yes,Yes
CUST-02631,68,50.67,3450.04,Month-to-month,DSL,Mailed check,0,Yes,No,No,No,No,No
CUST-02632,49,94.25,4362.6,Month-to-month,No,Electronic check,0,No,No,No,No,No,Yes
CUST-02633,66,39.66,2514.91,Month-to-month,Fiber optic,Mailed check,0,No,No,Yes,Yes,Yes,No
CUST-02634,41,77.52,3135.6,Month-to-month,DSL,Mailed check,0,No,No,No,No,Yes,Yes
CUST-02635,6,73.96,466.91,Month-to-month,DSL,Mailed check,0,No,No,No,Yes,No,Yes
CUST-02636,2,94.01,127.15,Month-to-month,Fiber optic,Bank transfer,1,Yes,Yes,No,No,No,Yes
CUST-02637,25,66.67,1684.05,Month-to-month,Fiber optic,Bank transfer,0,Yes,No,No,No,Yes,Yes
CUST-02638,54,89.78,4781.39,Two year,Fiber optic,Mailed check,1,No,No,No,No,Yes,No
CUST-02639,11,65.69,802.91,One year,DSL,Credit card,0,No,No,No,No,No,No
CUST-02640,62,80.86,5041.63,Two year,DSL,Mailed check,1,No,Yes,Yes,No,Yes,No
CUST-02641,18,32.43,599.0,Month-to-month,Fiber optic,Mailed check,0,Yes,No,Yes,No,Yes,Yes
CUST-02642,36,20.0,797.61,Month-to-month,Fiber optic,Bank transfer,0,No,No,No,Yes,No,No
CUST-02643,15,79.44,1246.41,Month-to-month,Fiber optic,Electronic check,1,No,Yes,Yes,No,Yes,Yes
CUST-02644,34,80.78,2686.48,Two year,Fiber optic,Credit card,0,Yes,No,No,Yes,Yes,Yes
CUST-02645,33,81.89,2618.53,Month-to-month,Fiber optic,Bank transfer,1,No,No,Yes,Yes,Yes,No
CUST-02646,1,56.88,188.9,Month-to-month,Fiber optic,Mailed check,0,Yes,No,Yes,No,No,Yes
CUST-02647,41,107.24,4589.33,Two year,Fiber optic,Electronic check,0,Yes,No,No,No,Yes,No
CUST-02648,57,58.5,3449.94,Two year,Fiber optic,Credit card,0,No,No,No,Yes,Yes,No
CUST-02649,68,80.52,5588.21,Month-to-month,DSL,Electronic check,0,Yes,No,Yes,No,Yes,No
CUST-02650,24,84.87,1932.87,One year,Fiber optic,Electronic check,0,No,No,Yes,No,Yes,No
CUST-02651,64,112.97,7212.63,Month-to-month,DSL,Bank transfer,0,No,Yes,No,Yes,Yes,Yes
CUST-02652,64,62.07,3942.44,Month-to-month,Fiber optic,Mailed check,0,Yes,No,No,No,Yes,No
CUST-02653,72,53.67,3830.42,Month-to-month,Fiber optic,Electronic check,0,No,No,Yes,Yes,No,No
CUST-02654,27,32.55,797.27,Two year,Fiber optic,Mailed check,0,Yes,Yes,No,No,No,No
CUST-02655,62,108.81,6779.76,Month-to-month,No,Credit card,0,Yes,No,No,Yes,Yes,No
CUST-02656,41,80.54,3336.72,One year,Fiber optic,Mailed check,0,Yes,Yes,No,Yes,No,No
CUST-02657,5,81.33,314.69,Month-to-month,DSL,Bank transfer,0,No,No,Yes,Yes,Yes,No
CUST-02658,20,130.0,2525.43,One year,No,Electronic check,0,Yes,No,No,No,Yes,No
CUST-02659,49,78.13,3847.51,One year,Fiber optic,Bank transfer,1,Yes,Yes,No,Yes,No,No
CUST-02660,12,37.44,445.56,One year,Fiber optic,Electronic check,0,No,No,Yes,Yes,No,No
CUST-02661,32,65.1,2022.51,Two year,DSL,Electronic check,0,No,Yes,No,No,No,No
CUST-02662,56,45.63,2534.5,One year,Fiber optic,Mailed check,1,No,No,No,No,Yes,No
CUST-02663,11,60.1,529.38,One year,Fiber optic,Mailed check,1,Yes,No,Yes,Yes,Yes,No
CUST-02664,36,59.94,2223.83,Month-to-month,Fiber optic,Mailed check,0,No,No,No,No,Yes,Yes
CUST-02665,16,55.32,845.23,Two year,Fiber optic,Credit card,0,No,No,No,No,Yes,No
CUST-02666,39,35.17,1328.15,Month-to-month,Fiber optic,Mailed check,0,Yes,No,Yes,Yes,Yes,Yes
CUST-02667,18,109.81,2024.05,Month-to-month,Fiber optic,Electronic check,0,Yes,Yes,No,No,Yes,Yes
CUST-02668,70,77.47,5527.46,Month-to-month,Fiber optic,Mailed check,0,Yes,No,No,No,Yes,Yes
CUST-02669,6,64.36,386.34,Month-to-month,DSL,Electronic check,0,No,Yes,Yes,Yes,Yes,Yes
CUST-02670,70,88.94,6163.08,One year,Fiber optic,Electronic check,0,No,No,No,Yes,Yes,Yes
CUST-02671,58,81.78,4782.96,Month-to-month,DSL,Bank transfer,0,Yes,Yes,Yes,No,Yes,No
CUST-02672,62,76.89,4773.09,Month-to-month,DSL,Bank transfer,0,Yes,Yes,Yes,No,No,No
CUST-02673,62,87.12,5432.92,Two year,Fiber optic,Bank transfer,0,No,Yes,Yes,No,No,No
CUST-02674,14,73.35,1107.72,Two year,Fiber optic,Mailed check,1,No,No,Yes,No,No,No
CUST-02675,68,86.76,5881.67,Month-to-month,No,Credit card,0,No,No,No,No,Yes,No
CUST-02676,43,88.83,3921.74,Two year,Fiber optic,Electronic check,0,Yes,No,No,Yes,Yes,Yes
CUST-02677,70,74.07,5126.91,Month-to-month,DSL,Mailed check,0,No,Yes,Yes,No,Yes,No
CUST-02678,64,64.49,4058.73,Month-to-month,DSL,Electronic check,1,Yes,No,Yes,No,No,Yes
CUST-02679,42,108.26,4636.44,Two year,DSL,Electronic check,0,Yes,Yes,No,No,No,No
CUST-02680,27,58.05,1611.51,One year,Fiber optic,Bank transfer,0,No,Yes,No,No,No,Yes
CUST-02681,9,79.78,702.11,One year,Fiber optic,Electronic check,0,Yes,No,No,No,No,Yes
CUST-02682,8,80.35,641.18,Month-to-month,Fiber optic,Bank transfer,0,No,No,Yes,Yes,No,No
CUST-02683,29,54.76,1558.2,Month-to-month,DSL,Credit card,0,Yes,No,No,Yes,Yes,Yes
CUST-02684,59,49.8,2918.37,Month-to-month,DSL,Credit card,0,No,No,No,Yes,Yes,No
CUST-02685,37,61.15,2139.47,Two year,DSL,Bank transfer,0,Yes,No,No,No,No,No
CUST-02686,35,57.69,1941.83,Month-to-month,Fiber optic,Electronic check,0,Yes,No,No,No,No,No
CUST-02687,18,33.55,588.4,Month-to-month,DSL,Bank transfer,0,Yes,No,Yes,No,Yes,Yes
CUST-02688,41,53.71,2045.37,Month-to-month,DSL,Bank transfer,0,No,Yes,No,No,No,No
CUST-02689,46,76.66,3310.24,One year,Fiber optic,Mailed check,0,No,Yes,Yes,No,Yes,No
CUST-02690,71,101.65,7055.66,Month-to-month,DSL,Mailed check,0,No,No,No,Yes,Yes,No
CUST-02691,53,83.86,4562.23,One year,Fiber optic,Electronic check,0,No,No,No,Yes,Yes,Yes
CUST-02692,44,20.0,1071.71,Month-to-month,Fiber optic,Credit card,0,No,No,Yes,Yes,No,Yes
CUST-02693,66,86.03,5705.83,Month-to-month,DSL,Credit card,0,Yes,Yes,No,No,No,No
CUST-02694,31,56.05,1719.7,Month-to-month,DSL,Bank transfer,0,Yes,Yes,No,Yes,No,Yes
CUST-02695,68,81.33,5644.86,Month-to-month,DSL,Bank transfer,1,No,No,No,Yes,Yes,No
CUST-02696,27,69.65,1770.63,One year,DSL,Electronic check,0,No,No,No,No,Yes,No
CUST-02697,10,65.18,682.28,Two year,No,Bank transfer,0,Yes,No,Yes,No,Yes,No
CUST-02698,31,67.44,2121.85,Month-to-month,Fiber optic,Credit card,0,Yes,Yes,No,No,Yes,Yes
CUST-02699,10,69.44,668.78,Month-to-month,Fiber optic,Electronic check,0,No,No,Yes,No,No,Yes
CUST-02700,9,103.61,746.74,Month-to-month,Fiber optic,Mailed check,0,Yes,No,No,No,No,Yes
CUST-02701,64,69.51,4559.48,Two year,DSL,Credit card,1,Yes,No,No,No,Yes,No
CUST-02702,58,97.14,5576.62,Two year,Fiber optic,Credit card,0,No,No,Yes,Yes,No,No
CUST-02703,16,93.5,1425.56,One year,DSL,Mailed check,0,No,No,No,No,No,No
CUST-02704,61,86.68,5136.06,Month-to-month,Fiber optic,Mailed check,0,Yes,No,No,No,Yes,No
CUST-02705,5,25.33,185.72,Month-to-month,Fiber optic,Mailed check,0,No,No,No,No,No,Yes
CUST-02706,21,97.92,2092.91,Two year,DSL,Mailed check,0,Yes,No,No,No,No,No
CUST-02707,51,58.55,3040.22,Month-to-month,Fiber optic,Mailed check,1,Yes,No,No,No,No,Yes
CUST-02708,22,87.89,1887.72,One year,DSL,Bank transfer,0,No,No,Yes,No,Yes,No
CUST-02709,53,45.69,2390.9,Two year,DSL,Electronic check,0,No,Yes,Yes,No,Yes,No
CUST-02710,63,40.37,2473.44,One year,DSL,Electronic check,0,No,No,Yes,No,No,No
CUST-02711,5,119.41,620.58,One year,DSL,Electronic check,0,Yes,No,No,No,No,No
CUST-02712,2,46.08,90.57,Month-to-month,DSL,Bank transfer,0,Yes,No,Yes,No,No,No
CUST-02713,68,98.65,6676.29,Two year,No,Credit card,0,Yes,Yes,No,No,No,No
CUST-02714,38,72.96,2648.33,Month-to-month,DSL,Electronic check,0,Yes,No,No,No,No,No
CUST-02715,37,59.5,2168.96,Two year,Fiber optic,Credit card,0,Yes,No,No,No,Yes,No
CUST-02716,34,68.88,2193.3,Month-to-month,DSL,Electronic check,1,Yes,No,No,No,No,No
CUST-02717,32,37.47,1135.65,One year,DSL,Electronic check,0,Yes,Yes,Yes,No,No,No
CUST-02718,50,69.66,3399.85,Two year,DSL,Mailed check,0,No,No,No,No,No,No
CUST-02719,42,42.93,1778.91,One year,DSL,Mailed check,0,Yes,No,Yes,Yes,Yes,No
CUST-02720,12,60.11,747.58,Month-to-month,DSL,Credit card,0,Yes,No,No,No,No,Yes
CUST-02721,46,93.13,4267.44,Month-to-month,DSL,Electronic check,0,Yes,Yes,No,Yes,No,Yes
CUST-02722,49,76.35,3680.98,Two year,DSL,Credit card,0,No,No,Yes,Yes,No,No
CUST-02723,9,32.95,269.42,One year,Fiber optic,Credit card,0,Yes,No,Yes,Yes,No,No
CUST-02724,28,91.29,2570.73,Month-to-month,No,Mailed check,0,Yes,No,No,Yes,Yes,Yes
CUST-02725,57,69.82,4021.96,Two year,DSL,Bank transfer,0,Yes,No,No,No,Yes,No
CUST-02726,45,56.45,2674.17,Two year,Fiber optic,Bank transfer,0,Yes,Yes,No,Yes,No,No
CUST-02727,10,88.67,1124.26,Two year,Fiber optic,Credit card,0,No,No,No,Yes,No,No
CUST-02728,3,65.82,342.54,One year,Fiber optic,Electronic check,0,Yes,Yes,No,No,No,Yes
CUST-02729,42,40.86,1715.2,Two year,Fiber optic,Credit card,0,No,No,No,Yes,Yes,No
CUST-02730,34,116.2,3857.19,Two year,Fiber optic,Mailed check,0,No,No,No,No,Yes,No
CUST-02731,70,69.57,4832.81,Month-to-month,No,Credit card,0,No,No,No,No,Yes,Yes
CUST-02732,38,67.97,2602.64,Two year,DSL,Credit card,0,No,Yes,Yes,No,Yes,No
CUST-02733,68,59.87,4029.0,Month-to-month,Fiber optic,Credit card,0,Yes,No,No,Yes,No,No
CUST-02734,16,99.5,1558.96,Two year,Fiber optic,Credit card,0,Yes,Yes,No,Yes,Yes,No
CUST-02735,33,56.88,1941.49,One year,No,Mailed check,0,Yes,Yes,No,No,Yes,No
CUST-02736,11,31.38,325.08,One year,Fiber optic,Bank transfer,0,Yes,No,Yes,No,Yes,No
CUST-02737,42,53.03,2259.18,Month-to-month,No,Electronic check,0,Yes,No,No,No,Yes,Yes
CUST-02738,14,103.17,1421.81,Month-to-month,Fiber optic,Mailed check,0,Yes,No,No,No,Yes,Yes
CUST-02739,36,90.8,3068.07,Month-to-month,Fiber optic,Bank transfer,1,Yes,Yes,Yes,Yes,Yes,Yes
CUST-02740,25,63.62,1389.59,One year,Fiber optic,Credit card,0,No,No,No,No,Yes,No
CUST-02741,14,104.33,1498.4,Two year,Fiber optic,Mailed check,0,Yes,No,No,No,No,No
CUST-02742,7,88.7,611.83,Month-to-month,Fiber optic,Credit card,0,Yes,Yes,Yes,No,No,Yes
CUST-02743,37,63.34,2357.39,Month-to-month,Fiber optic,Bank transfer,0,No,No,No,No,No,No
CUST-02744,69,65.85,4571.37,One year,DSL,Credit card,0,No,Yes,No,Yes,Yes,No
CUST-02745,15,78.23,1195.14,Month-to-month,No,Mailed check,0,Yes,Yes,No,No,Yes,Yes
CUST-02746,30,49.2,1470.9,Month-to-month,Fiber optic,Bank transfer,1,No,No,Yes,Yes,Yes,No
CUST-02747,17,70.11,1319.67,Month-to-month,Fiber optic,Bank transfer,1,Yes,Yes,No,No,Yes,Yes
CUST-02748,59,77.71,4606.19,One year,DSL,Electronic check,0,No,No,No,No,No,No
CUST-02749,30,27.83,858.62,One year,DSL,Mailed check,1,No,No,No,No,No,No
CUST-02750,71,65.27,4582.28,Two year,DSL,Credit card,0,Yes,No,Yes,Yes,No,No
CUST-02751,18,62.42,1007.85,Month-to-month,DSL,Bank transfer,0,No,No,No,No,No,Yes
CUST-02752,6,95.7,791.02,Month-to-month,Fiber optic,Bank transfer,0,Yes,No,No,Yes,Yes,Yes
CUST-02753,42,23.89,1085.11,One year,No,Electronic check,1,Yes,No,No,Yes,No,No
CUST-02754,47,60.46,2866.49,Two year,Fiber optic,Electronic check,1,No,No,No,Yes,Yes,No
CUST-02755,72,57.96,4149.28,Month-to-month,Fiber optic,Bank transfer,0,No,No,No,No,Yes,No
CUST-02756,63,94.0,5984.19,Two year,No,Electronic check,0,No,No,No,No,Yes,No
CUST-02757,64,68.91,4359.49,One year,No,Electronic check,0,Yes,No,No,Yes,Yes,No
CUST-02758,46,114.9,5355.6,Two year,Fiber optic,Bank transfer,0,No,No,No,No,Yes,No
CUST-02759,26,86.56,2399.82,Month-to-month,Fiber optic,Credit card,0,No,No,No,Yes,Yes,Yes
CUST-02760,31,59.74,1844.1,Month-to-month,Fiber optic,Credit card,0,Yes,No,Yes,Yes,Yes,Yes
CUST-02761,10,75.99,914.8,Month-to-month,Fiber optic,Mailed check,0,No,No,No,No,Yes,Yes
CUST-02762,32,61.15,1930.23,One year,DSL,Credit card,0,No,Yes,No,No,No,No
CUST-02763,27,91.48,2291.98,Two year,Fiber optic,Bank transfer,0,No,No,No,No,Yes,No
CUST-02764,3,36.7,192.26,Month-to-month,Fiber optic,Credit card,0,Yes,No,No,Yes,Yes,Yes
CUST-02765,15,49.41,731.0,Month-to-month,DSL,Electronic check,1,No,No,No,Yes,No,Yes
CUST-02766,39,81.39,3257.06,Month-to-month,No,Bank transfer,0,No,No,Yes,Yes,No,No
CUST-02767,27,100.64,2605.31,One year,No,Credit card,0,Yes,No,Yes,Yes,Yes,No
CUST-02768,72,20.0,1391.4,Two year,Fiber optic,Credit card,0,Yes,Yes,No,No,No,No
CUST-02769,35,104.36,3786.98,Month-to-month,DSL,Credit card,1,No,No,No,Yes,Yes,Yes
CUST-02770,70,66.5,4684.28,One year,DSL,Electronic check,1,Yes,No,No,No,Yes,No
CUST-02771,48,22.9,1249.05,Month-to-month,Fiber optic,Bank transfer,0,No,Yes,No,Yes,No,No
CUST-02772,3,20.0,0.0,Two year,Fiber optic,Electronic check,0,Yes,Yes,No,No,Yes,Yes
CUST-02773,15,31.77,712.64,Two year,Fiber optic,Mailed check,0,Yes,No,No,No,Yes,No
CUST-02774,51,69.51,3772.55,Month-to-month,DSL,Electronic check,0,No,Yes,Yes,Yes,Yes,No
CUST-02775,40,68.35,2809.54,One year,DSL,Credit card,0,Yes,No,No,Yes,Yes,No
CUST-02776,22,85.83,1903.61,Two year,DSL,Credit card,0,Yes,No,No,No,Yes,No
CUST-02777,38,56.26,2181.37,Two year,Fiber optic,Electronic check,1,Yes,No,No,Yes,No,No
CUST-02778,66,42.3,2896.19,One year,Fiber optic,Credit card,0,No,No,No,Yes,Yes,No
CUST-02779,28,59.67,1696.06,Month-to-month,DSL,Credit card,0,Yes,No,No,No,Yes,No
CUST-02780,4,70.84,248.71,One year,Fiber optic,Credit card,0,No,No,No,No,Yes,Yes
CUST-02781,23,75.77,1640.03,One year,No,Mailed check,0,No,No,Yes,No,Yes,No
CUST-02782,68,50.27,3201.28,Month-to-month,Fiber optic,Credit card,0,No,Yes,No,No,Yes,No
CUST-02783,55,92.54,5060.0,Two year,DSL,Credit card,0,Yes,Yes,Yes,Yes,No,No
CUST-02784,61,54.47,3116.43,Month-to-month,Fiber optic,Bank transfer,1,Yes,No,No,No,Yes,No
CUST-02785,66,48.26,3169.75,Two year,No,Mailed check,0,No,No,No,Yes,Yes,No
CUST-02786,9,56.44,664.13,Month-to-month,DSL,Credit card,1,Yes,No,No,Yes,No,No
CUST-02787,21,96.87,2027.21,Month-to-month,DSL,Electronic check,0,No,No,No,No,No,Yes
CUST-02788,5,66.68,239.07,Month-to-month,Fiber optic,Mailed check,0,No,No,No,No,No,Yes
CUST-02789,1,52.64,1.42,One year,DSL,Electronic check,0,No,Yes,Yes,Yes,No,No
CUST-02790,61,93.15,5600.85,Two year,No,Credit card,0,No,No,No,No,No,No
CUST-02791,68,123.57,8572.81,Month-to-month,Fiber optic,Electronic check,1,No,No,No,No,No,Yes
CUST-02792,12,75.24,837.24,Month-to-month,DSL,Credit card,0,Yes,No,No,Yes,Yes,No
CUST-02793,52,100.85,5065.25,Two year,No,Bank transfer,0,Yes,No,No,Yes,No,No
CUST-02794,39,95.9,3994.95,One year,Fiber optic,Mailed check,0,No,Yes,No,No,Yes,No
CUST-02795,5,54.86,255.25,Month-to-month,Fiber optic,Bank transfer,0,No,No,Yes,No,No,Yes
CUST-02796,66,70.67,4575.97,Two year,DSL,Electronic check,0,Yes,No,No,No,No,No
CUST-02797,63,37.94,2390.89,Month-to-month,Fiber optic,Credit card,0,Yes,No,No,Yes,No,No
CUST-02798,41,64.88,2636.27,Month-to-month,No,Mailed check,0,No,No,Yes,No,Yes,No
CUST-02799,51,54.35,2818.54,Month-to-month,DSL,Credit card,0,Yes,Yes,No,Yes,Yes,No
CUST-02800,29,59.93,1721.63,One year,Fiber optic,Credit card,0,Yes,Yes,No,No,Yes,No
CUST-02801,58,51.25,2758.47,Month-to-month,No,Bank transfer,0,Yes,No,No,No,Yes,No
CUST-02802,33,62.82,2055.21,Two year,Fiber optic,Bank transfer,0,Yes,No,Yes,No,No,No
CUST-02803,72,83.31,6086.63,Month-to-month,DSL,Credit card,0,Yes,No,No,Yes,Yes,No
CUST-02804,5,67.01,281.3,Two year,DSL,Mailed check,0,Yes,No,Yes,No,No,No
CUST-02805,13,23.39,376.87,Month-to-month,Fiber optic,Mailed check,0,Yes,Yes,Yes,No,Yes,Yes
CUST-02806,70,51.35,3688.71,Month-to-month,Fiber optic,Credit card,0,No,Yes,No,Yes,Yes,No
CUST-02807,21,32.02,790.24,Month-to-month,DSL,Mailed check,0,No,No,No,Yes,Yes,Yes
CUST-02808,23,76.1,1646.67,Month-to-month,DSL,Mailed check,0,Yes,No,No,No,Yes,No
CUST-02809,57,82.58,4613.91,Month-to-month,Fiber optic,Electronic check,0,Yes,Yes,No,Yes,Yes,Yes
CUST-02810,14,76.41,1072.0,Two year,Fiber optic,Mailed check,0,Yes,Yes,No,No,No,No
CUST-02811,37,50.31,1680.23,Two year,DSL,Electronic check,0,No,No,Yes,Yes,Yes,No
CUST-02812,21,76.17,1491.58,One year,Fiber optic,Credit card,0,Yes,No,Yes,Yes,Yes,Yes
CUST-02813,15,58.25,903.47,Month-to-month,Fiber optic,Bank transfer,0,No,Yes,No,Yes,No,Yes
CUST-02814,70,41.54,2699.64,Two year,DSL,Mailed check,0,No,No,Yes,Yes,Yes,No
CUST-02815,15,88.55,1148.74,Month-to-month,DSL,Credit card,0,No,No,No,No,Yes,Yes
CUST-02816,7,90.45,684.13,One year,No,Mailed check,0,Yes,No,No,No,Yes,Yes
CUST-02817,49,93.72,4430.27,One year,No,Mailed check,0,No,No,Yes,Yes,Yes,No
CUST-02818,63,54.79,3720.91,Month-to-month,DSL,Bank transfer,0,Yes,No,Yes,Yes,Yes,No
CUST-02819,10,99.48,892.87,Month-to-month,No,Mailed check,1,No,No,Yes,Yes,Yes,Yes
CUST-02820,51,57.66,2832.3,Two year,Fiber optic,Mailed check,0,No,No,No,No,Yes,No
CUST-02821,39,86.34,3225.19,Month-to-month,No,Bank transfer,0,No,Yes,No,Yes,No,Yes
CUST-02822,60,57.23,3429.84,One year,No,Mailed check,0,No,No,No,No,No,No
CUST-02823,10,64.4,621.98,Two year,Fiber optic,Mailed check,0,No,No,Yes,No,Yes,No
CUST-02824,71,20.0,1456.82,Month-to-month,Fiber optic,Electronic check,0,No,No,No,No,Yes,No
CUST-02825,45,62.45,2783.4,Month-to-month,DSL,Credit card,0,No,No,Yes,Yes,No,No
CUST-02826,61,72.28,4499.02,Month-to-month,Fiber optic,Credit card,0,Yes,No,No,No,No,No
CUST-02827,27,59.75,1587.9,Two year,Fiber optic,Bank transfer,1,Yes,Yes,Yes,No,Yes,No
CUST-02828,68,113.9,7705.93,Month-to-month,Fiber optic,Bank transfer,0,Yes,No,No,Yes,No,Yes
CUST-02829,46,40.94,1903.8,Month-to-month,DSL,Credit card,0,Yes,No,No,No,Yes,No
CUST-02830,10,55.91,360.89,Month-to-month,Fiber optic,Credit card,0,Yes,No,No,No,Yes,Yes
CUST-02831,67,47.38,3059.96,Two year,No,Mailed check,0,Yes,Yes,Yes,Yes,Yes,No
CUST-02832,58,55.91,3410.58,Two year,DSL,Bank transfer,0,Yes,No,No,No,Yes,No
CUST-02833,22,95.79,1926.84,One year,Fiber optic,Credit card,0,No,No,No,Yes,Yes,No
CUST-02834,40,106.95,4364.02,Two year,Fiber optic,Electronic check,0,No,No,No,No,No,No
CUST-02835,28,52.48,1228.0,One year,Fiber optic,Credit card,1,No,No,No,No,Yes,No
CUST-02836,40,51.92,1913.42,Two year,No,Mailed check,0,Yes,No,No,Yes,Yes,No
CUST-02837,70,41.07,2793.91,Month-to-month,Fiber optic,Electronic check,0,Yes,No,Yes,Yes,No,No
CUST-02838,65,102.66,6712.55,Month-to-month,DSL,Mailed check,0,No,Yes,No,Yes,No,No
CUST-02839,16,98.03,1550.56,Two year,Fiber optic,Bank transfer,0,No,No,No,No,Yes,No
CUST-02840,70,67.35,4750.71,Month-to-month,Fiber optic,Bank transfer,0,Yes,No,No,Yes,Yes,No
CUST-02841,32,35.1,1066.28,Month-to-month,DSL,Electronic check,1,Yes,Yes,Yes,No,Yes,No
CUST-02842,51,37.33,1884.3,One year,Fiber optic,Bank transfer,0,No,No,No,No,No,Yes
CUST-02843,56,74.27,4158.82,One year,Fiber optic,Bank transfer,1,No,No,No,No,No,No
CUST-02844,35,83.73,3022.1,Month-to-month,Fiber optic,Bank transfer,1,No,No,Yes,No,Yes,Yes
CUST-02845,33,20.0,829.77,Month-to-month,Fiber optic,Credit card,0,Yes,No,Yes,No,Yes,No
CUST-02846,33,61.97,1934.05,Month-to-month,Fiber optic,Credit card,0,Yes,No,No,No,No,Yes
CUST-02847,63,110.46,6939.43,Month-to-month,Fiber optic,Mailed check,0,Yes,No,No,No,No,No
CUST-02848,28,64.56,1764.17,Month-to-month,Fiber optic,Mailed check,0,No,No,No,No,Yes,Yes
CUST-02849,21,107.24,2279.95,Month-to-month,DSL,Credit card,0,Yes,Yes,Yes,No,Yes,No
CUST-02850,27,86.23,2465.78,One year,Fiber optic,Credit card,1,Yes,Yes,Yes,Yes,No,No
CUST-02851,15,42.89,650.42,Month-to-month,No,Electronic check,0,No,No,No,No,Yes,Yes
CUST-02852,29,62.68,1758.76,Month-to-month,Fiber optic,Mailed check,0,Yes,No,Yes,Yes,No,No
CUST-02853,9,66.78,701.88,One year,Fiber optic,Credit card,0,Yes,Yes,Yes,Yes,No,No
CUST-02854,7,46.19,296.96,Month-to-month,No,Bank transfer,0,No,Yes,Yes,Yes,Yes,Yes
CUST-02855,53,45.75,2408.0,Month-to-month,DSL,Credit card,0,No,No,No,Yes,Yes,No
CUST-02856,6,107.67,704.59,Month-to-month,DSL,Electronic check,1,No,Yes,Yes,Yes,No,Yes
CUST-02857,41,45.57,1734.53,One year,DSL,Credit card,0,Yes,No,No,No,No,No
CUST-02858,57,96.96,5386.71,Month-to-month,Fiber optic,Electronic check,0,No,No,No,No,Yes,Yes
CUST-02859,53,59.09,3030.07,Month-to-month,DSL,Electronic check,0,No,No,No,No,Yes,Yes
CUST-02860,33,69.36,2259.28,One year,Fiber optic,Bank transfer,0,No,No,No,No,No,No
CUST-02861,14,84.05,1279.22,Two year,Fiber optic,Credit card,0,Yes,No,Yes,Yes,Yes,No
CUST-02862,68,55.04,3674.54,One year,DSL,Mailed check,0,No,Yes,No,No,No,No
CUST-02863,61,84.2,5083.55,Two year,Fiber optic,Electronic check,0,No,No,No,No,Yes,No
CUST-02864,45,20.0,917.05,One year,DSL,Credit card,0,No,No,No,Yes,No,No
CUST-02865,7,80.99,472.98,Month-to-month,Fiber optic,Electronic check,0,No,No,No,No,No,Yes
CUST-02866,3,20.0,12.1,Month-to-month,DSL,Bank transfer,0,Yes,No,Yes,Yes,Yes,No
CUST-02867,23,64.33,1475.34,Month-to-month,DSL,Electronic check,0,No,No,No,No,No,No
CUST-02868,12,91.36,1152.85,Month-to-month,DSL,Bank transfer,0,Yes,No,No,Yes,No,No
CUST-02869,62,85.56,5398.75,Month-to-month,Fiber optic,Electronic check,0,Yes,No,No,Yes,Yes,No
CUST-02870,15,37.54,547.01,Month-to-month,DSL,Mailed check,0,Yes,No,No,Yes,No,Yes
CUST-02871,21,40.76,826.14,One year,Fiber optic,Mailed check,0,No,No,No,No,No,No
CUST-02872,71,52.78,3726.16,One year,Fiber optic,Credit card,0,No,Yes,Yes,No,No,No
CUST-02873,59,74.66,4425.07,Month-to-month,Fiber optic,Bank transfer,0,No,No,Yes,No,No,No
CUST-02874,16,20.0,466.8,Month-to-month,DSL,Credit card,0,No,No,No,No,Yes,No
CUST-02875,28,69.67,2168.22,Month-to-month,Fiber optic,Bank transfer,0,No,No,No,No,Yes,No
CUST-02876,38,77.79,3140.76,Month-to-month,DSL,Mailed check,0,No,No,Yes,No,Yes,No
CUST-02877,48,62.92,3126.95,Month-to-month,Fiber optic,Mailed check,0,No,Yes,Yes,No,No,No
CUST-02878,68,83.13,5550.83,Month-to-month,Fiber optic,Bank transfer,0,Yes,No,Yes,No,No,No
CUST-02879,63,75.59,4784.12,Month-to-month,Fiber optic,Bank transfer,0,Yes,No,No,No,No,No
CUST-02880,71,56.46,3972.02,Two year,DSL,Credit card,0,No,No,No,No,No,No
CUST-02881,3,21.6,51.1,Month-to-month,Fiber optic,Credit card,0,No,Yes,No,No,Yes,Yes
CUST-02882,18,73.34,1494.05,One year,Fiber optic,Electronic check,1,No,No,Yes,No,Yes,Yes
CUST-02883,41,46.17,2025.96,Month-to-month,DSL,Credit card,0,Yes,No,No,No,No,No
CUST-02884,4,55.54,306.87,Month-to-month,Fiber optic,Mailed check,0,No,No,No,No,Yes,Yes
CUST-02885,26,81.98,2393.01,Month-to-month,DSL,Bank transfer,0,No,Yes,No,No,Yes,No
CUST-02886,12,105.43,1347.84,Two year,No,Credit card,0,Yes,No,No,No,Yes,No
CUST-02887,68,69.05,4844.03,Month-to-month,Fiber optic,Credit card,1,No,Yes,No,No,Yes,No
CUST-02888,5,83.85,474.85,Month-to-month,DSL,Mailed check,1,No,Yes,No,Yes,Yes,No
CUST-02889,11,33.89,392.59,Two year,DSL,Electronic check,0,Yes,No,No,No,No,No
CUST-02890,15,76.14,1345.15,Month-to-month,Fiber optic,Credit card,0,No,No,No,No,Yes,Yes
CUST-02891,11,68.5,675.18,Month-to-month,Fiber optic,Credit card,0,Yes,No,No,Yes,Yes,Yes
CUST-02892,41,100.73,3968.73,One year,DSL,Mailed check,0,No,No,No,Yes,No,No
CUST-02893,27,56.49,1429.08,Month-to-month,DSL,Electronic check,1,No,No,Yes,No,Yes,Yes
CUST-02894,66,63.96,4175.61,Two year,Fiber optic,Bank transfer,0,Yes,No,No,No,Yes,Yes
CUST-02895,19,96.47,1924.6,Month-to-month,DSL,Credit card,0,Yes,Yes,Yes,Yes,Yes,Yes
CUST-02896,39,67.7,2766.09,One year,DSL,Mailed check,0,Yes,No,No,Yes,Yes,No
CUST-02897,48,42.28,1950.92,Month-to-month,Fiber optic,Electronic check,0,Yes,No,No,Yes,Yes,Yes
CUST-02898,46,130.0,5919.25,Two year,Fiber optic,Mailed check,0,No,No,Yes,Yes,Yes,No
CUST-02899,58,43.04,2451.94,Two year,Fiber optic,Bank transfer,0,No,No,No,No,No,No
CUST-02900,15,68.38,1030.48,Two year,DSL,Credit card,0,No,No,No,Yes,Yes,No
CUST-02901,37,78.67,2911.25,Two year,Fiber optic,Credit card,0,No,No,No,No,Yes,Yes
CUST-02902,58,76.69,4484.66,One year,Fiber optic,Bank transfer,0,Yes,No,Yes,No,No,No
CUST-02903,63,65.26,4016.95,Month-to-month,Fiber optic,Mailed check,0,Yes,No,No,No,No,No
CUST-02904,45,65.38,2835.03,Month-to-month,No,Credit card,0,No,No,No,No,Yes,Yes
CUST-02905,47,64.13,2927.23,Month-to-month,DSL,Electronic check,0,Yes,No,No,Yes,Yes,No
CUST-02906,63,42.1,2656.82,Month-to-month,Fiber optic,Mailed check,0,Yes,No,No,No,No,No
CUST-02907,45,123.76,5447.05,Month-to-month,No,Credit card,0,No,No,No,No,No,Yes
CUST-02908,69,64.5,4360.43,One year,DSL,Credit card,0,No,Yes,No,No,Yes,No
CUST-02909,10,84.92,900.52,One year,No,Credit card,0,Yes,No,No,No,No,No
CUST-02910,26,61.63,1749.46,Two year,Fiber optic,Bank transfer,0,Yes,No,No,Yes,No,No
CUST-02911,9,61.13,589.06,Month-to-month,DSL,Credit card,0,No,Yes,No,No,No,Yes
CUST-02912,7,58.61,301.56,One year,DSL,Electronic check,0,No,Yes,No,No,Yes,Yes
CUST-02913,34,31.25,1131.87,One year,DSL,Bank transfer,0,No,Yes,Yes,No,Yes,No
CUST-02914,17,65.98,1064.49,Two year,No,Mailed check,0,No,No,No,Yes,No,No
CUST-02915,30,59.82,1935.07,One year,No,Bank transfer,0,No,No,No,Yes,Yes,No
CUST-02916,32,99.29,3220.31,Month-to-month,Fiber optic,Electronic check,0,No,Yes,Yes,No,Yes,Yes
CUST-02917,45,40.08,1718.81,Month-to-month,DSL,Mailed check,0,No,No,Yes,No,Yes,No
CUST-02918,69,55.57,3846.48,Two year,Fiber optic,Electronic check,0,No,Yes,No,No,Yes,No
CUST-02919,62,47.54,2807.32,One year,Fiber optic,Bank transfer,0,No,No,No,Yes,Yes,No
CUST-02920,28,106.06,2987.16,Two year,DSL,Credit card,0,Yes,No,No,Yes,No,No
CUST-02921,24,48.26,1131.79,One year,DSL,Electronic check,0,No,No,No,No,Yes,Yes
CUST-02922,56,84.06,4917.36,One year,Fiber optic,Credit card,0,No,No,No,Yes,Yes,No
CUST-02923,9,94.25,869.25,One year,Fiber optic,Bank transfer,0,Yes,Yes,No,Yes,Yes,Yes
CUST-02924,39,66.35,2593.53,Two year,Fiber optic,Electronic check,0,Yes,No,Yes,No,Yes,No
CUST-02925,31,35.58,864.29,Two year,Fiber optic,Bank transfer,0,Yes,Yes,No,No,Yes,No
CUST-02926,14,35.9,565.8,Month-to-month,DSL,Electronic check,0,No,No,No,No,Yes,No
CUST-02927,45,91.49,4234.12,Month-to-month,DSL,Credit card,0,No,Yes,No,Yes,Yes,Yes
CUST-02928,24,38.49,1041.23,Month-to-month,Fiber optic,Mailed check,0,No,No,No,Yes,Yes,Yes
CUST-02929,14,79.8,1104.83,Month-to-month,Fiber optic,Electronic check,0,Yes,No,No,Yes,Yes,Yes
CUST-02930,48,72.86,3435.65,Two year,DSL,Credit card,1,No,Yes,No,Yes,No,No
CUST-02931,13,79.43,1156.84,Two year,No,Bank transfer,0,Yes,No,No,No,Yes,No
CUST-02932,49,81.79,3999.01,Month-to-month,Fiber optic,Bank transfer,0,No,No,No,No,No,No
CUST-02933,12,46.66,556.28,Month-to-month,DSL,Credit card,0,No,Yes,No,Yes,No,No
CUST-02934,32,45.61,1426.45,Month-to-month,DSL,Bank transfer,0,Yes,No,No,No,No,No
CUST-02935,59,87.87,4959.82,Two year,No,Credit card,0,Yes,Yes,Yes,Yes,Yes,No
CUST-02936,17,54.27,840.43,One year,Fiber optic,Bank transfer,0,No,Yes,No,No,No,Yes
CUST-02937,56,20.0,1129.82,Month-to-month,DSL,Electronic check,0,No,No,Yes,No,Yes,No
CUST-02938,52,86.22,4543.34,Month-to-month,Fiber optic,Credit card,0,No,No,No,No,Yes,Yes
CUST-02939,65,44.09,2862.98,One year,DSL,Credit card,0,No,Yes,No,No,No,No
CUST-02940,13,81.68,1115.71,Month-to-month,Fiber optic,Mailed check,0,Yes,No,No,No,No,No
CUST-02941,52,104.82,5279.38,Two year,Fiber optic,Bank transfer,0,Yes,No,No,No,Yes,No
CUST-02942,68,70.42,4693.04,Two year,Fiber optic,Electronic check,0,Yes,No,No,Yes,No,No
CUST-02943,55,94.89,5449.43,Month-to-month,Fiber optic,Mailed check,0,No,Yes,No,No,No,No
CUST-02944,14,73.84,1104.52,Month-to-month,Fiber optic,Bank transfer,0,Yes,No,No,Yes,Yes,Yes
CUST-02945,60,109.69,6716.57,Month-to-month,DSL,Mailed check,0,Yes,No,No,Yes,Yes,Yes
CUST-02946,8,43.45,320.41,Month-to-month,No,Credit card,0,No,Yes,Yes,Yes,No,No
CUST-02947,43,69.79,3104.28,Month-to-month,DSL,Electronic check,0,Yes,No,No,Yes,No,No
CUST-02948,36,86.83,3225.05,Month-to-month,DSL,Bank transfer,0,No,No,No,No,Yes,No
CUST-02949,39,65.24,2759.99,Month-to-month,No,Bank transfer,0,Yes,Yes,Yes,No,Yes,Yes
CUST-02950,38,98.81,3799.17,Two year,No,Credit card,0,Yes,No,No,No,Yes,No
CUST-02951,3,59.2,73.0,Month-to-month,Fiber optic,Credit card,1,No,No,No,No,Yes,No
CUST-02952,37,121.73,4427.78,Two year,Fiber optic,Credit card,0,No,No,No,Yes,Yes,No
CUST-02953,68,123.05,8398.19,Month-to-month,DSL,Credit card,0,Yes,No,No,No,No,No
CUST-02954,32,77.05,2204.92,Month-to-month,Fiber optic,Electronic check,0,Yes,No,No,No,No,Yes
CUST-02955,20,83.82,1717.61,Month-to-month,DSL,Mailed check,0,Yes,No,No,No,No,No
CUST-02956,72,99.79,7241.23,Month-to-month,DSL,Bank transfer,0,No,No,No,No,Yes,No
CUST-02957,8,40.32,470.71,Month-to-month,Fiber optic,Credit card,1,Yes,Yes,No,No,No,Yes
CUST-02958,36,37.2,1157.53,Two year,No,Credit card,0,No,No,No,Yes,Yes,No
CUST-02959,37,101.41,3641.17,Two year,No,Bank transfer,0,No,No,No,No,No,No
CUST-02960,35,76.85,2701.35,Month-to-month,No,Electronic check,0,No,Yes,No,No,Yes,No
CUST-02961,67,64.34,4306.27,Month-to-month,Fiber optic,Mailed check,0,Yes,No,No,No,Yes,No
CUST-02962,31,70.28,2180.65,Month-to-month,DSL,Bank transfer,0,Yes,No,No,No,No,Yes
CUST-02963,71,20.0,1517.51,One year,DSL,Credit card,1,No,No,Yes,No,No,No
CUST-02964,5,65.24,360.83,Month-to-month,Fiber optic,Mailed check,0,Yes,No,No,Yes,Yes,Yes
CUST-02965,53,51.17,2865.77,Month-to-month,DSL,Mailed check,1,No,No,No,No,No,Yes
CUST-02966,43,92.95,4117.3,Two year,Fiber optic,Credit card,0,No,Yes,No,No,Yes,No
CUST-02967,18,94.88,1640.43,Two year,Fiber optic,Credit card,0,Yes,Yes,No,No,No,Yes
CUST-02968,17,84.42,1465.24,One year,No,Electronic check,0,No,No,No,No,Yes,Yes
CUST-02969,52,79.89,4211.08,Month-to-month,Fiber optic,Mailed check,0,Yes,Yes,No,No,No,No
CUST-02970,46,32.57,1688.42,Month-to-month,Fiber optic,Mailed check,0,Yes,Yes,No,Yes,Yes,Yes
CUST-02971,45,84.77,3837.82,Month-to-month,Fiber optic,Bank transfer,0,Yes,No,No,No,No,No
CUST-02972,4,85.73,401.91,One year,Fiber optic,Bank transfer,0,No,Yes,No,No,No,No
CUST-02973,44,101.13,4403.52,One year,DSL,Credit card,1,Yes,No,No,Yes,Yes,No
CUST-02974,71,122.96,8784.98,Month-to-month,Fiber optic,Bank transfer,0,Yes,Yes,No,Yes,Yes,Yes
CUST-02975,2,27.69,0.0,Two year,Fiber optic,Credit card,0,No,No,No,No,Yes,Yes
CUST-02976,34,60.29,1984.9,Month-to-month,DSL,Electronic check,0,Yes,No,No,No,Yes,No
CUST-02977,36,51.44,1979.42,One year,Fiber optic,Bank transfer,0,Yes,Yes,Yes,Yes,No,No
CUST-02978,65,74.31,4917.06,Month-to-month,No,Electronic check,0,Yes,No,No,No,No,No
CUST-02979,21,70.34,1613.83,Month-to-month,DSL,Bank transfer,0,Yes,Yes,No,Yes,Yes,No
CUST-02980,35,64.15,2472.14,Month-to-month,Fiber optic,Credit card,0,Yes,No,No,No,No,Yes
CUST-02981,52,95.69,5071.0,One year,DSL,Credit card,0,No,Yes,No,Yes,No,No
CUST-02982,5,42.46,237.92,Month-to-month,Fiber optic,Credit card,0,No,No,No,No,Yes,No
CUST-02983,58,43.97,2495.51,Month-to-month,No,Mailed check,1,No,No,No,No,No,Yes
CUST-02984,60,44.39,2610.7,One year,DSL,Bank transfer,0,No,No,No,No,Yes,No
CUST-02985,52,60.99,3174.21,One year,Fiber optic,Mailed check,0,No,No,No,No,No,No
CUST-02986,47,39.29,1841.52,One year,Fiber optic,Electronic check,1,No,No,No,Yes,Yes,Yes
CUST-02987,54,68.79,3802.11,One year,DSL,Mailed check,0,Yes,No,No,No,Yes,No
CUST-02988,57,65.86,3666.92,One year,Fiber optic,Bank transfer,1,Yes,Yes,No,No,Yes,No
CUST-02989,66,50.34,3266.79,One year,No,Electronic check,1,Yes,No,Yes,Yes,No,No
CUST-02990,31,91.84,2883.84,Month-to-month,No,Bank transfer,0,No,No,Yes,No,No,Yes
CUST-02991,33,68.51,2113.92,Month-to-month,Fiber optic,Mailed check,0,No,No,No,Yes,No,No
CUST-02992,46,96.57,4589.2,Month-to-month,DSL,Mailed check,0,No,No,Yes,No,No,No
CUST-02993,14,65.12,998.7,Month-to-month,DSL,Bank transfer,0,No,No,No,Yes,No,No
CUST-02994,62,69.4,4323.61,Month-to-month,DSL,Electronic check,0,Yes,No,No,No,No,No
CUST-02995,56,55.93,3030.37,Month-to-month,Fiber optic,Mailed check,0,No,Yes,Yes,No,Yes,No
CUST-02996,46,69.82,3198.4,Month-to-month,Fiber optic,Electronic check,0,No,Yes,No,Yes,No,No
CUST-02997,22,87.81,2003.53,One year,Fiber optic,Electronic check,0,Yes,Yes,No,No,No,Yes
CUST-02998,26,59.72,1490.16,One year,Fiber optic,Electronic check,1,No,No,No,No,No,Yes
CUST-02999,32,82.96,2490.91,One year,DSL,Electronic check,0,No,Yes,No,Yes,No,No
CUST-03000,48,49.68,2431.81,Two year,No,Bank transfer,0,Yes,No,No,No,Yes,No
CUST-03001,57,88.98,5103.51,Month-to-month,DSL,Mailed check,0,Yes,No,No,Yes,No,No
CUST-03002,49,55.5,2671.37,Month-to-month,DSL,Mailed check,0,No,Yes,No,No,Yes,No
CUST-03003,67,91.29,6351.3,Month-to-month,Fiber optic,Credit card,1,No,No,No,No,Yes,Yes
CUST-03004,70,71.52,4924.91,Month-to-month,DSL,Bank transfer,0,Yes,No,No,No,Yes,No
CUST-03005,51,108.02,5648.71,Month-to-month,DSL,Electronic check,0,No,No,No,No,Yes,Yes
CUST-03006,27,41.15,1178.52,Two year,No,Bank transfer,0,Yes,No,No,No,Yes,No
CUST-03007,44,33.1,1493.2,Month-to-month,No,Bank transfer,0,Yes,No,No,No,No,No
CUST-03008,31,54.59,1925.49,Month-to-month,Fiber optic,Bank transfer,0,Yes,No,Yes,No,Yes,No
CUST-03009,46,35.38,1744.29,Month-to-month,DSL,Credit card,0,No,Yes,No,No,No,Yes
CUST-03010,59,35.43,2024.69,Month-to-month,DSL,Bank transfer,0,Yes,Yes,Yes,No,Yes,No
CUST-03011,27,85.54,2253.52,One year,DSL,Credit card,0,No,No,No,No,Yes,Yes
CUST-03012,37,69.9,2510.59,One year,DSL,Bank transfer,1,No,No,No,Yes,Yes,No
CUST-03013,4,58.01,264.12,One year,No,Bank transfer,0,No,No,Yes,No,Yes,Yes
CUST-03014,54,60.33,3188.09,One year,DSL,Electronic check,0,Yes,Yes,No,No,Yes,No
CUST-03015,36,55.07,1772.91,Month-to-month,Fiber optic,Credit card,0,No,No,Yes,Yes,No,No
CUST-03016,34,111.26,3735.87,Month-to-month,DSL,Electronic check,0,No,No,No,No,No,Yes
CUST-03017,39,51.61,2106.61,One year,Fiber optic,Credit card,1,No,No,No,No,Yes,No
CUST-03018,16,36.95,728.92,Month-to-month,DSL,Bank transfer,1,Yes,No,Yes,No,Yes,No
CUST-03019,44,89.9,4041.1,Month-to-month,DSL,Mailed check,0,Yes,No,No,No,No,Yes
CUST-03020,54,64.61,3478.14,Month-to-month,DSL,Mailed check,0,Yes,No,No,No,No,No
CUST-03021,26,120.97,3252.72,One year,No,Electronic check,0,No,No,No,No,No,No
CUST-03022,10,56.84,765.83,Month-to-month,Fiber optic,Mailed check,0,Yes,No,No,No,No,No
CUST-03023,28,91.15,2606.89,Two year,Fiber optic,Electronic check,0,Yes,Yes,No,No,Yes,Yes
CUST-03024,15,97.05,1461.98,Month-to-month,DSL,Mailed check,0,No,Yes,No,No,No,Yes
CUST-03025,27,56.97,1714.62,Month-to-month,Fiber optic,Electronic check,1,No,No,No,No,Yes,Yes
CUST-03026,46,51.43,2304.31,Month-to-month,Fiber optic,Electronic check,1,Yes,No,Yes,No,No,Yes
CUST-03027,9,88.53,875.91,Month-to-month,Fiber optic,Bank transfer,0,No,No,No,No,No,Yes
CUST-03028,54,84.37,4250.12,Month-to-month,Fiber optic,Electronic check,0,Yes,Yes,No,No,Yes,No
CUST-03029,17,34.73,555.18,One year,No,Mailed check,0,Yes,No,No,No,Yes,No
CUST-03030,65,41.79,2495.17,Month-to-month,No,Bank transfer,0,No,No,No,No,Yes,No
CUST-03031,53,20.0,1138.79,Month-to-month,No,Bank transfer,0,No,No,Yes,No,Yes,Yes
CUST-03032,20,84.88,1620.85,Month-to-month,Fiber optic,Bank transfer,0,Yes,No,No,No,Yes,Yes
CUST-03033,41,63.45,2670.34,Month-to-month,DSL,Mailed check,1,Yes,No,Yes,No,Yes,Yes
CUST-03034,8,65.95,472.43,Two year,DSL,Bank transfer,0,No,No,Yes,No,Yes,No
CUST-03035,8,27.71,174.96,Month-to-month,DSL,Bank transfer,0,No,No,No,No,Yes,No
CUST-03036,69,42.55,2871.4,One year,DSL,Electronic check,1,No,Yes,No,No,No,No
CUST-03037,58,58.05,3425.67,Month-to-month,Fiber optic,Credit card,0,Yes,No,No,No,Yes,Yes
CUST-03038,12,53.19,675.17,Month-to-month,Fiber optic,Credit card,0,Yes,No,No,No,Yes,Yes
CUST-03039,21,72.95,1445.67,Two year,Fiber optic,Mailed check,0,Yes,No,Yes,No,No,Yes
CUST-03040,15,84.59,1263.05,Month-to-month,Fiber optic,Mailed check,0,Yes,No,No,No,No,Yes
CUST-03041,29,126.74,3609.68,Two year,No,Bank transfer,0,No,No,Yes,No,Yes,No
CUST-03042,21,69.5,1415.04,Month-to-month,DSL,Bank transfer,0,Yes,Yes,No,No,Yes,No
CUST-03043,24,97.89,2304.24,Month-to-month,DSL,Credit card,0,Yes,No,Yes,Yes,Yes,No
CUST-03044,39,49.25,1867.76,Two year,Fiber optic,Mailed check,0,No,No,Yes,Yes,Yes,No
CUST-03045,14,28.13,465.93,Month-to-month,Fiber optic,Mailed check,0,Yes,No,No,Yes,Yes,No
CUST-03046,64,61.19,3987.21,Two year,Fiber optic,Mailed check,0,Yes,No,No,No,No,No
CUST-03047,53,30.06,1438.78,Two year,No,Mailed check,1,No,No,No,Yes,Yes,No
CUST-03048,55,70.37,3849.89,Month-to-month,DSL,Credit card,0,Yes,Yes,No,No,Yes,Yes
CUST-03049,13,50.49,920.21,Month-to-month,Fiber optic,Credit card,0,No,No,No,Yes,Yes,Yes
CUST-03050,51,21.14,1211.06,Two year,No,Electronic check,0,Yes,No,Yes,No,Yes,No
CUST-03051,61,113.4,7138.84,Month-to-month,Fiber optic,Electronic check,0,Yes,Yes,No,No,Yes,No
CUST-03052,13,56.56,639.47,One year,Fiber optic,Electronic check,0,Yes,No,Yes,No,No,No
CUST-03053,55,29.06,1564.83,Month-to-month,DSL,Mailed check,0,No,Yes,No,Yes,Yes,No
CUST-03054,26,92.45,2322.71,Month-to-month,DSL,Electronic check,0,Yes,Yes,Yes,No,Yes,No
CUST-03055,57,51.78,2958.17,Month-to-month,DSL,Bank transfer,0,No,No,No,No,No,No
CUST-03056,35,97.25,3434.29,One year,Fiber optic,Credit card,0,No,Yes,No,No,Yes,No
CUST-03057,58,51.67,3051.92,One year,Fiber optic,Bank transfer,0,No,Yes,Yes,No,No,No
CUST-03058,11,56.48,579.87,One year,No,Credit card,0,Yes,No,No,Yes,Yes,No
CUST-03059,29,78.62,2218.02,Month-to-month,Fiber optic,Electronic check,0,Yes,Yes,No,Yes,Yes,No
CUST-03060,20,84.83,1611.24,Month-to-month,DSL,Bank transfer,0,No,No,No,No,Yes,No
CUST-03061,18,89.21,1593.63,Month-to-month,Fiber optic,Bank transfer,0,Yes,No,No,No,Yes,Yes
CUST-03062,23,67.76,1623.3,Month-to-month,DSL,Mailed check,0,Yes,No,No,No,No,No
CUST-03063,28,83.22,2408.43,Month-to-month,Fiber optic,Bank transfer,0,Yes,No,No,No,Yes,Yes
CUST-03064,10,88.64,1017.74,One year,DSL,Electronic check,1,Yes,No,Yes,No,No,No
CUST-03065,51,75.01,3865.61,Month-to-month,Fiber optic,Bank transfer,0,Yes,No,Yes,No,No,Yes
CUST-03066,40,66.43,2740.08,Month-to-month,No,Credit card,1,Yes,No,No,No,Yes,No
CUST-03067,60,33.87,1893.41,One year,DSL,Mailed check,0,No,Yes,No,Yes,No,No
CUST-03068,51,84.98,4439.92,Month-to-month,Fiber optic,Electronic check,0,Yes,Yes,Yes,No,No,No
CUST-03069,11,71.05,899.0,Two year,Fiber optic,Electronic check,0,No,Yes,No,No,Yes,No
CUST-03070,6,59.66,539.41,Month-to-month,DSL,Mailed check,0,Yes,Yes,No,Yes,Yes,No
CUST-03071,31,101.94,3375.5,Month-to-month,DSL,Credit card,0,Yes,No,No,No,No,No
CUST-03072,35,34.3,1089.86,Two year,Fiber optic,Credit card,0,No,No,No,Yes,Yes,No
CUST-03073,18,111.1,2096.69,One year,DSL,Bank transfer,0,No,No,No,No,Yes,No
CUST-03074,57,69.44,3927.35,Two year,DSL,Mailed check,0,No,Yes,No,Yes,Yes,No
CUST-03075,42,77.94,3230.38,Month-to-month,Fiber optic,Mailed check,0,Yes,No,No,Yes,Yes,No
CUST-03076,54,60.12,3215.24,Month-to-month,Fiber optic,Credit card,0,No,No,No,No,Yes,Yes
CUST-03077,8,28.32,183.3,One year,DSL,Bank transfer,0,No,No,No,No,No,Yes
CUST-03078,59,66.51,3914.15,Month-to-month,No,Credit card,1,No,No,No,Yes,No,No
CUST-03079,15,78.37,1138.17,One year,No,Mailed check,0,No,No,Yes,Yes,Yes,No
CUST-03080,33,86.91,2920.37,Month-to-month,No,Credit card,0,Yes,Yes,Yes,No,Yes,Yes
CUST-03081,32,65.05,2156.62,Month-to-month,Fiber optic,Mailed check,0,No,No,No,No,No,Yes
CUST-03082,60,20.0,1324.13,Month-to-month,DSL,Bank transfer,1,Yes,No,No,No,No,No
CUST-03083,20,31.46,688.71,One year,DSL,Credit card,0,Yes,No,No,No,No,No
CUST-03084,18,121.3,2180.59,Month-to-month,No,Mailed check,1,No,Yes,No,No,Yes,Yes
CUST-03085,25,42.69,1142.97,Two year,No,Credit card,0,Yes,No,No,Yes,Yes,No
CUST-03086,26,105.68,2855.29,Month-to-month,Fiber optic,Bank transfer,0,Yes,No,Yes,Yes,Yes,No
CUST-03087,14,46.65,718.95,Month-to-month,Fiber optic,Mailed check,0,Yes,No,No,No,No,Yes
CUST-03088,13,65.44,910.68,Month-to-month,Fiber optic,Credit card,0,Yes,No,No,No,Yes,Yes
CUST-03089,17,85.63,1735.72,One year,Fiber optic,Mailed check,0,No,No,No,Yes,No,No
CUST-03090,34,49.5,1629.89,Two year,DSL,Bank transfer,0,No,No,Yes,No,Yes,No
CUST-03091,25,109.81,2842.73,Month-to-month,Fiber optic,Electronic check,0,No,Yes,No,No,No,Yes
CUST-03092,29,71.89,2107.2,Month-to-month,Fiber optic,Credit card,0,No,Yes,No,Yes,No,No
CUST-03093,52,81.52,4079.4,One year,Fiber optic,Credit card,0,Yes,No,No,No,Yes,No
CUST-03094,18,63.31,974.47,Month-to-month,Fiber optic,Credit card,1,No,No,No,No,Yes,Yes
CUST-03095,66,86.47,5524.78,One year,Fiber optic,Credit card,0,Yes,Yes,Yes,Yes,Yes,Yes
CUST-03096,55,109.47,6030.36,One year,DSL,Bank transfer,1,No,No,No,Yes,Yes,No
CUST-03097,13,66.72,712.47,Month-to-month,DSL,Bank transfer,0,No,No,Yes,Yes,Yes,Yes
CUST-03098,23,113.24,2601.1,One year,DSL,Credit card,0,No,No,Yes,No,Yes,Yes
CUST-03099,14,54.71,787.38,One year,DSL,Bank transfer,0,No,Yes,Yes,No,Yes,No
CUST-03100,20,89.1,1739.61,Month-to-month,DSL,Mailed check,0,Yes,Yes,No,No,No,No
CUST-03101,27,82.23,2200.59,Month-to-month,Fiber optic,Electronic check,0,No,Yes,No,No,Yes,Yes
CUST-03102,10,43.29,530.79,Month-to-month,Fiber optic,Credit card,0,Yes,No,No,Yes,Yes,No
CUST-03103,2,75.35,68.49,One year,Fiber optic,Electronic check,1,No,Yes,No,Yes,No,No
CUST-03104,32,70.18,2258.08,One year,Fiber optic,Credit card,1,Yes,Yes,Yes,No,Yes,No
CUST-03105,51,48.67,2263.87,Month-to-month,Fiber optic,Credit card,0,No,No,No,No,No,Yes
CUST-03106,22,78.95,1768.2,Month-to-month,DSL,Electronic check,0,No,No,No,No,Yes,Yes
CUST-03107,62,73.66,4703.26,Month-to-month,Fiber optic,Credit card,0,Yes,No,No,No,No,No
CUST-03108,27,68.19,1926.42,Month-to-month,DSL,Bank transfer,0,Yes,No,No,Yes,Yes,Yes
CUST-03109,65,68.29,4419.58,Month-to-month,DSL,Mailed check,0,Yes,No,No,No,Yes,No
CUST-03110,17,67.75,1116.18,Month-to-month,Fiber optic,Bank transfer,0,Yes,No,No,Yes,Yes,Yes
CUST-03111,39,60.81,2545.57,Month-to-month,No,Mailed check,0,Yes,No,No,No,Yes,Yes
CUST-03112,55,73.5,4111.67,One year,DSL,Credit card,0,No,Yes,No,No,Yes,No
CUST-03113,5,53.9,282.11,One year,Fiber optic,Mailed check,1,No,No,No,No,Yes,Yes
CUST-03114,67,130.0,8781.42,Month-to-month,DSL,Electronic check,0,No,Yes,Yes,Yes,No,No
CUST-03115,27,34.77,888.47,One year,DSL,Mailed check,0,Yes,No,No,No,No,No
CUST-03116,36,55.38,1984.67,Month-to-month,No,Bank transfer,0,No,No,No,No,Yes,Yes
CUST-03117,46,57.36,2570.63,Month-to-month,Fiber optic,Mailed check,0,No,Yes,No,No,No,Yes
CUST-03118,47,121.01,5781.86,Two year,Fiber optic,Bank transfer,0,Yes,Yes,Yes,No,No,No
CUST-03119,2,37.0,0.0,Month-to-month,No,Credit card,0,Yes,No,No,No,Yes,Yes
CUST-03120,63,80.65,5035.41,Month-to-month,Fiber optic,Mailed check,0,No,No,No,Yes,Yes,No
CUST-03121,45,76.21,3475.14,Month-to-month,DSL,Credit card,0,Yes,No,Yes,Yes,Yes,Yes
CUST-03122,72,78.34,5387.62,One year,Fiber optic,Credit card,0,Yes,No,No,No,Yes,No
CUST-03123,34,100.91,3354.82,Month-to-month,Fiber optic,Credit card,0,No,No,No,No,No,No
CUST-03124,45,100.4,4428.7,Two year,Fiber optic,Bank transfer,0,Yes,No,Yes,Yes,Yes,No
CUST-03125,32,58.73,1899.3,Month-to-month,Fiber optic,Credit card,0,No,No,No,Yes,No,Yes
CUST-03126,65,74.85,4883.8,Month-to-month,Fiber optic,Mailed check,0,Yes,Yes,Yes,Yes,No,No
CUST-03127,60,23.4,1603.03,Month-to-month,DSL,Mailed check,0,Yes,No,No,No,Yes,No
CUST-03128,66,72.48,4691.21,One year,Fiber optic,Credit card,0,No,Yes,No,Yes,Yes,No
CUST-03129,37,50.15,1704.53,Month-to-month,DSL,Credit card,0,Yes,No,No,No,Yes,No
CUST-03130,57,65.34,3845.54,Two year,DSL,Electronic check,1,Yes,No,Yes,No,No,No
CUST-03131,26,27.87,660.11,Two year,Fiber optic,Mailed check,0,No,No,No,Yes,No,No
CUST-03132,34,80.12,2737.2,Month-to-month,Fiber optic,Mailed check,0,No,No,Yes,Yes,No,No
CUST-03133,55,27.59,1466.03,Month-to-month,No,Credit card,0,No,Yes,No,No,Yes,No
CUST-03134,6,73.71,503.37,Month-to-month,Fiber optic,Mailed check,1,No,Yes,No,No,Yes,Yes
CUST-03135,52,39.34,2079.91,One year,Fiber optic,Bank transfer,0,No,No,No,No,No,No
CUST-03136,2,48.76,60.02,One year,DSL,Credit card,0,Yes,No,No,No,No,No
CUST-03137,42,98.87,4154.49,Month-to-month,Fiber optic,Credit card,1,Yes,Yes,Yes,No,No,Yes
CUST-03138,35,84.7,2915.5,Two year,DSL,Credit card,0,Yes,Yes,No,Yes,No,No
CUST-03139,34,98.73,3362.05,Month-to-month,Fiber optic,Bank transfer,0,Yes,No,No,No,Yes,No
CUST-03140,36,108.99,3878.36,Two year,Fiber optic,Bank transfer,0,Yes,No,No,Yes,Yes,No
CUST-03141,36,50.68,1970.59,Two year,DSL,Bank transfer,0,No,No,No,No,No,No
CUST-03142,30,107.47,3196.36,Month-to-month,No,Mailed check,0,No,No,Yes,Yes,Yes,Yes
CUST-03143,33,33.36,1055.05,Month-to-month,Fiber optic,Bank transfer,0,Yes,Yes,No,No,No,No
CUST-03144,41,88.65,3454.64,Month-to-month,Fiber optic,Mailed check,0,No,Yes,Yes,No,No,No
CUST-03145,55,57.67,3063.0,Two year,Fiber optic,Credit card,0,No,No,No,No,Yes,No
CUST-03146,40,46.74,1929.17,Month-to-month,Fiber optic,Bank transfer,0,Yes,No,No,No,Yes,Yes
CUST-03147,47,85.36,3995.61,Two year,Fiber optic,Mailed check,0,Yes,No,No,Yes,No,No
CUST-03148,61,93.62,5677.83,Month-to-month,DSL,Bank transfer,1,Yes,No,No,No,No,Yes
CUST-03149,72,92.88,6761.0,Month-to-month,No,Electronic check,0,Yes,No,Yes,Yes,Yes,Yes
CUST-03150,8,75.37,733.75,Two year,Fiber optic,Mailed check,1,Yes,Yes,No,No,No,No
CUST-03151,52,73.3,3726.63,Month-to-month,Fiber optic,Credit card,1,No,No,No,No,Yes,No
CUST-03152,17,83.17,1390.48,One year,Fiber optic,Electronic check,0,No,No,Yes,Yes,Yes,No
CUST-03153,15,77.59,954.77,Month-to-month,DSL,Bank transfer,0,No,No,No,Yes,Yes,No
CUST-03154,58,83.53,4940.39,Month-to-month,Fiber optic,Credit card,0,Yes,No,No,Yes,No,No
CUST-03155,5,75.1,660.23,Month-to-month,Fiber optic,Bank transfer,0,No,No,No,Yes,Yes,No
CUST-03156,62,91.07,5611.04,Month-to-month,Fiber optic,Bank transfer,0,Yes,No,No,No,Yes,Yes
CUST-03157,56,29.32,1604.11,One year,DSL,Bank transfer,0,Yes,No,No,Yes,Yes,No
CUST-03158,72,66.72,4795.52,Month-to-month,Fiber optic,Electronic check,1,Yes,No,No,Yes,Yes,Yes
CUST-03159,49,35.4,1758.63,Month-to-month,No,Electronic check,0,Yes,No,No,No,Yes,No
CUST-03160,63,76.92,4873.93,Month-to-month,No,Credit card,0,No,No,Yes,Yes,No,No
CUST-03161,9,111.05,1027.31,One year,Fiber optic,Mailed check,1,Yes,Yes,No,Yes,No,Yes
CUST-03162,65,58.15,3640.51,Two year,Fiber optic,Mailed check,0,Yes,Yes,No,No,Yes,No
CUST-03163,12,73.18,872.63,One year,Fiber optic,Electronic check,0,No,No,Yes,No,No,No
CUST-03164,23,88.91,2108.99,Two year,DSL,Bank transfer,0,Yes,No,Yes,No,Yes,No
CUST-03165,10,20.0,80.68,Month-to-month,Fiber optic,Electronic check,1,No,No,Yes,No,Yes,Yes
CUST-03166,29,56.95,1515.38,Month-to-month,Fiber optic,Electronic check,0,No,No,Yes,No,No,Yes
CUST-03167,54,79.11,4216.44,Month-to-month,DSL,Electronic check,0,Yes,Yes,No,Yes,No,No
CUST-03168,20,20.0,417.32,Month-to-month,Fiber optic,Credit card,0,Yes,No,No,No,Yes,No
CUST-03169,60,45.58,2796.99,One year,DSL,Credit card,0,Yes,No,Yes,No,No,No
CUST-03170,44,97.52,4369.01,One year,Fiber optic,Electronic check,0,No,No,No,No,Yes,No
CUST-03171,46,95.07,4287.01,Month-to-month,Fiber optic,Electronic check,0,No,No,No,No,Yes,No
CUST-03172,68,79.36,5208.23,Two year,No,Credit card,0,No,No,No,No,Yes,No
CUST-03173,32,92.05,3102.92,Month-to-month,DSL,Bank transfer,0,No,No,Yes,Yes,Yes,Yes
CUST-03174,25,75.38,2008.16,One year,DSL,Bank transfer,0,Yes,No,Yes,No,Yes,No
CUST-03175,72,83.88,5995.07,Month-to-month,Fiber optic,Bank transfer,0,No,No,Yes,No,No,No
CUST-03176,41,62.11,2622.81,One year,Fiber optic,Electronic check,1,No,Yes,No,No,No,No
CUST-03177,45,72.9,3308.49,Month-to-month,DSL,Bank transfer,0,Yes,No,No,No,Yes,No
CUST-03178,22,54.19,1174.21,Two year,Fiber optic,Electronic check,0,No,No,No,Yes,No,No
CUST-03179,16,101.59,1805.32,Two year,No,Electronic check,0,No,No,No,No,Yes,No
CUST-03180,13,108.04,1339.38,Month-to-month,Fiber optic,Credit card,1,No,No,No,Yes,No,Yes
CUST-03181,17,104.5,1636.03,Month-to-month,DSL,Mailed check,0,No,No,Yes,No,Yes,Yes
CUST-03182,15,59.8,911.79,One year,DSL,Electronic check,0,No,No,No,Yes,Yes,No
CUST-03183,54,46.16,2434.32,One year,Fiber optic,Mailed check,0,No,Yes,Yes,Yes,No,No
CUST-03184,5,101.92,527.33,Month-to-month,Fiber optic,Electronic check,0,Yes,No,No,Yes,Yes,Yes
CUST-03185,46,83.6,3816.15,One year,No,Mailed check,0,No,No,No,No,No,No
CUST-03186,69,78.21,5326.19,Two year,DSL,Bank transfer,0,No,No,No,No,Yes,No
CUST-03187,56,54.16,3011.02,One year,Fiber optic,Mailed check,0,No,Yes,No,Yes,No,No
CUST-03188,30,80.64,2266.7,Month-to-month,No,Electronic check,0,No,No,No,No,No,No
CUST-03189,5,42.87,61.02,Two year,DSL,Credit card,0,Yes,No,Yes,No,No,No
CUST-03190,61,85.85,5211.53,Month-to-month,No,Bank transfer,0,Yes,No,No,No,No,No
CUST-03191,1,104.47,143.68,Month-to-month,Fiber optic,Electronic check,0,Yes,No,No,No,No,Yes
CUST-03192,50,110.78,5370.98,Two year,Fiber optic,Bank transfer,0,Yes,Yes,No,No,Yes,No
CUST-03193,49,87.71,4343.29,Month-to-month,Fiber optic,Credit card,0,No,Yes,No,No,No,Yes
CUST-03194,14,35.45,447.84,Month-to-month,Fiber optic,Electronic check,0,Yes,Yes,Yes,Yes,Yes,Yes
CUST-03195,54,74.93,4085.47,One year,No,Credit card,0,Yes,Yes,No,No,Yes,No
CUST-03196,13,123.49,1628.92,Two year,DSL,Mailed check,0,No,No,Yes,No,Yes,Yes
CUST-03197,17,48.28,918.43,Month-to-month,Fiber optic,Bank transfer,0,No,No,No,No,Yes,Yes
CUST-03198,59,68.52,4027.95,Month-to-month,DSL,Electronic check,0,Yes,No,Yes,No,Yes,Yes
CUST-03199,71,105.34,7314.93,Month-to-month,DSL,Credit card,0,Yes,Yes,No,Yes,No,Yes
CUST-03200,20,85.43,1912.19,Month-to-month,Fiber optic,Credit card,0,No,Yes,Yes,Yes,Yes,Yes
CUST-03201,67,130.0,8719.98,Month-to-month,Fiber optic,Bank transfer,0,Yes,No,No,No,No,No
CUST-03202,66,51.68,3425.96,Month-to-month,Fiber optic,Electronic check,0,No,No,No,No,No,No
CUST-03203,56,45.26,2520.72,Two year,DSL,Electronic check,1,No,No,No,Yes,No,No
CUST-03204,11,100.6,1246.94,One year,DSL,Bank transfer,0,No,Yes,Yes,No,No,No
CUST-03205,22,40.1,759.94,Two year,DSL,Credit card,0,Yes,No,No,No,Yes,No
CUST-03206,49,65.08,3050.74,Two year,DSL,Bank transfer,0,No,Yes,No,Yes,Yes,No
CUST-03207,72,68.36,4851.96,Two year,DSL,Mailed check,0,Yes,No,No,Yes,Yes,No
CUST-03208,59,95.9,5697.32,One year,Fiber optic,Credit card,0,No,No,No,Yes,Yes,No
CUST-03209,31,85.36,2573.77,Month-to-month,DSL,Bank transfer,0,Yes,Yes,Yes,Yes,No,No
CUST-03210,17,81.43,1307.86,Two year,No,Mailed check,0,Yes,No,No,No,Yes,No
CUST-03211,70,59.94,4084.3,Month-to-month,DSL,Credit card,0,No,No,Yes,No,No,No
CUST-03212,20,100.38,2093.06,Month-to-month,Fiber optic,Electronic check,0,Yes,No,No,No,Yes,Yes
CUST-03213,25,130.0,3285.76,Month-to-month,DSL,Credit card,0,Yes,No,No,Yes,No,No
CUST-03214,70,87.28,6189.29,Month-to-month,DSL,Bank transfer,0,Yes,Yes,Yes,Yes,No,No
CUST-03215,41,72.49,2918.2,Month-to-month,Fiber optic,Bank transfer,0,No,No,Yes,No,Yes,Yes
CUST-03216,20,37.55,743.73,One year,DSL,Bank transfer,1,Yes,No,No,No,No,No
CUST-03217,1,54.06,129.26,Month-to-month,DSL,Electronic check,0,Yes,No,No,No,No,No
CUST-03218,31,64.66,1923.38,Month-to-month,Fiber optic,Credit card,0,Yes,No,No,Yes,Yes,No
CUST-03219,71,56.63,4121.45,Month-to-month,Fiber optic,Credit card,0,No,No,No,Yes,Yes,No
CUST-03220,32,69.6,2270.28,Two year,Fiber optic,Electronic check,0,No,No,Yes,No,Yes,No
CUST-03221,51,114.45,5965.99,Month-to-month,DSL,Electronic check,0,Yes,No,No,No,No,No
CUST-03222,19,101.18,2016.23,Month-to-month,DSL,Credit card,0,Yes,No,No,Yes,Yes,Yes
CUST-03223,56,66.03,3533.95,One year,Fiber optic,Mailed check,0,No,No,Yes,No,Yes,No
CUST-03224,56,39.79,2171.12,Two year,No,Electronic check,0,Yes,Yes,No,No,Yes,No
CUST-03225,44,103.43,4317.26,Month-to-month,DSL,Credit card,0,No,Yes,No,Yes,Yes,No
CUST-03226,56,68.77,3656.01,One year,DSL,Bank transfer,0,Yes,No,No,No,No,No
CUST-03227,42,26.84,1028.44,Month-to-month,Fiber optic,Mailed check,0,Yes,Yes,No,Yes,Yes,Yes
CUST-03228,28,87.81,2592.22,Two year,No,Bank transfer,0,Yes,No,Yes,No,Yes,No
CUST-03229,54,95.64,5162.52,One year,DSL,Mailed check,0,No,No,Yes,Yes,Yes,No
CUST-03230,61,20.0,1264.12,One year,Fiber optic,Electronic check,0,Yes,No,No,No,Yes,Yes
CUST-03231,61,49.39,2962.05,Month-to-month,Fiber optic,Bank transfer,0,Yes,No,No,No,Yes,Yes
CUST-03232,16,67.24,1042.82,One year,DSL,Credit card,1,Yes,No,No,Yes,Yes,Yes
CUST-03233,49,88.36,4396.27,Month-to-month,Fiber optic,Credit card,0,Yes,No,No,No,Yes,Yes
CUST-03234,1,57.11,39.39,Month-to-month,Fiber optic,Bank transfer,0,Yes,No,No,No,Yes,Yes
CUST-03235,42,49.2,2044.23,One year,DSL,Electronic check,0,Yes,No,No,No,Yes,No
CUST-03236,42,88.18,3754.96,One year,DSL,Electronic check,0,No,No,No,No,Yes,No
CUST-03237,27,58.29,1466.12,Month-to-month,DSL,Mailed check,1,Yes,No,No,No,Yes,Yes
CUST-03238,72,83.55,6033.58,Two year,DSL,Electronic check,0,Yes,No,No,No,No,No
CUST-03239,64,42.21,2724.3,Month-to-month,Fiber optic,Electronic check,0,No,No,No,Yes,No,No
CUST-03240,3,36.19,0.0,One year,Fiber optic,Credit card,1,No,No,No,No,Yes,Yes
CUST-03241,16,88.88,1311.07,Month-to-month,Fiber optic,Mailed check,0,No,No,No,No,Yes,Yes
CUST-03242,15,76.31,1078.69,Month-to-month,Fiber optic,Credit card,0,Yes,No,Yes,No,Yes,Yes
CUST-03243,65,93.06,5999.63,Two year,Fiber optic,Electronic check,0,Yes,No,No,Yes,No,No
CUST-03244,38,56.69,2202.55,Month-to-month,DSL,Electronic check,1,Yes,Yes,No,No,No,Yes
CUST-03245,53,50.12,2563.98,Two year,Fiber optic,Bank transfer,1,No,No,No,Yes,Yes,No
CUST-03246,59,104.02,6042.83,Month-to-month,DSL,Mailed check,0,No,No,No,No,No,No
CUST-03247,56,31.93,1850.76,One year,DSL,Electronic check,0,No,No,Yes,Yes,Yes,No
CUST-03248,7,101.29,803.87,Month-to-month,Fiber optic,Bank transfer,0,Yes,No,No,Yes,No,Yes
CUST-03249,11,103.01,1231.44,One year,Fiber optic,Credit card,0,No,Yes,Yes,No,No,Yes
CUST-03250,29,91.5,2540.55,Two year,DSL,Mailed check,0,No,No,No,Yes,Yes,No
CUST-03251,25,52.8,1227.54,One year,Fiber optic,Credit card,0,No,Yes,Yes,No,Yes,No
CUST-03252,54,49.59,2506.21,Month-to-month,DSL,Mailed check,0,No,No,No,No,No,No
CUST-03253,12,64.75,516.25,One year,Fiber optic,Credit card,1,No,No,Yes,Yes,Yes,No
CUST-03254,27,37.62,890.47,One year,Fiber optic,Mailed check,0,Yes,No,No,No,Yes,No
CUST-03255,18,45.96,760.85,Month-to-month,Fiber optic,Electronic check,0,No,Yes,Yes,No,Yes,Yes
CUST-03256,14,86.12,1225.29,One year,DSL,Bank transfer,0,Yes,No,No,Yes,Yes,No
CUST-03257,13,86.23,1203.77,One year,Fiber optic,Mailed check,1,No,No,Yes,Yes,Yes,No
CUST-03258,15,43.76,645.04,One year,DSL,Electronic check,0,Yes,No,No,No,Yes,No
CUST-03259,41,86.9,3705.23,Month-to-month,Fiber optic,Electronic check,1,No,No,No,Yes,Yes,Yes
CUST-03260,30,81.36,2349.4,Month-to-month,No,Mailed check,0,Yes,No,Yes,No,Yes,No
CUST-03261,32,107.75,3583.4,Two year,DSL,Electronic check,0,Yes,No,No,No,No,No
CUST-03262,35,84.23,2863.51,One year,Fiber optic,Electronic check,0,No,No,No,No,Yes,Yes
CUST-03263,54,96.46,5256.82,Month-to-month,DSL,Bank transfer,0,No,No,Yes,No,Yes,No
CUST-03264,63,81.93,5182.4,Two year,Fiber optic,Electronic check,0,No,No,No,No,No,No
CUST-03265,38,94.5,3708.57,Month-to-month,Fiber optic,Credit card,0,No,No,No,No,No,No
CUST-03266,47,37.82,1924.95,Month-to-month,Fiber optic,Credit card,0,Yes,Yes,No,No,No,Yes
CUST-03267,54,66.96,3513.93,One year,Fiber optic,Electronic check,0,Yes,Yes,No,Yes,Yes,No
CUST-03268,50,69.03,3220.25,One year,No,Electronic check,0,Yes,No,No,Yes,Yes,No
CUST-03269,10,63.91,617.73,Two year,Fiber optic,Electronic check,0,Yes,Yes,No,Yes,Yes,No
CUST-03270,71,81.1,5796.68,One year,No,Electronic check,0,Yes,Yes,No,No,No,No
CUST-03271,12,85.86,1028.95,Month-to-month,DSL,Mailed check,0,Yes,Yes,No,Yes,No,Yes
CUST-03272,30,79.81,2684.93,Month-to-month,No,Credit card,1,No,No,Yes,No,No,No
CUST-03273,47,65.58,3136.38,Month-to-month,DSL,Credit card,0,Yes,Yes,Yes,No,Yes,No
CUST-03274,30,51.61,1602.16,Two year,DSL,Credit card,0,No,Yes,Yes,No,No,No
CUST-03275,18,97.43,1623.62,Month-to-month,Fiber optic,Credit card,1,No,No,No,No,No,Yes
CUST-03276,67,78.74,5220.76,Month-to-month,DSL,Credit card,0,No,Yes,Yes,Yes,No,No
CUST-03277,6,44.53,314.67,Month-to-month,Fiber optic,Bank transfer,0,No,Yes,No,No,No,Yes
CUST-03278,18,65.16,1204.03,Month-to-month,DSL,Electronic check,1,No,No,No,No,No,No
CUST-03279,72,26.42,1908.77,Month-to-month,Fiber optic,Credit card,1,No,No,No,No,Yes,Yes
CUST-03280,53,70.88,3882.75,One year,DSL,Bank transfer,0,Yes,No,No,No,Yes,No
CUST-03281,7,65.04,387.46,Month-to-month,DSL,Credit card,0,Yes,No,No,Yes,Yes,Yes
CUST-03282,55,55.64,3102.28,Two year,No,Bank transfer,0,No,Yes,No,Yes,Yes,No
CUST-03283,70,109.62,7607.85,Two year,Fiber optic,Bank transfer,1,Yes,No,No,Yes,No,No
CUST-03284,8,41.1,613.0,Month-to-month,DSL,Credit card,0,No,Yes,No,No,Yes,Yes
CUST-03285,30,87.66,2553.75,Two year,Fiber optic,Bank transfer,0,Yes,No,No,No,No,No
CUST-03286,34,124.67,4447.05,Month-to-month,No,Electronic check,0,No,No,No,No,No,No
CUST-03287,10,96.93,945.23,Month-to-month,Fiber optic,Bank transfer,0,Yes,No,Yes,No,No,Yes
CUST-03288,15,69.21,973.8,Month-to-month,DSL,Mailed check,1,No,No,No,No,No,Yes
CUST-03289,13,41.65,538.04,Two year,No,Electronic check,0,No,No,Yes,Yes,Yes,No
CUST-03290,14,35.95,389.44,One year,Fiber optic,Mailed check,0,No,Yes,Yes,No,Yes,Yes
CUST-03291,30,59.71,1699.85,Month-to-month,DSL,Credit card,0,Yes,No,No,Yes,Yes,No
CUST-03292,34,52.82,1959.94,One year,DSL,Bank transfer,0,No,Yes,No,No,Yes,No
CUST-03293,18,52.01,982.15,One year,DSL,Electronic check,0,Yes,Yes,Yes,No,No,No
CUST-03294,21,61.84,1391.51,One year,No,Mailed check,1,Yes,No,Yes,No,Yes,No
CUST-03295,14,67.44,897.99,Month-to-month,No,Bank transfer,0,No,No,No,No,Yes,Yes
CUST-03296,58,82.13,4833.5,Two year,Fiber optic,Bank transfer,0,Yes,No,Yes,No,No,No
CUST-03297,16,39.06,639.33,One year,Fiber optic,Credit card,0,Yes,No,No,No,No,No
CUST-03298,66,52.94,3423.69,Month-to-month,Fiber optic,Bank transfer,0,No,No,No,No,No,Yes
CUST-03299,39,66.01,2892.46,Two year,Fiber optic,Electronic check,0,Yes,No,No,Yes,No,No
CUST-03300,58,65.11,3637.62,Month-to-month,Fiber optic,Credit card,0,Yes,Yes,No,No,Yes,Yes
CUST-03301,46,115.91,5340.6,One year,No,Bank transfer,0,No,No,No,Yes,No,No
CUST-03302,20,75.81,1572.37,One year,DSL,Credit card,0,No,No,No,No,No,No
CUST-03303,44,29.66,1336.29,Month-to-month,DSL,Electronic check,0,Yes,Yes,No,Yes,Yes,Yes
CUST-03304,20,80.45,1564.82,Month-to-month,Fiber optic,Bank transfer,0,Yes,No,No,No,Yes,No
CUST-03305,9,83.64,688.56,One year,Fiber optic,Electronic check,0,No,Yes,No,No,Yes,Yes
CUST-03306,19,66.87,1305.72,Two year,DSL,Electronic check,0,No,No,Yes,No,No,No
CUST-03307,20,39.67,720.26,Two year,DSL,Credit card,0,No,No,No,Yes,Yes,No
CUST-03308,10,113.95,1255.67,One year,Fiber optic,Credit card,0,Yes,No,No,Yes,No,Yes
CUST-03309,2,43.25,110.51,Month-to-month,Fiber optic,Credit card,0,No,No,No,Yes,Yes,Yes
CUST-03310,68,86.52,5866.41,Month-to-month,No,Electronic check,0,No,Yes,Yes,No,Yes,No
CUST-03311,37,75.0,2787.65,One year,Fiber optic,Credit card,0,Yes,No,Yes,No,No,Yes
CUST-03312,29,85.02,2518.99,Month-to-month,Fiber optic,Electronic check,1,No,Yes,No,No,Yes,Yes
CUST-03313,67,112.67,7681.81,One year,Fiber optic,Mailed check,0,Yes,Yes,No,Yes,No,No
CUST-03314,17,84.04,1469.62,Month-to-month,Fiber optic,Mailed check,0,Yes,No,No,Yes,No,No
CUST-03315,30,56.03,1702.14,Month-to-month,DSL,Credit card,1,No,No,Yes,Yes,Yes,Yes
CUST-03316,61,97.65,6048.55,One year,Fiber optic,Bank transfer,0,Yes,No,Yes,No,Yes,No
CUST-03317,46,54.22,2352.49,One year,Fiber optic,Mailed check,0,No,Yes,No,No,No,No
CUST-03318,29,74.09,2094.96,One year,No,Electronic check,0,No,No,Yes,No,Yes,No
CUST-03319,19,37.67,701.15,Month-to-month,No,Mailed check,0,No,No,Yes,Yes,Yes,No
CUST-03320,3,44.17,45.62,Two year,DSL,Mailed check,1,Yes,No,Yes,Yes,Yes,Yes
CUST-03321,7,71.28,572.34,Month-to-month,Fiber optic,Bank transfer,0,No,Yes,No,No,Yes,Yes
CUST-03322,12,79.2,953.82,One year,Fiber optic,Electronic check,0,No,Yes,No,No,Yes,Yes
CUST-03323,57,27.44,1451.67,One year,DSL,Mailed check,0,Yes,No,No,No,Yes,No
CUST-03324,47,82.43,3750.71,Month-to-month,Fiber optic,Bank transfer,1,No,Yes,Yes,No,No,Yes
CUST-03325,32,49.51,1584.16,One year,No,Bank transfer,0,Yes,No,Yes,Yes,No,Yes
CUST-03326,57,101.99,5879.9,One year,Fiber optic,Bank transfer,0,No,No,Yes,No,No,No
CUST-03327,12,61.2,743.85,Month-to-month,Fiber optic,Mailed check,0,No,No,No,No,Yes,Yes
CUST-03328,16,41.91,931.03,One year,Fiber optic,Bank transfer,0,No,No,No,Yes,No,No
CUST-03329,29,71.9,2066.15,Month-to-month,Fiber optic,Electronic check,0,No,Yes,No,No,No,Yes
CUST-03330,67,47.09,3097.29,Two year,Fiber optic,Mailed check,0,No,Yes,Yes,Yes,No,No
CUST-03331,45,101.72,4708.86,Month-to-month,Fiber optic,Credit card,0,Yes,Yes,No,Yes,Yes,Yes
CUST-03332,62,70.01,4373.82,Month-to-month,No,Credit card,0,No,Yes,No,No,Yes,No
CUST-03333,18,66.21,1325.98,One year,Fiber optic,Bank transfer,0,No,Yes,No,No,Yes,No
CUST-03334,62,84.8,5400.5,Month-to-month,DSL,Mailed check,0,No,Yes,Yes,No,Yes,No
CUST-03335,6,44.88,234.46,Two year,Fiber optic,Credit card,0,No,Yes,Yes,No,Yes,No
CUST-03336,17,37.77,583.37,Month-to-month,Fiber optic,Mailed check,0,No,Yes,No,Yes,Yes,No
CUST-03337,38,80.21,3121.24,Month-to-month,Fiber optic,Credit card,0,No,No,No,No,Yes,Yes
CUST-03338,4,42.51,89.23,Month-to-month,Fiber optic,Bank transfer,0,No,No,No,No,No,No
CUST-03339,62,42.5,2588.16,Month-to-month,DSL,Electronic check,1,Yes,No,No,Yes,Yes,No
CUST-03340,63,90.92,5534.7,Month-to-month,Fiber optic,Bank transfer,0,No,No,Yes,No,Yes,No
CUST-03341,39,83.13,3227.28,Month-to-month,No,Credit card,1,No,No,No,No,No,No
CUST-03342,23,38.65,1037.01,Month-to-month,Fiber optic,Credit card,0,No,No,No,Yes,No,Yes
CUST-03343,8,54.52,439.65,Month-to-month,Fiber optic,Bank transfer,0,No,No,Yes,No,No,Yes
CUST-03344,45,47.41,1968.4,Month-to-month,Fiber optic,Electronic check,0,No,No,No,Yes,Yes,Yes
CUST-03345,39,114.41,4668.89,Month-to-month,Fiber optic,Electronic check,0,Yes,No,No,No,No,No
CUST-03346,55,92.65,5031.18,Month-to-month,Fiber optic,Credit card,0,No,Yes,No,Yes,Yes,No
CUST-03347,44,59.48,2622.02,Month-to-month,Fiber optic,Mailed check,0,Yes,No,No,No,No,No
CUST-03348,10,84.4,877.7,Month-to-month,Fiber optic,Mailed check,1,No,No,Yes,Yes,No,Yes
CUST-03349,9,36.1,411.73,Month-to-month,Fiber optic,Bank transfer,0,Yes,Yes,Yes,No,No,Yes
CUST-03350,57,53.18,3078.96,Month-to-month,Fiber optic,Credit card,0,No,No,No,Yes,No,No
CUST-03351,12,72.62,857.62,Month-to-month,Fiber optic,Mailed check,0,Yes,Yes,Yes,No,Yes,Yes
CUST-03352,68,81.31,5527.67,Two year,DSL,Bank transfer,0,No,No,No,Yes,No,No
CUST-03353,8,67.56,470.8,Month-to-month,Fiber optic,Bank transfer,0,No,No,No,Yes,No,Yes
CUST-03354,53,76.2,3934.76,Month-to-month,Fiber optic,Mailed check,0,No,No,No,Yes,Yes,No
CUST-03355,71,71.96,5078.63,One year,DSL,Bank transfer,0,Yes,Yes,Yes,No,Yes,No
CUST-03356,32,65.91,2264.21,Month-to-month,DSL,Electronic check,0,No,No,No,No,Yes,No
CUST-03357,5,62.6,206.77,Month-to-month,Fiber optic,Mailed check,0,No,Yes,No,No,No,Yes
CUST-03358,64,59.34,3665.81,One year,Fiber optic,Mailed check,1,Yes,No,No,No,Yes,No
CUST-03359,14,75.8,1079.14,One year,Fiber optic,Bank transfer,1,Yes,No,No,No,No,Yes
CUST-03360,38,80.27,3152.65,Two year,Fiber optic,Mailed check,0,No,Yes,No,Yes,No,No
CUST-03361,71,74.96,5254.77,Two year,Fiber optic,Mailed check,1,No,No,No,No,No,No
CUST-03362,54,40.54,2091.52,One year,DSL,Credit card,1,No,No,No,No,Yes,No
CUST-03363,4,45.03,216.8,One year,Fiber optic,Credit card,0,No,No,No,Yes,Yes,Yes
CUST-03364,60,79.97,4815.18,Month-to-month,Fiber optic,Credit card,0,No,No,No,No,Yes,Yes
CUST-03365,12,106.79,1433.36,Two year,DSL,Bank transfer,1,Yes,No,Yes,No,Yes,No
CUST-03366,54,73.81,4106.28,One year,No,Mailed check,0,No,No,No,No,Yes,No
CUST-03367,45,59.71,2560.45,Month-to-month,No,Mailed check,0,Yes,No,No,No,Yes,No
CUST-03368,21,75.61,1484.5,Month-to-month,DSL,Credit card,0,No,Yes,No,No,Yes,No
CUST-03369,31,41.58,1009.9,One year,DSL,Bank transfer,0,No,No,No,Yes,Yes,No
CUST-03370,9,102.72,943.92,Month-to-month,No,Credit card,0,Yes,No,Yes,No,Yes,Yes
CUST-03371,72,74.66,5299.24,Two year,DSL,Credit card,0,Yes,Yes,No,No,No,No
CUST-03372,18,53.26,1157.08,Month-to-month,No,Credit card,0,Yes,No,No,No,No,No
CUST-03373,23,65.83,1463.97,Two year,DSL,Bank transfer,0,Yes,No,No,Yes,No,No
CUST-03374,37,56.82,2069.32,Month-to-month,Fiber optic,Mailed check,0,Yes,No,No,No,Yes,Yes
CUST-03375,49,102.79,4966.55,One year,DSL,Credit card,1,Yes,Yes,No,No,Yes,Yes
CUST-03376,37,64.94,2411.86,Month-to-month,Fiber optic,Electronic check,0,Yes,Yes,No,No,No,No
CUST-03377,37,73.88,2868.7,Month-to-month,DSL,Mailed check,0,Yes,No,Yes,No,No,No
CUST-03378,42,84.34,3331.66,Month-to-month,Fiber optic,Credit card,0,No,Yes,No,Yes,Yes,No
CUST-03379,62,51.48,3303.62,Month-to-month,No,Bank transfer,1,No,No,No,No,Yes,Yes
CUST-03380,29,74.84,1974.19,Month-to-month,DSL,Bank transfer,0,Yes,No,No,Yes,No,Yes
CUST-03381,60,76.86,4582.12,Two year,Fiber optic,Bank transfer,0,No,No,No,No,Yes,No
CUST-03382,57,31.15,1666.99,Month-to-month,DSL,Mailed check,0,No,Yes,No,No,Yes,No
CUST-03383,70,76.32,5238.96,One year,Fiber optic,Credit card,0,No,No,No,No,Yes,No
CUST-03384,66,68.86,4405.7,One year,DSL,Mailed check,0,No,Yes,No,No,Yes,No
CUST-03385,58,73.25,4287.56,Month-to-month,Fiber optic,Mailed check,0,No,No,Yes,No,Yes,Yes
CUST-03386,18,70.89,1231.1,Two year,Fiber optic,Electronic check,0,No,No,Yes,No,Yes,No
CUST-03387,56,76.48,4336.14,One year,No,Electronic check,0,No,Yes,Yes,No,Yes,No
CUST-03388,54,103.43,5651.19,One year,No,Electronic check,0,No,No,No,No,Yes,No
CUST-03389,21,40.51,822.95,Two year,DSL,Mailed check,0,Yes,No,No,No,Yes,No
CUST-03390,49,61.45,3076.26,One year,DSL,Mailed check,0,No,No,Yes,No,Yes,No
CUST-03391,19,86.67,1653.83,Two year,DSL,Bank transfer,0,Yes,No,No,Yes,Yes,No
CUST-03392,38,82.02,3068.79,Month-to-month,Fiber optic,Bank transfer,0,No,No,No,No,Yes,Yes
CUST-03393,58,81.49,4817.6,Month-to-month,DSL,Electronic check,0,No,No,No,Yes,Yes,No
CUST-03394,14,130.0,1967.44,One year,Fiber optic,Bank transfer,0,No,No,Yes,No,Yes,Yes
CUST-03395,25,85.35,2259.49,Month-to-month,No,Electronic check,1,Yes,No,Yes,Yes,No,Yes
CUST-03396,58,98.27,5529.6,One year,DSL,Bank transfer,0,No,No,No,No,Yes,No
CUST-03397,33,62.32,2062.94,Month-to-month,DSL,Electronic check,0,No,No,No,Yes,Yes,Yes
CUST-03398,70,45.18,3292.73,Month-to-month,Fiber optic,Electronic check,0,Yes,Yes,Yes,No,No,No
CUST-03399,1,62.14,0.0,Two year,Fiber optic,Credit card,1,No,Yes,No,No,Yes,No
CUST-03400,52,87.8,4556.01,Month-to-month,Fiber optic,Electronic check,0,Yes,No,No,Yes,Yes,Yes
CUST-03401,59,80.17,4654.97,Month-to-month,DSL,Credit card,0,No,No,No,No,Yes,No
CUST-03402,67,80.08,5392.3,One year,No,Mailed check,1,Yes,No,Yes,Yes,Yes,No
CUST-03403,12,64.64,1067.8,One year,Fiber optic,Credit card,0,No,Yes,Yes,Yes,Yes,No
CUST-03404,71,60.65,4305.6,Two year,DSL,Electronic check,1,No,Yes,No,Yes,Yes,No
CUST-03405,29,65.5,1882.81,Month-to-month,DSL,Mailed check,0,No,No,Yes,No,Yes,No
CUST-03406,26,88.11,2513.38,Two year,Fiber optic,Credit card,0,Yes,Yes,No,No,No,No
CUST-03407,26,91.02,2386.26,One year,DSL,Electronic check,0,No,Yes,No,No,Yes,Yes
CUST-03408,46,44.84,2000.02,Two year,No,Mailed check,0,Yes,No,No,Yes,Yes,No
CUST-03409,48,89.06,4109.69,Month-to-month,Fiber optic,Electronic check,1,No,Yes,Yes,Yes,No,No
CUST-03410,35,53.73,1989.13,Month-to-month,No,Mailed check,0,Yes,No,Yes,No,No,No
CUST-03411,6,81.72,371.46,Month-to-month,Fiber optic,Credit card,0,No,No,No,Yes,No,Yes
CUST-03412,72,65.2,4674.55,One year,No,Bank transfer,0,No,Yes,No,No,No,No
CUST-03413,16,109.14,1789.24,Month-to-month,Fiber optic,Mailed check,0,No,No,No,No,Yes,Yes
CUST-03414,7,59.55,480.24,Month-to-month,Fiber optic,Bank transfer,0,Yes,No,Yes,No,Yes,Yes
CUST-03415,44,74.47,3112.03,One year,DSL,Mailed check,0,Yes,No,No,No,Yes,No
CUST-03416,30,85.16,2446.82,Month-to-month,Fiber optic,Electronic check,0,Yes,No,No,Yes,Yes,Yes
CUST-03417,45,48.15,2188.66,Month-to-month,Fiber optic,Bank transfer,1,No,Yes,No,No,Yes,No
CUST-03418,64,68.18,4204.72,Month-to-month,Fiber optic,Bank transfer,0,No,No,No,No,No,Yes
CUST-03419,8,63.34,574.68,Two year,Fiber optic,Electronic check,0,No,No,Yes,No,Yes,Yes
CUST-03420,21,57.15,1066.8,One year,DSL,Electronic check,0,No,Yes,No,No,Yes,No
CUST-03421,38,59.01,2212.61,One year,Fiber optic,Bank transfer,0,Yes,No,No,No,No,No
CUST-03422,57,97.8,5523.46,Two year,DSL,Mailed check,0,No,No,Yes,Yes,Yes,Yes
CUST-03423,44,55.04,2500.38,One year,Fiber optic,Credit card,0,Yes,Yes,Yes,No,Yes,No
CUST-03424,28,84.16,2303.73,Month-to-month,Fiber optic,Mailed check,1,Yes,No,Yes,Yes,No,Yes
CUST-03425,44,77.86,3496.6,One year,No,Mailed check,0,Yes,Yes,No,No,Yes,No
CUST-03426,71,35.08,2604.93,Two year,Fiber optic,Bank transfer,0,No,Yes,No,Yes,No,No
CUST-03427,35,82.98,2899.72,Month-to-month,No,Credit card,0,No,No,No,No,Yes,Yes
CUST-03428,64,34.66,2242.28,One year,No,Bank transfer,1,Yes,No,Yes,No,Yes,No
CUST-03429,57,85.7,4814.86,Month-to-month,DSL,Bank transfer,1,Yes,No,Yes,No,No,No
CUST-03430,22,57.32,1149.8,Two year,Fiber optic,Credit card,0,No,No,No,No,No,No
CUST-03431,18,70.21,1134.58,One year,DSL,Credit card,0,No,No,Yes,No,Yes,Yes
CUST-03432,56,37.64,2117.64,Two year,No,Bank transfer,0,Yes,No,No,No,No,No
CUST-03433,15,73.06,1038.05,One year,Fiber optic,Mailed check,0,Yes,No,Yes,No,Yes,No
CUST-03434,25,93.17,2371.17,Month-to-month,DSL,Electronic check,0,No,Yes,No,Yes,No,No
CUST-03435,17,49.83,817.16,Month-to-month,DSL,Bank transfer,1,No,No,No,Yes,No,Yes
CUST-03436,44,54.82,2361.44,Two year,Fiber optic,Bank transfer,0,No,No,No,No,Yes,No
CUST-03437,22,81.37,1770.14,Month-to-month,DSL,Mailed check,0,No,No,No,No,Yes,Yes
CUST-03438,48,81.99,3722.25,Month-to-month,Fiber optic,Mailed check,1,No,No,No,No,Yes,Yes
CUST-03439,68,20.0,1451.32,One year,No,Mailed check,0,Yes,No,No,Yes,No,No
CUST-03440,60,120.39,7186.69,Month-to-month,DSL,Bank transfer,0,No,Yes,No,No,No,Yes
CUST-03441,69,83.21,5701.99,Month-to-month,Fiber optic,Credit card,0,No,Yes,No,Yes,Yes,No
CUST-03442,2,87.42,333.61,Month-to-month,Fiber optic,Mailed check,1,No,Yes,Yes,Yes,Yes,Yes
CUST-03443,33,66.41,2159.22,Month-to-month,DSL,Bank transfer,0,Yes,No,Yes,Yes,Yes,Yes
CUST-03444,16,23.62,436.15,One year,DSL,Mailed check,0,No,Yes,Yes,No,Yes,No
CUST-03445,67,86.87,5622.85,Month-to-month,DSL,Mailed check,0,Yes,Yes,No,Yes,No,Yes
CUST-03446,52,55.87,2841.25,Month-to-month,No,Bank transfer,1,No,No,No,No,Yes,No
CUST-03447,24,83.6,2121.09,Two year,Fiber optic,Bank transfer,0,No,No,Yes,Yes,No,No
CUST-03448,41,64.53,2732.43,Month-to-month,Fiber optic,Bank transfer,0,No,No,Yes,No,No,No
CUST-03449,44,75.95,3408.76,One year,Fiber optic,Mailed check,1,Yes,Yes,No,Yes,Yes,No
CUST-03450,36,50.63,1741.14,Month-to-month,DSL,Credit card,0,Yes,No,No,No,No,No
CUST-03451,35,91.61,3229.02,Month-to-month,DSL,Credit card,0,Yes,Yes,No,Yes,Yes,No
CUST-03452,4,40.29,121.87,One year,DSL,Bank transfer,0,Yes,Yes,No,Yes,No,No
CUST-03453,33,126.14,4196.89,One year,Fiber optic,Credit card,0,Yes,No,No,Yes,Yes,No
CUST-03454,26,125.95,3362.86,Two year,Fiber optic,Mailed check,0,Yes,No,Yes,Yes,No,Yes
CUST-03455,59,110.82,6557.6,Month-to-month,Fiber optic,Bank transfer,0,No,No,No,No,Yes,Yes
CUST-03456,63,101.89,6523.68,Month-to-month,DSL,Electronic check,0,No,No,No,No,Yes,No
CUST-03457,55,67.89,3844.64,Month-to-month,Fiber optic,Credit card,0,Yes,Yes,No,No,Yes,No
CUST-03458,3,99.16,178.86,Month-to-month,Fiber optic,Electronic check,0,No,No,No,Yes,No,Yes
CUST-03459,61,67.6,3929.49,Month-to-month,Fiber optic,Bank transfer,0,Yes,Yes,No,Yes,Yes,No
CUST-03460,29,31.16,1006.54,Two year,DSL,Electronic check,0,No,Yes,No,No,No,No
CUST-03461,30,107.58,3235.4,One year,Fiber optic,Bank transfer,1,No,Yes,Yes,Yes,No,No
CUST-03462,69,98.22,6918.26,Month-to-month,DSL,Mailed check,0,No,No,No,No,Yes,No
CUST-03463,63,69.22,4395.24,Month-to-month,DSL,Credit card,0,Yes,No,No,Yes,Yes,No
CUST-03464,4,39.37,316.78,Month-to-month,Fiber optic,Electronic check,0,Yes,No,No,No,Yes,No
CUST-03465,26,55.34,1515.53,Month-to-month,Fiber optic,Credit card,1,Yes,No,No,Yes,Yes,No
CUST-03466,54,24.47,1360.7,One year,Fiber optic,Bank transfer,0,No,Yes,No,No,No,No
CUST-03467,39,93.63,3611.5,Two year,DSL,Credit card,0,Yes,No,Yes,Yes,No,No
CUST-03468,19,29.92,516.0,Month-to-month,DSL,Mailed check,0,No,Yes,No,No,Yes,No
CUST-03469,38,77.17,2754.39,Month-to-month,Fiber optic,Bank transfer,0,Yes,Yes,No,No,Yes,Yes
CUST-03470,63,48.91,3143.99,Month-to-month,Fiber optic,Electronic check,0,No,No,Yes,Yes,No,No
CUST-03471,17,34.33,500.7,Month-to-month,Fiber optic,Bank transfer,1,Yes,Yes,Yes,Yes,Yes,No
CUST-03472,54,75.96,4074.32,Two year,Fiber optic,Mailed check,0,Yes,No,No,Yes,Yes,No
CUST-03473,53,61.66,3263.53,One year,DSL,Bank transfer,0,Yes,No,No,No,Yes,No
CUST-03474,64,90.95,5765.62,Two year,Fiber optic,Credit card,0,Yes,No,No,No,No,No
CUST-03475,22,38.31,860.7,Two year,No,Mailed check,0,Yes,No,No,No,Yes,No
CUST-03476,16,51.07,572.07,Month-to-month,DSL,Mailed check,0,Yes,No,Yes,No,Yes,Yes
CUST-03477,40,20.0,802.22,One year,Fiber optic,Bank transfer,0,No,No,Yes,No,Yes,Yes
CUST-03478,39,20.0,845.92,One year,DSL,Credit card,0,Yes,No,No,No,No,No
CUST-03479,30,114.95,3270.46,Month-to-month,DSL,Mailed check,0,Yes,Yes,No,Yes,No,Yes
CUST-03480,57,122.09,6888.19,Month-to-month,Fiber optic,Credit card,0,Yes,No,No,Yes,No,Yes
CUST-03481,58,72.32,4334.26,One year,Fiber optic,Mailed check,0,No,No,No,No,No,No
CUST-03482,18,49.4,879.24,Two year,DSL,Credit card,0,Yes,No,Yes,No,Yes,No
CUST-03483,58,62.54,3554.61,Month-to-month,Fiber optic,Bank transfer,1,No,Yes,No,No,Yes,No
CUST-03484,17,91.84,1637.68,Two year,DSL,Bank transfer,0,Yes,No,No,No,No,No
CUST-03485,30,57.14,1598.89,Two year,Fiber optic,Bank transfer,0,Yes,No,No,Yes,Yes,No
CUST-03486,2,75.94,45.57,Two year,Fiber optic,Credit card,0,Yes,Yes,No,Yes,Yes,No
CUST-03487,25,69.68,1645.07,Month-to-month,DSL,Credit card,1,Yes,No,No,Yes,Yes,Yes
CUST-03488,70,55.78,4044.92,Month-to-month,Fiber optic,Mailed check,0,Yes,No,No,Yes,Yes,No
CUST-03489,32,56.85,1713.27,One year,Fiber optic,Bank transfer,0,Yes,No,Yes,No,No,No
CUST-03490,52,77.33,4013.28,Month-to-month,No,Bank transfer,0,No,Yes,No,No,No,No
CUST-03491,8,45.58,481.5,Month-to-month,DSL,Bank transfer,0,No,No,No,No,Yes,Yes
CUST-03492,46,81.29,3635.59,One year,Fiber optic,Electronic check,1,No,Yes,No,No,Yes,No
CUST-03493,27,58.21,1390.99,Month-to-month,DSL,Mailed check,0,No,Yes,No,No,No,No
CUST-03494,54,73.18,4168.3,Month-to-month,DSL,Electronic check,0,Yes,No,Yes,No,Yes,Yes
CUST-03495,67,104.6,7021.34,Two year,DSL,Electronic check,0,No,No,No,No,No,No
CUST-03496,39,65.8,2499.55,Month-to-month,Fiber optic,Credit card,0,Yes,No,Yes,No,No,No
CUST-03497,8,93.0,727.3,Two year,DSL,Bank transfer,0,No,No,Yes,Yes,Yes,No
CUST-03498,35,25.2,958.32,Month-to-month,No,Bank transfer,0,No,Yes,No,Yes,Yes,No
CUST-03499,9,58.24,364.13,Month-to-month,Fiber optic,Mailed check,1,No,No,No,No,Yes,Yes
CUST-03500,33,70.69,2284.11,Month-to-month,Fiber optic,Electronic check,0,No,No,No,Yes,Yes,No
CUST-03501,5,118.08,672.32,Month-to-month,DSL,Mailed check,0,Yes,No,No,Yes,Yes,Yes
CUST-03502,47,21.0,1137.69,Month-to-month,DSL,Electronic check,0,No,Yes,No,Yes,Yes,No
CUST-03503,23,67.59,1704.3,Two year,Fiber optic,Bank transfer,0,Yes,No,No,Yes,Yes,No
CUST-03504,15,106.42,1607.29,Two year,Fiber optic,Mailed check,0,Yes,No,Yes,No,Yes,No
CUST-03505,2,50.37,255.17,Month-to-month,Fiber optic,Credit card,0,Yes,Yes,No,No,No,Yes
CUST-03506,64,64.68,3964.78,Month-to-month,Fiber optic,Credit card,0,No,Yes,Yes,Yes,No,No
CUST-03507,61,78.29,4790.71,One year,Fiber optic,Bank transfer,0,Yes,No,No,No,No,No
CUST-03508,59,74.61,4132.73,Month-to-month,Fiber optic,Credit card,0,No,No,No,No,Yes,No
CUST-03509,5,109.14,691.55,Month-to-month,DSL,Mailed check,0,No,Yes,No,Yes,No,Yes
CUST-03510,26,81.21,2156.43,Month-to-month,Fiber optic,Electronic check,0,No,Yes,Yes,Yes,Yes,Yes
CUST-03511,70,103.19,7404.52,Month-to-month,Fiber optic,Bank transfer,0,Yes,No,No,No,No,Yes
CUST-03512,42,61.0,2500.02,Month-to-month,Fiber optic,Electronic check,0,Yes,No,No,Yes,Yes,Yes
CUST-03513,10,51.49,376.99,Month-to-month,Fiber optic,Credit card,0,No,No,No,No,Yes,Yes
CUST-03514,11,64.36,788.86,One year,Fiber optic,Electronic check,1,Yes,No,No,Yes,Yes,Yes
CUST-03515,19,41.02,762.69,Month-to-month,Fiber optic,Credit card,0,Yes,Yes,No,No,No,Yes
CUST-03516,71,82.09,5939.47,Month-to-month,DSL,Bank transfer,1,No,Yes,No,No,Yes,No
CUST-03517,13,60.35,863.98,Month-to-month,DSL,Electronic check,0,No,No,No,Yes,No,Yes
CUST-03518,66,53.21,3480.42,Month-to-month,DSL,Bank transfer,1,No,Yes,Yes,No,Yes,Yes
CUST-03519,49,82.47,4037.63,Two year,DSL,Bank transfer,0,No,No,No,No,No,No
CUST-03520,67,41.41,2750.37,One year,Fiber optic,Bank transfer,0,Yes,No,No,No,Yes,No
CUST-03521,60,89.26,5358.46,Two year,Fiber optic,Mailed check,0,No,No,No,No,No,No
CUST-03522,24,58.04,1341.57,Month-to-month,DSL,Bank transfer,1,No,No,No,No,No,Yes
CUST-03523,60,98.98,5999.81,Month-to-month,No,Mailed check,1,No,Yes,No,No,Yes,Yes
CUST-03524,13,60.18,608.13,Month-to-month,No,Electronic check,0,Yes,No,No,No,No,Yes
CUST-03525,21,85.8,1607.54,Month-to-month,Fiber optic,Bank transfer,0,Yes,Yes,No,No,Yes,Yes
CUST-03526,16,74.49,1146.57,One year,Fiber optic,Mailed check,1,No,Yes,Yes,No,No,No
CUST-03527,10,88.6,822.61,Month-to-month,DSL,Mailed check,0,Yes,Yes,No,No,Yes,No
CUST-03528,7,72.75,456.27,Month-to-month,Fiber optic,Mailed check,0,Yes,No,No,Yes,Yes,No
CUST-03529,14,28.42,521.7,Month-to-month,Fiber optic,Bank transfer,0,Yes,No,No,No,No,Yes
CUST-03530,9,95.22,869.71,Month-to-month,DSL,Bank transfer,0,No,No,No,No,No,Yes
CUST-03531,28,67.81,1975.98,Month-to-month,Fiber optic,Credit card,0,Yes,No,Yes,Yes,Yes,No
CUST-03532,6,89.74,590.16,One year,Fiber optic,Bank transfer,0,No,No,No,No,No,No
CUST-03533,5,87.26,587.02,Two year,DSL,Mailed check,0,No,No,Yes,Yes,No,No
CUST-03534,72,50.67,3583.74,Month-to-month,Fiber optic,Credit card,1,No,No,Yes,No,Yes,No
CUST-03535,7,47.13,387.15,Month-to-month,Fiber optic,Mailed check,0,Yes,No,No,Yes,No,Yes
CUST-03536,6,86.38,496.41,Month-to-month,DSL,Electronic check,0,Yes,No,Yes,No,Yes,Yes
CUST-03537,3,62.42,75.98,Month-to-month,DSL,Credit card,0,Yes,No,Yes,No,Yes,Yes
CUST-03538,10,93.41,812.02,One year,DSL,Credit card,0,Yes,Yes,No,No,No,No
CUST-03539,39,65.54,2533.89,Month-to-month,Fiber optic,Mailed check,0,Yes,No,No,Yes,Yes,Yes
CUST-03540,60,95.59,5840.4,Two year,Fiber optic,Electronic check,0,Yes,Yes,Yes,Yes,Yes,No
CUST-03541,53,80.58,4212.27,Two year,DSL,Mailed check,0,Yes,No,No,Yes,No,No
CUST-03542,42,77.2,3191.51,Month-to-month,Fiber optic,Mailed check,0,No,No,No,No,Yes,No
CUST-03543,7,60.65,354.85,Two year,Fiber optic,Electronic check,0,Yes,No,No,Yes,No,No
CUST-03544,56,75.81,4125.07,One year,Fiber optic,Electronic check,0,No,No,No,No,No,No
CUST-03545,3,99.82,250.66,Two year,Fiber optic,Electronic check,0,Yes,No,Yes,No,Yes,Yes
CUST-03546,46,68.64,3270.53,Month-to-month,Fiber optic,Mailed check,0,Yes,Yes,No,No,No,Yes
CUST-03547,30,83.28,2524.48,Two year,DSL,Electronic check,0,No,No,No,No,No,No
CUST-03548,64,71.16,4496.85,Month-to-month,Fiber optic,Electronic check,1,No,No,No,No,Yes,No
CUST-03549,23,73.12,1643.49,Month-to-month,DSL,Credit card,0,Yes,No,Yes,No,Yes,Yes
CUST-03550,46,113.09,5235.13,Two year,Fiber optic,Electronic check,1,No,No,No,No,No,Yes
CUST-03551,32,100.04,3140.76,Month-to-month,No,Credit card,0,No,Yes,Yes,Yes,Yes,Yes
CUST-03552,38,71.99,2824.08,Month-to-month,Fiber optic,Bank transfer,0,Yes,No,No,No,Yes,No
CUST-03553,68,75.36,5248.37,Month-to-month,DSL,Mailed check,0,No,No,No,Yes,Yes,No
CUST-03554,52,52.45,2611.88,Month-to-month,DSL,Credit card,1,Yes,Yes,Yes,Yes,Yes,No
CUST-03555,30,65.68,1939.78,Month-to-month,No,Electronic check,1,Yes,No,No,Yes,No,Yes
CUST-03556,33,77.73,2605.16,Month-to-month,DSL,Bank transfer,0,Yes,No,No,Yes,Yes,No
CUST-03557,51,91.27,4784.63,Month-to-month,No,Mailed check,1,Yes,No,No,No,Yes,Yes
CUST-03558,25,88.73,1957.33,Two year,DSL,Credit card,0,No,Yes,No,No,No,No
CUST-03559,13,42.27,485.57,Month-to-month,Fiber optic,Credit card,0,Yes,No,No,No,Yes,Yes
CUST-03560,34,94.42,2955.61,Two year,DSL,Bank transfer,0,Yes,No,No,No,Yes,No
CUST-03561,5,67.78,414.59,One year,DSL,Electronic check,0,Yes,No,Yes,No,Yes,Yes
CUST-03562,13,45.33,589.31,One year,DSL,Credit card,0,No,No,Yes,No,No,No
CUST-03563,31,103.41,3308.29,One year,DSL,Credit card,0,No,No,No,No,No,Yes
CUST-03564,58,106.58,6157.88,Two year,DSL,Electronic check,0,No,No,No,No,No,No
CUST-03565,57,76.59,4342.92,Month-to-month,DSL,Electronic check,0,No,No,No,No,No,No
CUST-03566,19,87.72,1702.4,One year,Fiber optic,Credit card,0,No,No,No,No,Yes,Yes
CUST-03567,31,89.19,2772.76,Two year,Fiber optic,Credit card,0,Yes,No,Yes,No,Yes,No
CUST-03568,12,104.89,1206.0,One year,DSL,Mailed check,0,Yes,Yes,No,Yes,No,No
CUST-03569,55,88.2,4938.44,Month-to-month,Fiber optic,Credit card,0,No,No,No,No,No,No
CUST-03570,18,36.81,773.28,One year,Fiber optic,Mailed check,0,Yes,No,No,No,No,No
CUST-03571,58,120.25,7006.34,One year,No,Credit card,0,Yes,No,No,No,No,No
CUST-03572,61,96.64,6033.32,Month-to-month,Fiber optic,Bank transfer,0,No,Yes,No,No,Yes,Yes
CUST-03573,50,57.26,3010.48,One year,Fiber optic,Bank transfer,0,Yes,No,No,Yes,Yes,Yes
CUST-03574,24,44.26,1002.46,Two year,No,Electronic check,0,No,No,No,Yes,Yes,No
CUST-03575,69,82.62,5702.17,Month-to-month,No,Credit card,0,No,No,Yes,No,No,No
CUST-03576,50,63.04,3189.27,Month-to-month,No,Electronic check,0,No,No,No,Yes,Yes,Yes
CUST-03577,47,78.25,3517.48,Month-to-month,Fiber optic,Electronic check,0,No,Yes,No,Yes,No,Yes
CUST-03578,62,88.59,5502.2,One year,Fiber optic,Mailed check,0,No,No,Yes,No,Yes,Yes
CUST-03579,64,55.84,3560.01,Month-to-month,No,Credit card,0,Yes,No,No,No,No,No
CUST-03580,6,42.1,177.72,One year,Fiber optic,Credit card,0,No,No,No,No,Yes,Yes
CUST-03581,64,79.65,5121.31,Month-to-month,DSL,Bank transfer,0,Yes,No,No,No,Yes,No
CUST-03582,56,56.67,3078.21,Two year,No,Credit card,0,No,No,No,Yes,No,No
CUST-03583,15,73.65,948.68,One year,Fiber optic,Bank transfer,0,Yes,No,No,Yes,Yes,Yes
CUST-03584,23,36.42,597.89,Two year,DSL,Electronic check,0,Yes,Yes,No,Yes,Yes,No
CUST-03585,55,63.7,3330.26,Month-to-month,DSL,Credit card,0,No,Yes,No,Yes,No,No
CUST-03586,16,87.87,1283.66,Month-to-month,No,Mailed check,1,No,No,No,Yes,Yes,Yes
CUST-03587,33,85.15,2811.52,One year,DSL,Bank transfer,0,Yes,No,No,No,Yes,No
CUST-03588,50,50.29,2545.92,Month-to-month,Fiber optic,Bank transfer,0,Yes,No,No,No,No,Yes
CUST-03589,47,40.79,1855.5,Month-to-month,DSL,Mailed check,0,No,No,Yes,No,Yes,No
CUST-03590,66,70.39,4705.1,Month-to-month,DSL,Mailed check,0,No,No,Yes,No,No,No
CUST-03591,9,84.03,786.18,Month-to-month,Fiber optic,Mailed check,0,No,Yes,No,No,No,Yes
CUST-03592,22,80.13,1671.11,One year,No,Mailed check,1,Yes,No,No,No,No,No
CUST-03593,71,57.2,3963.03,Month-to-month,Fiber optic,Credit card,0,No,No,Yes,Yes,No,No
CUST-03594,41,77.45,3296.3,Month-to-month,DSL,Mailed check,0,Yes,No,Yes,Yes,Yes,No
CUST-03595,18,107.56,1881.88,Month-to-month,DSL,Mailed check,1,No,No,No,Yes,Yes,Yes
CUST-03596,21,75.13,1749.79,Month-to-month,DSL,Bank transfer,0,No,No,No,No,Yes,Yes
CUST-03597,25,29.17,600.39,Month-to-month,No,Electronic check,0,No,Yes,No,No,No,Yes
CUST-03598,40,75.08,2975.63,Two year,Fiber optic,Electronic check,0,Yes,No,No,No,No,No
CUST-03599,21,121.1,2388.54,Two year,No,Electronic check,0,No,No,No,Yes,No,No
CUST-03600,45,37.82,1500.04,Two year,No,Electronic check,0,No,No,No,No,Yes,No
CUST-03601,33,70.74,2263.33,Month-to-month,Fiber optic,Mailed check,0,No,Yes,No,Yes,No,No
CUST-03602,44,64.34,2899.98,Month-to-month,DSL,Electronic check,0,No,Yes,No,Yes,No,No
CUST-03603,12,72.4,801.49,Month-to-month,No,Mailed check,0,No,No,No,No,No,Yes
CUST-03604,45,74.86,3423.6,One year,DSL,Bank transfer,0,No,No,No,No,No,No
CUST-03605,67,98.5,6507.93,One year,No,Mailed check,0,No,No,No,No,Yes,No
CUST-03606,10,72.12,852.94,One year,Fiber optic,Mailed check,0,No,No,No,No,Yes,Yes
CUST-03607,24,101.93,2360.23,Month-to-month,DSL,Bank transfer,1,Yes,No,No,No,Yes,Yes
CUST-03608,50,67.06,3496.64,One year,Fiber optic,Bank transfer,1,Yes,No,No,Yes,Yes,No
CUST-03609,45,61.25,2757.66,Two year,Fiber optic,Credit card,0,No,No,No,No,No,No
CUST-03610,49,53.27,2503.06,Month-to-month,Fiber optic,Credit card,0,No,No,No,Yes,Yes,No
CUST-03611,41,24.57,917.87,Two year,Fiber optic,Electronic check,0,Yes,No,No,No,Yes,No
CUST-03612,50,76.89,3879.56,One year,DSL,Mailed check,0,Yes,No,Yes,No,No,No
CUST-03613,44,121.35,5221.87,Month-to-month,Fiber optic,Bank transfer,1,Yes,No,No,Yes,No,Yes
CUST-03614,6,81.46,512.67,Two year,Fiber optic,Electronic check,0,No,No,Yes,No,Yes,Yes
CUST-03615,55,87.17,4717.79,Two year,No,Bank transfer,0,No,Yes,Yes,No,Yes,No
CUST-03616,33,59.67,1856.49,One year,No,Electronic check,0,Yes,No,Yes,Yes,Yes,No
CUST-03617,4,63.89,166.56,Month-to-month,Fiber optic,Mailed check,0,Yes,Yes,No,Yes,Yes,Yes
CUST-03618,30,94.62,2677.47,Month-to-month,No,Credit card,0,No,No,No,Yes,No,Yes
CUST-03619,32,120.22,3854.89,One year,Fiber optic,Bank transfer,0,Yes,No,Yes,Yes,No,Yes
CUST-03620,7,107.2,765.38,Month-to-month,DSL,Bank transfer,1,No,No,No,Yes,Yes,Yes
CUST-03621,72,90.13,6407.9,Month-to-month,DSL,Electronic check,1,No,No,No,No,Yes,No
CUST-03622,17,70.88,1120.05,Month-to-month,Fiber optic,Credit card,0,No,No,No,Yes,No,Yes
CUST-03623,24,75.24,1649.99,Month-to-month,Fiber optic,Mailed check,0,Yes,No,No,No,Yes,No
CUST-03624,32,51.16,1566.87,One year,No,Credit card,0,No,Yes,No,No,No,No
CUST-03625,60,33.8,2066.21,Month-to-month,Fiber optic,Credit card,0,No,Yes,No,No,No,No
CUST-03626,54,41.83,2181.91,Month-to-month,DSL,Credit card,0,Yes,No,Yes,Yes,No,No
CUST-03627,56,71.25,4007.19,Month-to-month,Fiber optic,Electronic check,1,No,No,Yes,No,No,No
CUST-03628,18,62.7,1179.96,Month-to-month,Fiber optic,Credit card,1,No,No,No,No,No,No
CUST-03629,61,33.26,1902.61,Month-to-month,Fiber optic,Bank transfer,0,Yes,Yes,Yes,Yes,Yes,No
CUST-03630,60,69.07,4356.06,Month-to-month,Fiber optic,Mailed check,0,Yes,Yes,No,No,No,No
CUST-03631,34,62.04,2193.61,Month-to-month,Fiber optic,Credit card,0,Yes,No,No,No,No,No
CUST-03632,40,40.68,1584.3,Month-to-month,Fiber optic,Bank transfer,0,Yes,Yes,No,No,No,No
CUST-03633,3,60.75,0.0,One year,Fiber optic,Bank transfer,0,Yes,No,No,No,Yes,No
CUST-03634,55,61.98,3299.05,Month-to-month,DSL,Credit card,0,Yes,No,Yes,Yes,Yes,No
CUST-03635,70,54.58,4009.14,One year,Fiber optic,Bank transfer,0,No,No,No,No,Yes,No
CUST-03636,35,93.17,3299.16,Month-to-month,DSL,Bank transfer,0,No,No,No,Yes,No,Yes
CUST-03637,39,22.43,813.25,One year,Fiber optic,Credit card,0,No,Yes,Yes,No,Yes,No
CUST-03638,36,20.36,681.29,One year,Fiber optic,Credit card,0,No,No,No,No,Yes,No
CUST-03639,6,70.08,554.3,Month-to-month,DSL,Bank transfer,0,No,No,No,No,Yes,Yes
CUST-03640,45,72.4,3294.71,One year,Fiber optic,Credit card,0,Yes,Yes,No,Yes,Yes,No
CUST-03641,52,80.11,4119.64,One year,Fiber optic,Credit card,0,Yes,No,No,No,Yes,No
CUST-03642,67,56.53,3616.64,Month-to-month,Fiber optic,Bank transfer,0,No,No,No,Yes,Yes,No
CUST-03643,67,47.05,3127.18,One year,Fiber optic,Electronic check,1,No,No,Yes,No,No,No
CUST-03644,36,69.82,2566.96,One year,DSL,Bank transfer,1,Yes,No,No,No,No,No
CUST-03645,70,58.96,4171.3,Month-to-month,DSL,Mailed check,0,No,No,No,No,No,No
CUST-03646,39,108.78,4134.7,Two year,Fiber optic,Bank transfer,0,No,No,No,No,No,No
CUST-03647,47,61.89,2901.72,Month-to-month,Fiber optic,Mailed check,0,No,Yes,No,Yes,No,No
CUST-03648,44,68.67,3072.27,One year,Fiber optic,Mailed check,0,No,Yes,Yes,No,No,No
CUST-03649,72,130.0,9497.72,Two year,DSL,Credit card,0,No,No,No,Yes,No,No
CUST-03650,54,65.13,3475.49,Two year,DSL,Electronic check,0,No,Yes,No,No,Yes,No
CUST-03651,9,83.9,929.52,One year,Fiber optic,Electronic check,1,Yes,No,Yes,No,Yes,No
CUST-03652,6,86.16,562.58,One year,No,Bank transfer,0,No,No,No,No,Yes,Yes
CUST-03653,30,88.29,2585.81,Month-to-month,Fiber optic,Bank transfer,0,No,No,No,Yes,No,Yes
CUST-03654,38,77.24,2829.18,Month-to-month,Fiber optic,Credit card,1,Yes,No,No,Yes,No,Yes
CUST-03655,49,74.85,3444.47,Two year,Fiber optic,Electronic check,0,No,Yes,Yes,No,No,No
CUST-03656,35,72.51,2432.96,Month-to-month,Fiber optic,Credit card,0,Yes,Yes,Yes,Yes,Yes,Yes
CUST-03657,38,55.6,2258.79,Two year,Fiber optic,Credit card,0,No,No,No,No,No,No
CUST-03658,67,78.14,5186.2,Month-to-month,DSL,Electronic check,0,No,No,Yes,No,Yes,No
CUST-03659,25,120.72,2850.63,Month-to-month,Fiber optic,Credit card,0,Yes,No,No,No,Yes,Yes
CUST-03660,36,100.27,3521.12,Month-to-month,DSL,Credit card,0,No,No,Yes,Yes,No,No
CUST-03661,41,77.6,3181.45,Month-to-month,DSL,Electronic check,0,Yes,No,No,No,No,Yes
CUST-03662,34,91.4,3068.63,Month-to-month,DSL,Electronic check,0,No,Yes,No,Yes,Yes,Yes
CUST-03663,70,48.27,3412.3,Month-to-month,DSL,Bank transfer,0,No,No,No,Yes,Yes,No
CUST-03664,70,63.49,4406.33,Two year,DSL,Bank transfer,0,No,No,No,No,Yes,No
CUST-03665,37,93.7,3402.82,One year,DSL,Credit card,0,No,No,No,No,Yes,Yes
CUST-03666,33,107.18,3525.88,One year,DSL,Credit card,0,Yes,No,No,No,Yes,No
CUST-03667,43,50.73,2063.36,Month-to-month,DSL,Electronic check,0,No,No,No,No,Yes,Yes
CUST-03668,14,57.91,823.52,Month-to-month,DSL,Credit card,0,No,No,Yes,Yes,Yes,Yes
CUST-03669,31,124.53,3756.45,One year,DSL,Credit card,0,Yes,No,No,No,No,No
CUST-03670,16,72.41,1135.11,Month-to-month,Fiber optic,Bank transfer,0,Yes,No,No,Yes,No,No
CUST-03671,11,115.58,1298.27,Month-to-month,Fiber optic,Mailed check,0,No,No,Yes,Yes,Yes,Yes
CUST-03672,7,75.17,484.71,Two year,DSL,Bank transfer,0,Yes,No,No,No,Yes,Yes
CUST-03673,43,76.15,3267.18,Month-to-month,Fiber optic,Bank transfer,0,No,No,No,Yes,No,No
CUST-03674,1,62.36,126.39,Two year,Fiber optic,Mailed check,0,No,No,No,Yes,Yes,Yes
CUST-03675,47,93.56,4320.22,Month-to-month,DSL,Electronic check,0,Yes,No,No,No,Yes,Yes
CUST-03676,32,103.94,3489.37,Month-to-month,Fiber optic,Bank transfer,1,Yes,No,No,No,Yes,Yes
CUST-03677,27,44.12,1060.0,Month-to-month,DSL,Mailed check,0,Yes,Yes,No,No,Yes,Yes
CUST-03678,56,61.19,3544.47,Two year,Fiber optic,Electronic check,0,Yes,No,No,No,Yes,No
CUST-03679,39,92.88,3660.1,One year,Fiber optic,Mailed check,0,No,Yes,Yes,No,Yes,No
CUST-03680,53,66.76,3580.13,One year,Fiber optic,Electronic check,0,Yes,No,Yes,No,Yes,No
CUST-03681,52,57.67,3094.71,Month-to-month,DSL,Mailed check,0,No,No,Yes,No,Yes,Yes
CUST-03682,3,95.24,282.84,Two year,DSL,Credit card,0,Yes,No,No,No,No,No
CUST-03683,16,97.59,1576.78,One year,No,Bank transfer,0,Yes,No,No,No,Yes,Yes
CUST-03684,42,58.76,2471.86,One year,Fiber optic,Electronic check,0,No,Yes,Yes,Yes,Yes,No
CUST-03685,71,75.31,5428.95,One year,Fiber optic,Mailed check,0,Yes,No,No,No,Yes,No
CUST-03686,12,39.79,577.4,One year,No,Bank transfer,0,No,No,No,No,Yes,No
CUST-03687,8,47.61,377.91,One year,Fiber optic,Credit card,0,Yes,Yes,No,Yes,Yes,No
CUST-03688,68,73.1,4932.96,Month-to-month,DSL,Mailed check,0,No,No,No,No,No,No
CUST-03689,70,70.79,4848.0,Two year,Fiber optic,Credit card,0,Yes,Yes,Yes,No,Yes,Yes
CUST-03690,13,45.83,612.88,Month-to-month,DSL,Electronic check,1,Yes,Yes,No,No,No,Yes
CUST-03691,29,52.1,1460.11,Two year,Fiber optic,Credit card,0,No,No,Yes,No,Yes,No
CUST-03692,46,43.37,1814.79,Month-to-month,Fiber optic,Electronic check,0,Yes,No,No,Yes,Yes,No
CUST-03693,15,81.38,1205.05,Month-to-month,DSL,Bank transfer,1,No,No,No,No,Yes,Yes
CUST-03694,24,20.81,501.94,Month-to-month,DSL,Electronic check,0,No,No,Yes,No,Yes,No
CUST-03695,29,44.71,1373.76,One year,Fiber optic,Credit card,0,No,Yes,Yes,No,Yes,No
CUST-03696,47,23.43,1095.71,Month-to-month,Fiber optic,Electronic check,0,Yes,Yes,No,Yes,No,No
CUST-03697,23,80.48,1744.71,Two year,DSL,Mailed check,0,No,No,Yes,No,Yes,No
CUST-03698,30,24.93,846.78,One year,DSL,Bank transfer,1,Yes,No,No,No,Yes,No
CUST-03699,21,70.79,1275.36,Month-to-month,Fiber optic,Electronic check,0,Yes,No,Yes,Yes,Yes,Yes
CUST-03700,55,110.99,5946.97,Month-to-month,Fiber optic,Bank transfer,1,Yes,Yes,No,No,No,No
CUST-03701,12,111.84,1311.75,One year,Fiber optic,Mailed check,0,No,Yes,No,Yes,Yes,No
CUST-03702,17,24.85,386.73,Two year,Fiber optic,Mailed check,0,Yes,Yes,Yes,No,No,No
CUST-03703,18,77.46,1364.67,Month-to-month,Fiber optic,Mailed check,0,No,Yes,No,No,Yes,No
CUST-03704,66,45.28,2899.15,Two year,Fiber optic,Credit card,0,No,Yes,No,No,Yes,No
CUST-03705,69,40.17,2860.38,Month-to-month,DSL,Mailed check,0,Yes,No,Yes,No,No,Yes
CUST-03706,37,67.16,2458.26,One year,DSL,Credit card,0,Yes,No,No,No,Yes,No
CUST-03707,12,100.71,1064.02,One year,DSL,Electronic check,0,No,No,No,Yes,Yes,Yes
CUST-03708,55,84.99,4704.1,Month-to-month,No,Bank transfer,0,No,Yes,Yes,No,Yes,Yes
CUST-03709,36,52.12,1789.96,Month-to-month,Fiber optic,Mailed check,0,Yes,Yes,No,Yes,No,No
CUST-03710,62,87.63,5329.42,One year,DSL,Bank transfer,0,No,No,Yes,Yes,Yes,No
CUST-03711,26,20.0,502.72,Month-to-month,Fiber optic,Credit card,0,No,No,No,Yes,No,Yes
CUST-03712,72,51.18,3836.78,Month-to-month,DSL,Bank transfer,0,Yes,No,No,Yes,Yes,No
CUST-03713,59,49.4,2688.89,Month-to-month,Fiber optic,Mailed check,1,No,No,Yes,No,No,No
CUST-03714,17,71.96,1049.49,One year,Fiber optic,Electronic check,0,No,No,Yes,No,No,No
CUST-03715,53,64.93,3340.18,Month-to-month,Fiber optic,Credit card,0,No,Yes,No,No,Yes,No
CUST-03716,21,66.46,1551.65,Month-to-month,Fiber optic,Mailed check,0,Yes,Yes,No,No,Yes,Yes
CUST-03717,26,65.63,1583.9,Two year,No,Electronic check,1,Yes,Yes,No,No,Yes,No
CUST-03718,19,70.56,1432.77,One year,DSL,Mailed check,0,No,No,No,No,Yes,No
CUST-03719,50,83.5,4250.0,Month-to-month,Fiber optic,Electronic check,0,Yes,Yes,No,No,No,No
CUST-03720,19,73.73,1500.88,Month-to-month,No,Bank transfer,0,Yes,No,Yes,No,Yes,Yes
CUST-03721,46,62.89,2789.71,Month-to-month,DSL,Credit card,0,Yes,No,No,Yes,Yes,No
CUST-03722,42,80.04,3358.98,Month-to-month,Fiber optic,Mailed check,1,No,Yes,No,No,Yes,Yes
CUST-03723,55,90.65,5043.96,Month-to-month,No,Bank transfer,0,Yes,No,Yes,No,No,No
CUST-03724,72,56.1,4066.44,Month-to-month,Fiber optic,Credit card,0,Yes,No,No,Yes,Yes,No
CUST-03725,1,68.51,340.4,Month-to-month,DSL,Credit card,0,No,No,No,No,Yes,No
CUST-03726,72,99.05,7310.96,One year,DSL,Electronic check,0,Yes,No,No,No,No,No
CUST-03727,8,42.43,445.57,Month-to-month,Fiber optic,Electronic check,1,Yes,Yes,Yes,No,Yes,Yes
CUST-03728,38,115.12,4435.64,Month-to-month,No,Mailed check,0,No,No,No,Yes,No,Yes
CUST-03729,25,36.52,981.95,Two year,DSL,Mailed check,1,No,No,No,No,No,No
CUST-03730,47,61.37,2984.78,Month-to-month,DSL,Electronic check,0,Yes,Yes,No,Yes,No,No
CUST-03731,52,46.25,2573.73,One year,DSL,Electronic check,0,Yes,No,Yes,Yes,No,No
CUST-03732,62,124.7,7645.14,Month-to-month,Fiber optic,Credit card,1,No,No,No,No,No,Yes
CUST-03733,29,57.42,1777.18,One year,Fiber optic,Electronic check,0,No,No,No,Yes,Yes,No
CUST-03734,68,57.48,3929.41,Month-to-month,Fiber optic,Mailed check,1,No,No,No,No,No,Yes
CUST-03735,24,60.73,1557.23,Month-to-month,Fiber optic,Electronic check,0,Yes,No,No,No,Yes,Yes
CUST-03736,15,72.39,1089.49,Two year,Fiber optic,Bank transfer,0,No,No,Yes,No,Yes,No
CUST-03737,28,61.79,1680.69,Month-to-month,Fiber optic,Bank transfer,0,Yes,No,No,No,Yes,Yes
CUST-03738,39,66.68,2552.74,Month-to-month,Fiber optic,Bank transfer,1,No,No,No,Yes,Yes,No
CUST-03739,49,20.0,987.8,Month-to-month,DSL,Mailed check,0,Yes,No,No,No,No,No
CUST-03740,60,71.43,4334.76,Month-to-month,DSL,Electronic check,0,No,Yes,No,Yes,Yes,No
CUST-03741,17,70.45,1152.42,Month-to-month,Fiber optic,Mailed check,0,No,No,Yes,No,No,No
CUST-03742,22,95.96,1961.78,Month-to-month,Fiber optic,Credit card,0,No,Yes,No,No,Yes,Yes
CUST-03743,68,102.73,7049.02,Month-to-month,DSL,Electronic check,0,No,Yes,No,No,Yes,No
CUST-03744,32,65.31,2075.39,One year,Fiber optic,Credit card,0,Yes,No,Yes,No,No,No
CUST-03745,18,90.41,1416.37,Two year,Fiber optic,Credit card,0,No,Yes,No,No,No,No
CUST-03746,71,42.46,2851.58,Month-to-month,DSL,Bank transfer,0,No,No,No,No,Yes,No
CUST-03747,33,89.18,2968.77,Two year,Fiber optic,Credit card,1,No,No,No,No,No,Yes
CUST-03748,71,55.69,4016.69,Month-to-month,DSL,Mailed check,0,No,Yes,No,Yes,Yes,No
CUST-03749,67,40.38,2814.51,Month-to-month,No,Bank transfer,0,Yes,Yes,Yes,Yes,Yes,No
CUST-03750,66,65.36,4259.59,One year,Fiber optic,Bank transfer,1,No,No,No,No,Yes,No
CUST-03751,42,105.01,4343.98,One year,Fiber optic,Bank transfer,0,Yes,Yes,No,Yes,Yes,No
CUST-03752,58,74.53,4375.21,Month-to-month,Fiber optic,Bank transfer,0,Yes,No,No,Yes,Yes,Yes
CUST-03753,70,107.41,7430.84,Two year,Fiber optic,Electronic check,1,Yes,No,No,Yes,No,No
CUST-03754,20,51.28,940.9,Two year,DSL,Credit card,0,Yes,No,Yes,No,No,No
CUST-03755,3,96.2,305.37,Month-to-month,DSL,Bank transfer,0,Yes,Yes,No,Yes,Yes,Yes
CUST-03756,24,53.7,1313.49,One year,No,Electronic check,1,No,No,No,No,Yes,No
CUST-03757,46,75.63,3531.39,One year,No,Bank transfer,0,No,No,No,No,Yes,No
CUST-03758,40,75.42,3025.45,Two year,No,Credit card,0,Yes,No,No,No,Yes,Yes
CUST-03759,6,86.54,416.61,One year,No,Electronic check,0,No,No,Yes,No,Yes,Yes
CUST-03760,41,76.27,3088.72,Month-to-month,Fiber optic,Credit card,1,Yes,No,No,No,No,Yes
CUST-03761,13,51.52,675.21,One year,Fiber optic,Mailed check,0,Yes,No,No,Yes,Yes,No
CUST-03762,37,92.01,3528.45,Month-to-month,Fiber optic,Mailed check,0,Yes,No,No,No,Yes,Yes
CUST-03763,42,113.29,4824.61,One year,DSL,Mailed check,0,No,No,No,Yes,No,Yes
CUST-03764,46,55.4,2562.98,One year,Fiber optic,Bank transfer,0,No,No,No,No,No,No
CUST-03765,30,24.12,786.0,One year,Fiber optic,Electronic check,0,No,No,No,No,No,No
CUST-03766,30,82.48,2601.21,Month-to-month,Fiber optic,Mailed check,0,No,No,Yes,No,No,No
CUST-03767,49,61.72,2892.82,Month-to-month,Fiber optic,Credit card,0,No,Yes,Yes,No,No,No
CUST-03768,54,66.72,3604.23,One year,Fiber optic,Electronic check,0,Yes,No,No,No,Yes,No
CUST-03769,59,83.9,4785.86,Month-to-month,No,Mailed check,0,No,No,Yes,No,Yes,No
CUST-03770,25,58.59,1464.29,Month-to-month,DSL,Bank transfer,0,No,No,No,No,Yes,No
CUST-03771,31,63.28,1911.85,Month-to-month,DSL,Mailed check,0,No,No,No,Yes,No,No
CUST-03772,24,67.5,1753.48,Two year,Fiber optic,Electronic check,0,No,Yes,Yes,No,No,No
CUST-03773,38,106.74,4170.45,Month-to-month,Fiber optic,Bank transfer,0,No,No,No,Yes,No,No
CUST-03774,10,70.75,910.97,One year,Fiber optic,Electronic check,0,Yes,No,No,No,Yes,Yes
CUST-03775,31,39.11,1183.85,Month-to-month,Fiber optic,Mailed check,0,No,No,No,No,Yes,Yes
CUST-03776,14,40.1,586.07,Two year,DSL,Bank transfer,1,Yes,Yes,No,No,Yes,No
CUST-03777,39,73.48,2860.16,Month-to-month,Fiber optic,Bank transfer,0,Yes,Yes,Yes,Yes,No,No
CUST-03778,62,41.76,2720.98,Month-to-month,No,Credit card,0,No,No,No,Yes,No,No
CUST-03779,71,30.94,2194.1,Month-to-month,Fiber optic,Credit card,1,Yes,No,Yes,No,No,No
CUST-03780,33,85.89,2738.7,Month-to-month,Fiber optic,Electronic check,0,No,Yes,No,No,Yes,Yes
CUST-03781,5,87.11,265.56,Two year,Fiber optic,Mailed check,0,Yes,Yes,No,No,Yes,No
CUST-03782,17,60.8,1159.59,One year,Fiber optic,Electronic check,0,No,Yes,No,No,Yes,Yes
CUST-03783,8,77.34,651.72,One year,Fiber optic,Credit card,1,Yes,No,Yes,Yes,No,No
CUST-03784,55,74.7,4128.11,One year,Fiber optic,Electronic check,1,Yes,No,Yes,Yes,Yes,No
CUST-03785,71,85.06,6193.45,Two year,Fiber optic,Credit card,0,Yes,Yes,Yes,No,No,No
CUST-03786,40,85.12,3419.72,Two year,Fiber optic,Electronic check,0,No,No,No,No,No,Yes
CUST-03787,13,20.0,111.89,One year,Fiber optic,Electronic check,0,Yes,No,No,No,Yes,No
CUST-03788,2,63.99,2.94,Month-to-month,No,Credit card,0,Yes,Yes,Yes,Yes,Yes,No
CUST-03789,71,82.95,5949.94,Month-to-month,DSL,Electronic check,0,Yes,Yes,No,No,Yes,Yes
CUST-03790,23,59.74,1445.62,One year,DSL,Mailed check,0,Yes,Yes,Yes,No,Yes,No
CUST-03791,9,70.91,861.83,One year,Fiber optic,Bank transfer,0,No,No,No,No,Yes,Yes
CUST-03792,13,88.77,1162.31,One year,No,Bank transfer,0,No,No,No,Yes,Yes,No
CUST-03793,19,72.02,1559.52,Month-to-month,Fiber optic,Credit card,0,No,Yes,No,Yes,Yes,Yes
CUST-03794,48,107.7,5061.14,One year,Fiber optic,Mailed check,1,Yes,No,No,No,No,Yes
CUST-03795,65,98.17,6312.13,Month-to-month,Fiber optic,Bank transfer,0,No,No,No,No,No,No
CUST-03796,20,67.04,1236.23,Month-to-month,DSL,Credit card,1,No,No,Yes,Yes,No,Yes
CUST-03797,50,65.05,3279.7,Two year,No,Electronic check,0,Yes,No,No,No,Yes,No
CUST-03798,5,20.0,226.33,One year,Fiber optic,Mailed check,0,No,No,No,No,Yes,Yes
CUST-03799,1,61.84,50.49,Month-to-month,Fiber optic,Mailed check,0,Yes,No,Yes,Yes,Yes,No
CUST-03800,4,36.17,56.44,Month-to-month,Fiber optic,Credit card,1,Yes,Yes,No,No,Yes,Yes
CUST-03801,67,75.53,5129.96,One year,Fiber optic,Bank transfer,0,No,Yes,No,No,No,No
CUST-03802,42,73.82,3094.21,Month-to-month,DSL,Bank transfer,0,No,No,No,Yes,No,No
CUST-03803,58,87.4,5140.2,Month-to-month,DSL,Electronic check,0,No,Yes,Yes,No,Yes,Yes
CUST-03804,2,104.92,207.47,One year,DSL,Credit card,0,No,No,No,No,Yes,Yes
CUST-03805,2,69.34,135.87,One year,No,Electronic check,0,No,No,No,No,Yes,No
CUST-03806,62,127.01,8083.96,Month-to-month,Fiber optic,Mailed check,0,No,No,No,No,Yes,Yes
CUST-03807,8,75.81,507.92,Month-to-month,Fiber optic,Bank transfer,1,No,No,No,Yes,No,Yes
CUST-03808,12,37.24,495.15,One year,No,Credit card,0,No,Yes,No,No,Yes,Yes
CUST-03809,38,55.95,2204.51,Month-to-month,DSL,Mailed check,0,No,No,No,No,Yes,No
CUST-03810,44,60.68,2782.01,Month-to-month,DSL,Mailed check,0,Yes,No,No,No,No,No
CUST-03811,17,84.8,1338.56,Month-to-month,DSL,Electronic check,0,Yes,No,No,No,No,Yes
CUST-03812,33,46.32,1574.21,Month-to-month,No,Bank transfer,0,No,No,No,No,Yes,No
CUST-03813,49,62.55,3023.55,Two year,DSL,Electronic check,0,Yes,Yes,No,No,Yes,No
CUST-03814,32,65.97,2109.77,Month-to-month,DSL,Bank transfer,0,No,No,No,Yes,No,Yes
CUST-03815,28,58.8,1608.43,Two year,DSL,Electronic check,0,Yes,Yes,No,No,Yes,No
CUST-03816,6,90.29,494.91,Month-to-month,Fiber optic,Mailed check,0,Yes,No,Yes,No,Yes,Yes
CUST-03817,33,86.03,2999.73,One year,Fiber optic,Mailed check,0,Yes,Yes,No,No,Yes,No
CUST-03818,58,99.16,5858.45,Month-to-month,DSL,Bank transfer,0,Yes,Yes,No,Yes,Yes,Yes
CUST-03819,46,61.72,2705.37,One year,Fiber optic,Mailed check,0,Yes,No,No,No,Yes,No
CUST-03820,65,100.06,6481.39,Two year,No,Electronic check,1,Yes,No,No,No,Yes,No
CUST-03821,10,35.9,350.88,Month-to-month,DSL,Credit card,0,No,Yes,No,No,No,No
CUST-03822,1,35.29,175.9,Month-to-month,No,Credit card,1,Yes,Yes,Yes,Yes,Yes,Yes
CUST-03823,40,39.65,1474.71,Two year,Fiber optic,Mailed check,1,Yes,No,Yes,No,No,No
CUST-03824,13,70.23,847.78,Two year,No,Mailed check,0,Yes,Yes,Yes,No,No,No
CUST-03825,43,100.06,4231.36,Two year,DSL,Electronic check,0,Yes,No,No,No,Yes,No
CUST-03826,66,54.95,3433.08,Month-to-month,Fiber optic,Electronic check,0,No,No,Yes,Yes,No,No
CUST-03827,25,58.08,1259.83,Month-to-month,Fiber optic,Mailed check,0,No,Yes,Yes,No,No,No
CUST-03828,40,64.6,2611.52,Month-to-month,DSL,Bank transfer,0,Yes,Yes,Yes,No,Yes,No
CUST-03829,50,84.32,4142.74,One year,Fiber optic,Bank transfer,0,Yes,No,No,Yes,Yes,No
CUST-03830,11,58.06,662.79,Month-to-month,DSL,Bank transfer,0,Yes,No,No,No,No,Yes
CUST-03831,65,56.66,3523.27,Month-to-month,Fiber optic,Electronic check,0,No,No,No,No,Yes,No
CUST-03832,15,36.37,432.14,One year,Fiber optic,Electronic check,0,Yes,No,No,No,No,No
CUST-03833,59,55.71,3244.37,Month-to-month,Fiber optic,Mailed check,0,No,No,Yes,No,Yes,Yes
CUST-03834,48,99.44,4624.47,One year,DSL,Mailed check,0,Yes,No,No,No,Yes,Yes
CUST-03835,11,72.27,764.92,Month-to-month,No,Bank transfer,1,No,Yes,No,No,No,Yes
CUST-03836,53,51.5,2698.16,Two year,DSL,Bank transfer,0,Yes,Yes,Yes,No,Yes,No
CUST-03837,15,100.9,1473.3,Month-to-month,Fiber optic,Electronic check,1,Yes,No,Yes,No,No,No
CUST-03838,44,55.37,2298.92,One year,Fiber optic,Credit card,0,Yes,Yes,No,No,No,Yes
CUST-03839,70,105.5,7502.14,Month-to-month,DSL,Bank transfer,0,No,No,Yes,No,No,Yes
CUST-03840,69,105.09,7129.89,Month-to-month,Fiber optic,Mailed check,0,No,No,No,No,Yes,No
CUST-03841,63,71.4,4480.06,Month-to-month,No,Bank transfer,0,No,Yes,No,No,Yes,No
CUST-03842,36,32.54,1153.74,Two year,No,Mailed check,0,Yes,No,No,No,Yes,No
CUST-03843,41,127.24,5219.41,Month-to-month,DSL,Electronic check,0,No,No,No,No,No,No
CUST-03844,22,79.68,1614.04,Month-to-month,DSL,Bank transfer,0,Yes,No,Yes,Yes,Yes,No
CUST-03845,67,61.9,4174.17,One year,DSL,Electronic check,0,No,No,Yes,No,Yes,No
CUST-03846,35,93.9,3216.01,Month-to-month,Fiber optic,Electronic check,0,No,No,No,No,Yes,Yes
CUST-03847,56,87.56,4955.68,Month-to-month,DSL,Mailed check,0,Yes,Yes,No,No,Yes,Yes
CUST-03848,26,102.77,2761.91,Month-to-month,DSL,Credit card,0,No,No,Yes,No,Yes,Yes
CUST-03849,54,53.44,2890.05,Month-to-month,Fiber optic,Bank transfer,0,No,No,No,No,Yes,Yes
CUST-03850,17,77.96,1267.61,Month-to-month,No,Credit card,0,No,No,No,No,Yes,Yes
CUST-03851,53,40.35,2298.44,Month-to-month,DSL,Credit card,0,Yes,No,Yes,No,Yes,No
CUST-03852,4,86.66,387.39,Month-to-month,Fiber optic,Credit card,0,No,No,Yes,No,No,Yes
CUST-03853,8,69.43,476.77,Month-to-month,DSL,Bank transfer,0,Yes,No,Yes,Yes,Yes,No
CUST-03854,26,77.03,1888.03,One year,Fiber optic,Mailed check,0,Yes,No,No,Yes,Yes,No
CUST-03855,35,66.34,2359.2,One year,Fiber optic,Mailed check,0,No,No,Yes,No,No,No
CUST-03856,52,63.73,3279.9,Month-to-month,No,Electronic check,0,Yes,No,Yes,No,No,No
CUST-03857,26,48.29,1144.79,Month-to-month,Fiber optic,Bank transfer,0,Yes,No,No,No,Yes,No
CUST-03858,2,89.76,187.28,One year,DSL,Bank transfer,0,No,Yes,Yes,No,No,No
CUST-03859,24,107.24,2447.93,Month-to-month,Fiber optic,Credit card,0,Yes,Yes,Yes,No,Yes,Yes
CUST-03860,32,56.08,1802.42,Two year,DSL,Electronic check,0,No,No,No,Yes,No,No
CUST-03861,40,83.84,3379.83,Month-to-month,DSL,Credit card,0,No,Yes,No,No,Yes,Yes
CUST-03862,47,80.8,3712.17,Month-to-month,No,Mailed check,0,Yes,No,Yes,No,No,No
CUST-03863,18,70.2,1296.69,Month-to-month,Fiber optic,Electronic check,0,No,Yes,Yes,No,No,Yes
CUST-03864,44,31.84,1323.82,One year,No,Mailed check,0,No,No,No,Yes,Yes,No
CUST-03865,46,37.46,1718.72,Month-to-month,DSL,Credit card,0,Yes,No,No,No,No,Yes
CUST-03866,56,50.48,2669.74,Month-to-month,No,Mailed check,0,Yes,No,No,No,No,No
CUST-03867,38,20.0,767.36,Month-to-month,No,Electronic check,0,Yes,No,Yes,No,Yes,Yes
CUST-03868,59,105.2,6311.92,One year,Fiber optic,Mailed check,0,No,No,No,No,Yes,No
CUST-03869,16,79.19,1115.6,Month-to-month,DSL,Bank transfer,0,Yes,Yes,Yes,Yes,Yes,No
CUST-03870,52,69.25,3672.78,One year,No,Mailed check,0,Yes,No,No,No,Yes,No
CUST-03871,4,20.0,22.05,Month-to-month,No,Electronic check,0,No,No,No,Yes,No,Yes
CUST-03872,8,24.4,283.24,Month-to-month,DSL,Electronic check,0,No,No,No,Yes,Yes,Yes
CUST-03873,63,69.94,4578.51,Month-to-month,No,Electronic check,0,No,No,No,No,Yes,No
CUST-03874,35,119.26,4181.92,Two year,No,Bank transfer,0,Yes,No,No,No,No,No
CUST-03875,45,52.53,2417.35,Month-to-month,DSL,Mailed check,0,No,No,No,No,Yes,No
CUST-03876,44,91.59,4066.17,Month-to-month,Fiber optic,Mailed check,0,No,No,No,No,Yes,Yes
CUST-03877,51,58.0,3053.49,Two year,DSL,Mailed check,0,No,Yes,No,No,Yes,No
CUST-03878,18,71.38,1261.61,Month-to-month,Fiber optic,Bank transfer,1,No,No,No,No,Yes,Yes
CUST-03879,13,100.37,1370.7,Month-to-month,No,Credit card,0,Yes,No,No,Yes,Yes,No
CUST-03880,4,61.35,174.31,Month-to-month,No,Bank transfer,0,Yes,No,No,No,Yes,No
CUST-03881,63,52.75,3434.58,One year,DSL,Bank transfer,0,Yes,No,No,No,Yes,No
CUST-03882,17,105.45,1685.98,Month-to-month,Fiber optic,Bank transfer,0,Yes,Yes,No,No,Yes,No
CUST-03883,42,71.14,2940.58,Two year,Fiber optic,Electronic check,0,Yes,Yes,Yes,No,Yes,No
CUST-03884,33,97.28,3145.89,One year,Fiber optic,Credit card,0,Yes,Yes,Yes,No,No,Yes
CUST-03885,12,52.87,672.11,Month-to-month,Fiber optic,Bank transfer,0,Yes,No,Yes,No,Yes,Yes
CUST-03886,30,105.17,3231.13,Month-to-month,Fiber optic,Credit card,1,No,No,Yes,Yes,Yes,Yes
CUST-03887,6,76.84,513.92,One year,DSL,Mailed check,0,No,No,No,Yes,Yes,No
CUST-03888,13,80.87,997.82,Two year,DSL,Electronic check,0,No,No,No,No,Yes,No
CUST-03889,11,73.29,951.98,Two year,No,Bank transfer,0,Yes,No,No,No,No,Yes
CUST-03890,60,57.36,3558.17,Month-to-month,DSL,Mailed check,1,Yes,No,No,Yes,Yes,No
CUST-03891,41,69.96,2894.66,One year,Fiber optic,Electronic check,0,Yes,No,No,No,Yes,No
CUST-03892,67,58.94,3887.39,One year,No,Credit card,0,No,Yes,No,No,Yes,No
CUST-03893,32,93.99,2872.16,Two year,No,Bank transfer,1,No,Yes,No,Yes,Yes,No
CUST-03894,15,64.92,1043.53,Month-to-month,Fiber optic,Credit card,0,Yes,No,Yes,No,Yes,No
CUST-03895,44,32.59,1402.43,One year,DSL,Electronic check,0,Yes,No,No,No,Yes,Yes
CUST-03896,67,28.01,1972.31,One year,Fiber optic,Electronic check,0,Yes,No,No,No,No,No
CUST-03897,39,26.83,1149.14,Two year,Fiber optic,Mailed check,0,Yes,No,No,Yes,Yes,No
CUST-03898,2,85.45,126.46,One year,Fiber optic,Credit card,0,Yes,Yes,No,No,Yes,Yes
CUST-03899,22,41.21,907.71,Two year,DSL,Bank transfer,0,No,No,No,Yes,Yes,No
CUST-03900,67,77.5,5189.57,Month-to-month,Fiber optic,Credit card,0,Yes,No,No,Yes,Yes,No
CUST-03901,38,73.41,2934.24,Month-to-month,Fiber optic,Credit card,0,No,No,No,Yes,No,No
CUST-03902,69,68.38,4681.41,Month-to-month,No,Credit card,1,Yes,Yes,No,No,Yes,No
CUST-03903,37,80.96,3060.39,Two year,Fiber optic,Mailed check,0,Yes,No,Yes,Yes,Yes,No
CUST-03904,1,73.96,80.84,Month-to-month,DSL,Electronic check,0,No,Yes,No,Yes,Yes,Yes
CUST-03905,63,20.0,1414.46,One year,DSL,Credit card,0,Yes,No,Yes,No,Yes,No
CUST-03906,55,61.91,3338.52,Two year,Fiber optic,Bank transfer,1,No,Yes,No,No,No,No
CUST-03907,52,80.63,4088.32,Two year,Fiber optic,Mailed check,0,Yes,No,Yes,Yes,No,No
CUST-03908,70,111.01,7582.23,One year,DSL,Mailed check,1,No,No,No,No,Yes,No
CUST-03909,15,112.16,1698.79,One year,No,Credit card,1,No,Yes,No,No,No,Yes
CUST-03910,66,35.92,2394.47,Month-to-month,No,Mailed check,1,Yes,No,No,Yes,Yes,No
CUST-03911,17,61.26,1019.54,Month-to-month,No,Credit card,0,Yes,No,No,Yes,No,No
CUST-03912,70,30.85,2249.94,Month-to-month,Fiber optic,Electronic check,0,Yes,No,No,No,No,No
CUST-03913,14,108.0,1663.87,One year,Fiber optic,Mailed check,0,Yes,No,Yes,No,Yes,No
CUST-03914,40,95.32,3735.13,Month-to-month,Fiber optic,Electronic check,0,Yes,No,Yes,Yes,Yes,No
CUST-03915,57,78.76,4466.64,Month-to-month,Fiber optic,Credit card,0,No,Yes,Yes,No,Yes,No
CUST-03916,6,74.15,275.6,One year,DSL,Credit card,0,Yes,No,Yes,No,Yes,No
CUST-03917,5,104.52,528.4,Month-to-month,DSL,Electronic check,0,No,No,No,No,Yes,Yes
CUST-03918,62,100.28,6153.68,Two year,DSL,Bank transfer,0,No,Yes,No,Yes,Yes,No
CUST-03919,5,98.95,451.6,Month-to-month,No,Credit card,0,No,No,No,Yes,Yes,Yes
CUST-03920,45,81.42,3648.26,Two year,Fiber optic,Bank transfer,0,No,Yes,No,No,Yes,No
CUST-03921,68,61.27,4214.24,Month-to-month,No,Bank transfer,0,No,No,No,No,Yes,No
CUST-03922,45,89.18,3985.47,One year,Fiber optic,Mailed check,0,Yes,No,No,Yes,No,No
CUST-03923,35,90.4,3360.26,One year,DSL,Electronic check,0,Yes,Yes,No,No,No,No
CUST-03924,31,65.23,2010.38,Month-to-month,Fiber optic,Credit card,1,No,Yes,Yes,Yes,Yes,Yes
CUST-03925,46,61.22,2671.86,Month-to-month,DSL,Credit card,0,Yes,No,No,Yes,Yes,No
CUST-03926,42,98.33,4052.78,Two year,No,Credit card,0,Yes,No,No,No,Yes,No
CUST-03927,37,111.6,4187.27,Month-to-month,DSL,Electronic check,1,No,No,No,No,Yes,Yes
CUST-03928,12,51.27,677.55,One year,DSL,Bank transfer,0,Yes,No,No,Yes,Yes,No
CUST-03929,48,63.42,3038.49,Month-to-month,Fiber optic,Mailed check,0,Yes,No,No,No,No,Yes
CUST-03930,54,78.77,4248.68,One year,Fiber optic,Mailed check,0,Yes,No,No,Yes,Yes,No
CUST-03931,52,82.16,4286.48,Month-to-month,Fiber optic,Mailed check,0,Yes,No,Yes,Yes,Yes,No
CUST-03932,6,56.94,403.19,One year,DSL,Electronic check,0,Yes,No,No,No,Yes,Yes
CUST-03933,51,117.09,5962.9,One year,Fiber optic,Bank transfer,0,No,Yes,No,No,No,No
CUST-03934,53,80.55,4138.66,Month-to-month,DSL,Bank transfer,0,Yes,Yes,No,No,Yes,Yes
CUST-03935,14,83.28,1089.65,Month-to-month,Fiber optic,Credit card,0,No,Yes,Yes,Yes,Yes,Yes
CUST-03936,62,113.97,7001.88,Two year,Fiber optic,Credit card,0,Yes,No,No,Yes,Yes,No
CUST-03937,38,58.77,2110.11,One year,DSL,Bank transfer,0,Yes,Yes,Yes,No,Yes,No
CUST-03938,35,67.79,2244.63,Two year,Fiber optic,Credit card,0,Yes,Yes,No,Yes,No,No
CUST-03939,53,38.67,2075.92,One year,DSL,Mailed check,0,Yes,No,No,Yes,No,Yes
CUST-03940,37,65.69,2418.99,One year,DSL,Electronic check,0,No,No,No,No,Yes,No
CUST-03941,40,32.78,1372.49,One year,Fiber optic,Credit card,0,Yes,No,No,Yes,No,No
CUST-03942,23,88.7,2207.01,Two year,DSL,Mailed check,1,Yes,No,No,No,No,No
CUST-03943,67,80.5,5462.6,Month-to-month,DSL,Mailed check,0,No,No,No,No,Yes,No
CUST-03944,70,63.07,4475.01,Month-to-month,Fiber optic,Mailed check,0,Yes,No,No,No,Yes,No
CUST-03945,10,67.49,519.76,Two year,Fiber optic,Credit card,0,Yes,No,No,Yes,No,No
CUST-03946,53,89.04,4769.28,Two year,No,Mailed check,0,Yes,Yes,No,No,No,No
CUST-03947,2,41.61,72.25,Month-to-month,No,Bank transfer,0,Yes,No,No,No,No,No
CUST-03948,27,75.1,2137.71,Month-to-month,Fiber optic,Bank transfer,0,Yes,No,No,Yes,Yes,No
CUST-03949,70,87.49,5991.9,One year,Fiber optic,Bank transfer,0,Yes,No,Yes,Yes,Yes,No
CUST-03950,13,25.44,410.96,One year,Fiber optic,Bank transfer,0,Yes,No,No,Yes,Yes,Yes
CUST-03951,28,87.12,2374.17,Month-to-month,Fiber optic,Electronic check,1,Yes,No,No,No,No,No
CUST-03952,16,28.15,343.11,One year,Fiber optic,Credit card,0,Yes,No,Yes,No,No,Yes
CUST-03953,53,67.06,3750.29,Month-to-month,No,Mailed check,0,No,No,Yes,No,Yes,No
CUST-03954,34,40.92,1391.92,Month-to-month,Fiber optic,Electronic check,0,Yes,Yes,No,Yes,Yes,No
CUST-03955,43,105.78,4530.84,One year,DSL,Electronic check,1,Yes,No,No,No,Yes,No
CUST-03956,68,41.07,2732.74,Month-to-month,Fiber optic,Mailed check,0,No,No,Yes,No,No,Yes
CUST-03957,38,28.75,1054.15,One year,DSL,Bank transfer,0,No,Yes,No,Yes,Yes,No
CUST-03958,53,73.33,3840.05,Month-to-month,No,Bank transfer,0,Yes,Yes,No,Yes,No,No
CUST-03959,8,59.66,446.2,Two year,DSL,Credit card,0,No,No,Yes,No,No,No
CUST-03960,16,32.38,496.96,Month-to-month,Fiber optic,Credit card,0,No,No,Yes,Yes,Yes,No
CUST-03961,69,83.15,5704.83,Two year,Fiber optic,Mailed check,0,No,Yes,No,Yes,No,No
CUST-03962,62,20.21,1139.23,One year,DSL,Credit card,0,No,No,No,No,Yes,No
CUST-03963,48,44.09,2111.22,Month-to-month,Fiber optic,Bank transfer,0,No,No,No,No,Yes,Yes
CUST-03964,28,55.62,1577.24,Two year,DSL,Credit card,0,No,No,No,No,No,No
CUST-03965,15,90.06,1421.47,Month-to-month,Fiber optic,Electronic check,0,Yes,No,Yes,Yes,No,Yes
CUST-03966,62,102.39,6449.69,Month-to-month,DSL,Bank transfer,0,No,No,Yes,No,Yes,No
CUST-03967,57,97.57,5522.21,Two year,Fiber optic,Bank transfer,1,Yes,No,No,Yes,Yes,No
CUST-03968,18,66.17,1218.2,Two year,No,Electronic check,0,Yes,Yes,No,No,Yes,No
CUST-03969,43,20.0,927.4,One year,DSL,Bank transfer,1,Yes,Yes,No,No,No,No
CUST-03970,45,79.77,3527.16,Two year,Fiber optic,Bank transfer,0,No,Yes,No,No,No,No
CUST-03971,35,106.76,3751.33,Month-to-month,No,Electronic check,0,Yes,Yes,Yes,Yes,No,Yes
CUST-03972,67,100.84,6782.96,Month-to-month,DSL,Credit card,0,No,No,No,No,No,No
CUST-03973,9,81.57,547.57,Month-to-month,No,Credit card,0,No,Yes,No,No,Yes,No
CUST-03974,19,40.26,757.58,Month-to-month,DSL,Mailed check,0,Yes,No,No,Yes,Yes,Yes
CUST-03975,7,56.87,405.11,One year,Fiber optic,Electronic check,0,Yes,No,No,No,No,Yes
CUST-03976,50,118.35,5841.8,Month-to-month,Fiber optic,Electronic check,0,Yes,Yes,No,No,No,Yes
CUST-03977,47,34.58,1712.06,One year,No,Electronic check,0,No,No,Yes,Yes,Yes,No
CUST-03978,72,41.3,3141.36,Month-to-month,DSL,Electronic check,0,Yes,Yes,Yes,No,Yes,No
CUST-03979,40,93.56,3771.77,Month-to-month,Fiber optic,Mailed check,0,No,No,Yes,Yes,No,Yes
CUST-03980,11,59.22,529.34,One year,Fiber optic,Bank transfer,0,No,Yes,No,No,Yes,Yes
CUST-03981,33,40.46,1308.68,Month-to-month,Fiber optic,Bank transfer,0,Yes,No,No,No,No,Yes
CUST-03982,7,108.2,662.13,One year,Fiber optic,Bank transfer,1,No,No,Yes,Yes,Yes,No
CUST-03983,49,81.53,4191.88,One year,Fiber optic,Bank transfer,0,Yes,No,No,Yes,No,No
CUST-03984,49,60.45,2904.15,One year,Fiber optic,Electronic check,0,Yes,Yes,No,No,Yes,No
CUST-03985,62,41.36,2576.9,Two year,DSL,Credit card,1,No,No,Yes,Yes,Yes,No
CUST-03986,25,121.19,3134.72,Two year,DSL,Electronic check,0,Yes,No,Yes,No,Yes,No
CUST-03987,23,69.39,1507.78,Month-to-month,DSL,Mailed check,0,Yes,No,No,No,No,No
CUST-03988,6,104.93,553.04,One year,DSL,Bank transfer,0,Yes,No,Yes,No,No,Yes
CUST-03989,30,92.34,2888.38,Month-to-month,Fiber optic,Electronic check,0,No,No,No,No,Yes,Yes
CUST-03990,35,56.98,2109.21,Month-to-month,Fiber optic,Mailed check,0,No,No,Yes,Yes,Yes,No
CUST-03991,55,57.18,3044.57,One year,Fiber optic,Credit card,0,Yes,No,No,Yes,No,No
CUST-03992,55,106.16,5734.0,One year,DSL,Electronic check,0,Yes,No,Yes,Yes,Yes,No
CUST-03993,11,106.56,1225.85,Two year,No,Bank transfer,0,No,No,No,No,Yes,No
CUST-03994,21,23.08,537.45,One year,DSL,Bank transfer,1,Yes,No,No,No,Yes,No
CUST-03995,37,83.74,3038.27,One year,DSL,Electronic check,0,Yes,No,No,No,No,No
CUST-03996,25,66.97,1698.51,One year,Fiber optic,Electronic check,0,No,No,No,No,Yes,No
CUST-03997,2,44.17,0.0,Month-to-month,DSL,Electronic check,0,No,No,No,No,Yes,Yes
CUST-03998,61,76.54,4717.05,Month-to-month,Fiber optic,Electronic check,0,Yes,No,No,No,Yes,No
CUST-03999,53,36.26,1943.0,Month-to-month,Fiber optic,Bank transfer,0,Yes,Yes,No,Yes,Yes,Yes
CUST-04000,38,58.34,2048.59,One year,Fiber optic,Mailed check,0,Yes,No,No,Yes,Yes,No
CUST-04001,23,50.04,1111.02,Month-to-month,DSL,Bank transfer,0,No,No,Yes,No,Yes,Yes
CUST-04002,61,57.51,3472.76,Month-to-month,DSL,Mailed check,0,Yes,No,No,Yes,Yes,No
CUST-04003,3,68.21,264.17,Month-to-month,Fiber optic,Mailed check,0,No,No,No,Yes,Yes,No
CUST-04004,33,44.61,1365.93,One year,Fiber optic,Electronic check,0,Yes,No,No,No,No,No
CUST-04005,58,109.33,6448.64,Month-to-month,Fiber optic,Credit card,0,Yes,Yes,No,No,No,No
CUST-04006,69,82.33,5683.03,Month-to-month,DSL,Electronic check,0,No,No,Yes,No,Yes,No
CUST-04007,19,114.86,2283.95,Month-to-month,Fiber optic,Credit card,0,No,Yes,Yes,Yes,Yes,Yes
CUST-04008,47,66.0,2961.72,Month-to-month,DSL,Electronic check,1,No,Yes,No,No,Yes,Yes
CUST-04009,14,56.28,812.32,Month-to-month,Fiber optic,Credit card,0,Yes,No,No,No,No,Yes
CUST-04010,9,113.96,1039.7,Two year,No,Bank transfer,0,Yes,No,No,Yes,Yes,No
CUST-04011,26,55.55,1461.68,Month-to-month,DSL,Credit card,0,Yes,No,No,No,Yes,No
CUST-04012,64,65.54,4226.53,Month-to-month,DSL,Credit card,0,Yes,Yes,No,Yes,No,No
CUST-04013,50,88.0,4424.59,One year,Fiber optic,Mailed check,0,Yes,Yes,No,No,Yes,No
CUST-04014,36,39.06,1181.5,One year,No,Electronic check,0,No,No,No,No,Yes,Yes
CUST-04015,21,87.78,2006.99,Month-to-month,Fiber optic,Bank transfer,0,No,Yes,No,No,No,No
CUST-04016,11,84.58,864.63,Month-to-month,Fiber optic,Bank transfer,1,No,Yes,No,No,Yes,No
CUST-04017,20,101.73,1974.96,Two year,Fiber optic,Credit card,0,No,No,No,Yes,Yes,No
CUST-04018,11,92.25,1020.41,Two year,DSL,Electronic check,0,No,No,No,No,Yes,No
CUST-04019,14,102.5,1482.3,Month-to-month,No,Credit card,0,Yes,Yes,Yes,No,No,No
CUST-04020,50,67.24,3229.67,One year,Fiber optic,Credit card,0,No,No,No,Yes,No,No
CUST-04021,10,48.43,334.54,Month-to-month,No,Bank transfer,0,Yes,No,No,Yes,Yes,Yes
CUST-04022,4,122.75,638.27,Month-to-month,No,Mailed check,0,Yes,Yes,No,Yes,No,Yes
CUST-04023,40,31.83,1238.42,Month-to-month,No,Electronic check,1,Yes,Yes,No,Yes,Yes,Yes
CUST-04024,21,34.34,750.69,One year,DSL,Electronic check,0,Yes,Yes,No,No,Yes,No
CUST-04025,33,84.13,2674.33,Month-to-month,No,Credit card,0,No,No,No,No,No,Yes
CUST-04026,11,110.62,1377.86,Month-to-month,DSL,Mailed check,0,Yes,No,No,No,Yes,Yes
CUST-04027,16,74.74,1279.01,Month-to-month,Fiber optic,Mailed check,0,No,No,No,No,Yes,Yes
CUST-04028,32,94.98,2983.37,Month-to-month,Fiber optic,Electronic check,0,No,No,No,No,Yes,No
CUST-04029,50,20.1,1158.49,Month-to-month,DSL,Mailed check,0,No,No,No,Yes,No,No
CUST-04030,30,57.51,1791.91,Month-to-month,Fiber optic,Electronic check,0,Yes,Yes,No,No,Yes,Yes
CUST-04031,40,23.15,1007.18,One year,Fiber optic,Credit card,0,No,No,No,No,Yes,No
CUST-04032,38,89.51,3489.87,Month-to-month,DSL,Mailed check,0,Yes,No,Yes,No,Yes,Yes
CUST-04033,20,31.32,589.14,Month-to-month,Fiber optic,Mailed check,0,Yes,No,No,Yes,No,No
CUST-04034,21,38.05,979.49,One year,DSL,Bank transfer,1,Yes,Yes,No,No,Yes,Yes
CUST-04035,31,82.85,2743.73,Month-to-month,Fiber optic,Bank transfer,1,Yes,No,Yes,No,No,Yes
CUST-04036,3,96.55,468.83,Month-to-month,Fiber optic,Electronic check,0,Yes,No,No,Yes,Yes,Yes
CUST-04037,50,66.03,3070.15,Two year,Fiber optic,Electronic check,0,Yes,Yes,Yes,Yes,Yes,No
CUST-04038,45,84.25,3795.26,One year,Fiber optic,Mailed check,1,Yes,No,No,Yes,Yes,No
CUST-04039,23,83.44,1955.6,Month-to-month,Fiber optic,Bank transfer,1,No,No,Yes,Yes,No,No
CUST-04040,27,64.61,1713.06,Month-to-month,DSL,Credit card,0,No,No,No,Yes,No,No
CUST-04041,24,42.63,1024.4,Month-to-month,Fiber optic,Credit card,0,No,No,No,No,No,No
CUST-04042,47,84.12,3950.91,Month-to-month,Fiber optic,Mailed check,0,Yes,No,No,No,No,Yes
CUST-04043,55,85.33,4827.8,Two year,DSL,Credit card,0,No,No,No,No,No,No
CUST-04044,8,92.35,859.87,One year,No,Electronic check,0,No,Yes,Yes,Yes,No,Yes
CUST-04045,30,77.8,2369.17,Month-to-month,DSL,Electronic check,0,Yes,No,No,Yes,Yes,Yes
CUST-04046,1,40.79,85.33,Month-to-month,No,Bank transfer,0,Yes,Yes,Yes,No,Yes,Yes
CUST-04047,33,87.26,2882.81,Month-to-month,DSL,Electronic check,0,Yes,No,No,Yes,Yes,No
CUST-04048,18,69.97,1460.75,Month-to-month,Fiber optic,Electronic check,0,Yes,No,Yes,No,Yes,Yes
CUST-04049,25,57.93,1486.64,Month-to-month,DSL,Credit card,0,No,Yes,No,No,No,Yes
CUST-04050,33,62.63,2242.06,Month-to-month,No,Credit card,0,Yes,No,No,Yes,Yes,No
CUST-04051,24,52.74,1363.7,Two year,Fiber optic,Bank transfer,0,Yes,No,Yes,Yes,No,No
CUST-04052,29,92.22,2734.14,One year,DSL,Electronic check,0,No,No,No,No,Yes,Yes
CUST-04053,56,34.55,1783.44,Two year,DSL,Electronic check,0,No,No,Yes,Yes,Yes,No
CUST-04054,59,45.16,2788.51,Two year,Fiber optic,Electronic check,1,No,Yes,Yes,No,No,No
CUST-04055,1,61.78,0.0,Two year,DSL,Mailed check,1,Yes,Yes,Yes,Yes,No,No
CUST-04056,28,110.34,3071.26,Two year,DSL,Credit card,0,No,Yes,Yes,Yes,Yes,No
CUST-04057,61,96.36,5741.86,Month-to-month,No,Bank transfer,1,Yes,No,No,Yes,No,No
CUST-04058,39,28.98,1228.72,Month-to-month,Fiber optic,Credit card,0,No,No,No,No,Yes,No
CUST-04059,15,103.78,1516.63,Month-to-month,DSL,Credit card,0,No,No,Yes,No,Yes,No
CUST-04060,43,103.74,4526.91,One year,Fiber optic,Bank transfer,0,No,No,No,No,No,No
CUST-04061,11,40.65,238.08,One year,DSL,Electronic check,1,Yes,No,No,No,No,Yes
CUST-04062,2,20.0,130.43,Month-to-month,Fiber optic,Electronic check,0,No,No,No,No,Yes,Yes
CUST-04063,46,68.19,3221.37,Two year,DSL,Mailed check,1,Yes,No,No,No,Yes,No
CUST-04064,38,98.06,3624.51,One year,Fiber optic,Bank transfer,0,No,Yes,Yes,No,No,No
CUST-04065,55,109.78,5984.21,One year,DSL,Credit card,1,No,No,Yes,Yes,Yes,No
CUST-04066,25,48.23,1340.49,Month-to-month,No,Credit card,0,Yes,No,No,No,Yes,Yes
CUST-04067,62,113.8,7084.05,Month-to-month,DSL,Credit card,0,Yes,No,No,No,Yes,Yes
CUST-04068,31,20.0,705.97,Month-to-month,Fiber optic,Mailed check,1,No,No,Yes,No,No,Yes
CUST-04069,54,60.8,3107.18,Month-to-month,Fiber optic,Credit card,0,Yes,Yes,No,Yes,Yes,No
CUST-04070,8,59.57,460.93,One year,Fiber optic,Credit card,0,Yes,No,Yes,No,Yes,Yes
CUST-04071,7,98.81,795.43,Month-to-month,DSL,Electronic check,0,No,No,No,No,No,Yes
CUST-04072,57,102.46,5768.08,Month-to-month,No,Bank transfer,1,No,No,Yes,No,No,No
CUST-04073,61,93.86,5661.25,Month-to-month,No,Mailed check,0,No,No,No,Yes,Yes,No
CUST-04074,68,36.24,2464.04,One year,DSL,Credit card,0,No,No,No,Yes,Yes,No
CUST-04075,24,91.57,2121.86,Month-to-month,DSL,Credit card,0,No,Yes,Yes,Yes,No,Yes
CUST-04076,2,82.73,308.96,Two year,No,Electronic check,0,Yes,Yes,No,Yes,Yes,No
CUST-04077,71,28.22,2076.95,Month-to-month,Fiber optic,Bank transfer,0,Yes,No,No,Yes,No,No
CUST-04078,44,20.0,880.76,Two year,Fiber optic,Credit card,0,No,No,No,No,Yes,No
CUST-04079,18,95.95,1938.98,Month-to-month,Fiber optic,Bank transfer,1,No,No,No,No,No,Yes
CUST-04080,55,65.5,3592.04,Month-to-month,DSL,Credit card,0,No,No,Yes,No,Yes,No
CUST-04081,66,37.87,2551.22,Two year,DSL,Bank transfer,1,No,No,No,Yes,Yes,No
CUST-04082,21,64.8,1270.85,One year,Fiber optic,Credit card,0,No,No,Yes,Yes,No,No
CUST-04083,56,79.1,4427.61,One year,Fiber optic,Credit card,0,Yes,Yes,No,No,No,No
CUST-04084,57,67.93,3943.34,One year,Fiber optic,Credit card,1,No,No,No,No,Yes,No
CUST-04085,37,31.2,1222.45,Month-to-month,Fiber optic,Electronic check,0,Yes,No,No,No,Yes,No
CUST-04086,46,117.14,5299.83,One year,Fiber optic,Credit card,0,No,Yes,No,No,Yes,No
CUST-04087,20,95.11,1773.88,Month-to-month,Fiber optic,Mailed check,1,Yes,Yes,No,Yes,No,Yes
CUST-04088,67,61.62,4138.0,One year,DSL,Bank transfer,0,Yes,No,No,No,Yes,No
CUST-04089,71,62.62,4487.44,Two year,Fiber optic,Bank transfer,0,Yes,Yes,Yes,No,No,No
CUST-04090,71,78.99,5412.79,Two year,DSL,Bank transfer,0,No,No,No,No,No,No
CUST-04091,54,41.76,2472.65,One year,DSL,Electronic check,0,No,Yes,Yes,Yes,No,No
CUST-04092,4,78.07,345.19,One year,DSL,Credit card,0,No,Yes,No,No,Yes,No
CUST-04093,27,36.73,790.73,Month-to-month,No,Bank transfer,0,No,No,No,No,No,No
CUST-04094,33,68.24,2295.54,Month-to-month,Fiber optic,Bank transfer,0,Yes,No,No,No,No,Yes
CUST-04095,70,40.79,2695.41,Two year,DSL,Bank transfer,0,Yes,No,No,Yes,No,No
CUST-04096,40,42.05,1580.73,One year,Fiber optic,Bank transfer,0,Yes,Yes,No,No,Yes,No
CUST-04097,39,111.14,4382.39,Month-to-month,Fiber optic,Mailed check,0,Yes,No,Yes,Yes,Yes,No
CUST-04098,11,71.48,661.75,One year,Fiber optic,Bank transfer,0,No,No,No,No,No,No
CUST-04099,58,75.19,4266.96,Month-to-month,DSL,Mailed check,1,No,No,No,No,No,No
CUST-04100,25,20.0,586.54,Two year,DSL,Credit card,1,Yes,No,No,Yes,Yes,No
CUST-04101,7,55.07,375.66,Two year,DSL,Electronic check,0,No,Yes,No,Yes,No,No
CUST-04102,72,81.53,5826.11,Month-to-month,Fiber optic,Electronic check,0,No,No,Yes,Yes,No,No
CUST-04103,14,74.85,1032.0,Month-to-month,DSL,Bank transfer,0,Yes,No,No,No,Yes,No
CUST-04104,2,20.0,211.28,One year,Fiber optic,Bank transfer,1,No,No,Yes,No,Yes,Yes
CUST-04105,6,75.18,536.51,Month-to-month,No,Bank transfer,0,Yes,No,No,Yes,No,No
CUST-04106,33,79.16,2475.06,Two year,DSL,Bank transfer,0,Yes,Yes,No,No,No,No
CUST-04107,8,102.09,967.92,Month-to-month,DSL,Electronic check,0,Yes,No,No,Yes,No,No
CUST-04108,61,53.62,3229.22,Month-to-month,No,Credit card,0,Yes,No,No,No,Yes,No
CUST-04109,37,20.0,732.28,Month-to-month,Fiber optic,Credit card,1,Yes,No,No,Yes,No,Yes
CUST-04110,24,45.08,985.63,One year,Fiber optic,Electronic check,0,Yes,No,Yes,No,No,No
CUST-04111,1,42.57,0.0,One year,No,Electronic check,0,Yes,No,No,Yes,No,No
CUST-04112,35,88.42,3114.81,Two year,Fiber optic,Bank transfer,0,No,Yes,Yes,No,Yes,No
CUST-04113,11,20.0,227.87,Two year,Fiber optic,Mailed check,1,Yes,Yes,No,No,No,No
CUST-04114,71,58.79,4347.55,One year,Fiber optic,Electronic check,0,Yes,No,Yes,No,Yes,No
CUST-04115,21,105.64,2105.47,Month-to-month,No,Electronic check,0,No,Yes,Yes,No,No,Yes
CUST-04116,35,70.18,2441.9,Month-to-month,Fiber optic,Bank transfer,1,No,No,No,No,No,Yes
CUST-04117,2,92.41,0.0,Two year,DSL,Mailed check,1,No,No,No,No,No,Yes
CUST-04118,10,28.96,232.64,Month-to-month,Fiber optic,Credit card,0,No,Yes,No,Yes,Yes,No
CUST-04119,15,29.95,553.51,Two year,DSL,Mailed check,0,No,Yes,Yes,Yes,Yes,No
CUST-04120,4,105.93,574.76,Two year,Fiber optic,Bank transfer,1,Yes,No,No,No,No,No
CUST-04121,53,72.53,4003.55,One year,DSL,Mailed check,1,No,No,No,Yes,Yes,No
CUST-04122,69,72.58,4970.26,One year,Fiber optic,Bank transfer,0,Yes,No,No,No,Yes,No
CUST-04123,71,42.05,2954.33,Two year,Fiber optic,Bank transfer,0,No,No,Yes,Yes,Yes,No
CUST-04124,20,72.52,1353.69,One year,Fiber optic,Mailed check,0,Yes,No,No,No,No,Yes
CUST-04125,57,41.35,2337.69,One year,Fiber optic,Credit card,0,No,No,No,Yes,Yes,No
CUST-04126,37,99.67,3805.92,Month-to-month,DSL,Bank transfer,0,No,No,No,No,No,Yes
CUST-04127,4,130.0,603.34,Month-to-month,DSL,Electronic check,0,Yes,Yes,No,No,Yes,Yes
CUST-04128,7,82.1,523.99,Month-to-month,Fiber optic,Credit card,0,Yes,No,No,Yes,No,Yes
CUST-04129,40,54.13,2132.69,Two year,Fiber optic,Mailed check,0,Yes,Yes,No,No,Yes,No
CUST-04130,31,20.0,591.29,One year,No,Bank transfer,1,Yes,Yes,No,Yes,Yes,No
CUST-04131,1,27.89,0.0,One year,Fiber optic,Mailed check,0,Yes,Yes,No,No,No,No
CUST-04132,67,108.87,7317.73,Month-to-month,Fiber optic,Electronic check,0,No,Yes,No,No,No,No
CUST-04133,53,44.27,2420.37,Two year,No,Bank transfer,1,Yes,No,Yes,Yes,Yes,No
CUST-04134,37,60.73,2477.16,Month-to-month,Fiber optic,Bank transfer,0,Yes,No,Yes,Yes,Yes,Yes
CUST-04135,72,86.38,6220.79,One year,DSL,Bank transfer,0,Yes,Yes,No,No,Yes,No
CUST-04136,70,107.06,7563.55,Month-to-month,Fiber optic,Bank transfer,0,Yes,No,No,Yes,Yes,No
CUST-04137,71,65.01,4514.72,Two year,No,Bank transfer,0,Yes,No,No,Yes,Yes,No
CUST-04138,19,59.88,1148.45,One year,Fiber optic,Bank transfer,0,No,Yes,No,Yes,Yes,No
CUST-04139,64,71.79,4579.04,Month-to-month,DSL,Electronic check,1,Yes,No,Yes,Yes,No,Yes
CUST-04140,37,54.31,2076.06,Month-to-month,Fiber optic,Bank transfer,1,No,Yes,Yes,No,No,No
CUST-04141,53,55.65,2998.7,Month-to-month,DSL,Credit card,0,No,No,No,Yes,Yes,No
CUST-04142,62,80.3,5047.31,Month-to-month,Fiber optic,Credit card,0,No,Yes,No,No,No,No
CUST-04143,12,74.63,881.75,Month-to-month,No,Electronic check,0,Yes,No,No,No,Yes,Yes
CUST-04144,33,123.29,4034.28,Month-to-month,No,Credit card,1,Yes,Yes,No,No,No,Yes
CUST-04145,10,80.97,689.48,Month-to-month,Fiber optic,Electronic check,0,Yes,Yes,Yes,Yes,Yes,Yes
CUST-04146,21,98.78,2095.19,Month-to-month,No,Electronic check,0,Yes,No,Yes,No,Yes,Yes
CUST-04147,30,43.22,1286.65,One year,Fiber optic,Electronic check,0,No,No,Yes,Yes,No,Yes
CUST-04148,62,83.13,5290.77,Month-to-month,No,Bank transfer,1,No,No,Yes,No,Yes,Yes
CUST-04149,63,51.93,3255.05,Month-to-month,No,Electronic check,0,No,Yes,No,No,Yes,No
CUST-04150,29,79.89,2262.75,Two year,No,Bank transfer,0,No,No,No,Yes,Yes,No
CUST-04151,24,87.21,2150.05,Month-to-month,DSL,Mailed check,0,Yes,No,No,No,No,No
CUST-04152,39,71.25,2641.38,One year,DSL,Credit card,0,Yes,No,Yes,No,No,No
CUST-04153,66,130.0,8608.94,Two year,DSL,Electronic check,0,Yes,Yes,No,No,No,No
CUST-04154,71,105.7,7442.43,One year,Fiber optic,Mailed check,0,No,No,Yes,No,Yes,No
CUST-04155,17,99.43,1568.82,Month-to-month,No,Bank transfer,0,No,No,Yes,No,Yes,No
CUST-04156,14,89.11,1260.68,Month-to-month,No,Electronic check,0,Yes,No,Yes,No,Yes,No
CUST-04157,51,114.08,5579.44,Two year,No,Mailed check,0,No,Yes,No,No,Yes,No
CUST-04158,22,34.08,807.22,Two year,Fiber optic,Bank transfer,0,No,Yes,No,Yes,Yes,Yes
CUST-04159,15,104.26,1572.57,Month-to-month,Fiber optic,Bank transfer,0,No,No,No,Yes,Yes,Yes
CUST-04160,3,45.22,75.56,One year,Fiber optic,Mailed check,0,Yes,No,No,Yes,No,No
CUST-04161,30,55.89,1771.47,Two year,Fiber optic,Electronic check,0,No,No,No,Yes,No,No
CUST-04162,29,84.03,2487.92,Two year,DSL,Mailed check,0,No,No,Yes,No,Yes,Yes
CUST-04163,41,100.83,4006.88,Month-to-month,Fiber optic,Electronic check,0,Yes,Yes,No,Yes,No,No
CUST-04164,15,41.16,676.66,Month-to-month,Fiber optic,Credit card,0,Yes,No,No,No,No,No
CUST-04165,52,57.19,3024.64,Month-to-month,DSL,Bank transfer,0,Yes,Yes,Yes,Yes,Yes,No
CUST-04166,49,72.44,3505.2,Month-to-month,Fiber optic,Mailed check,0,Yes,No,No,No,Yes,No
CUST-04167,34,65.34,2199.35,One year,Fiber optic,Mailed check,0,No,No,No,No,No,No
CUST-04168,14,91.35,1443.0,Month-to-month,Fiber optic,Electronic check,1,No,No,No,No,No,Yes
CUST-04169,37,130.0,4851.14,Month-to-month,Fiber optic,Mailed check,0,No,No,No,No,Yes,No
CUST-04170,49,80.48,3820.55,Month-to-month,DSL,Electronic check,0,Yes,No,Yes,No,Yes,No
CUST-04171,27,51.62,1406.56,Two year,Fiber optic,Bank transfer,0,No,No,No,No,Yes,No
CUST-04172,19,37.59,561.49,Two year,DSL,Electronic check,0,Yes,No,No,No,No,No
CUST-04173,37,61.87,2340.87,Two year,Fiber optic,Electronic check,0,Yes,No,No,Yes,No,No
CUST-04174,26,46.49,1152.81,Two year,Fiber optic,Electronic check,0,No,No,No,No,Yes,No
CUST-04175,29,81.69,2322.67,Two year,Fiber optic,Electronic check,1,No,No,Yes,No,No,No
CUST-04176,26,81.3,2021.68,Month-to-month,No,Mailed check,0,No,No,Yes,No,No,No
CUST-04177,22,58.42,1252.54,Month-to-month,DSL,Electronic check,0,Yes,No,No,Yes,No,Yes
CUST-04178,52,119.62,6244.3,Two year,Fiber optic,Electronic check,0,No,No,Yes,Yes,No,Yes
CUST-04179,34,51.61,1690.76,One year,No,Electronic check,0,Yes,No,No,Yes,No,No
CUST-04180,34,67.01,2203.45,Month-to-month,No,Bank transfer,0,No,No,No,No,No,No
CUST-04181,48,85.98,4135.19,Two year,DSL,Electronic check,0,Yes,No,No,Yes,Yes,No
CUST-04182,27,92.3,2461.55,Month-to-month,DSL,Mailed check,0,Yes,No,No,No,Yes,Yes
CUST-04183,8,101.94,791.52,Two year,Fiber optic,Mailed check,1,No,No,No,Yes,Yes,Yes
CUST-04184,62,80.71,4935.99,One year,No,Bank transfer,0,Yes,No,No,Yes,No,No
CUST-04185,5,96.27,386.62,Month-to-month,DSL,Electronic check,0,No,No,Yes,Yes,Yes,Yes
CUST-04186,42,53.37,2228.95,Two year,Fiber optic,Credit card,0,Yes,No,Yes,No,No,No
CUST-04187,20,92.95,1931.45,One year,No,Electronic check,1,No,Yes,Yes,Yes,No,No
CUST-04188,16,92.62,1474.77,One year,Fiber optic,Credit card,0,No,No,Yes,Yes,Yes,No
CUST-04189,4,107.82,401.11,One year,Fiber optic,Mailed check,0,Yes,Yes,No,Yes,Yes,Yes
CUST-04190,65,28.29,1695.96,Month-to-month,No,Mailed check,1,Yes,Yes,No,No,Yes,Yes
CUST-04191,31,47.32,1419.38,Month-to-month,Fiber optic,Electronic check,0,No,No,No,Yes,Yes,Yes
CUST-04192,25,90.58,2210.84,Month-to-month,DSL,Mailed check,0,Yes,No,No,Yes,No,No
CUST-04193,54,20.0,1088.57,Month-to-month,DSL,Credit card,0,Yes,No,No,Yes,Yes,Yes
CUST-04194,3,82.3,251.53,Month-to-month,Fiber optic,Bank transfer,0,Yes,No,No,Yes,Yes,Yes
CUST-04195,41,96.5,4188.99,Month-to-month,DSL,Bank transfer,0,Yes,No,No,Yes,No,No
CUST-04196,36,55.59,1965.21,Month-to-month,DSL,Mailed check,0,Yes,No,Yes,No,Yes,Yes
CUST-04197,40,59.25,2450.23,One year,DSL,Credit card,1,Yes,No,No,No,Yes,No
CUST-04198,9,43.15,471.63,Month-to-month,Fiber optic,Credit card,0,Yes,Yes,No,No,No,Yes
CUST-04199,69,56.96,3993.09,Month-to-month,Fiber optic,Mailed check,0,No,Yes,No,Yes,Yes,Yes
CUST-04200,18,57.69,1039.04,Two year,Fiber optic,Bank transfer,0,Yes,Yes,No,No,No,Yes
CUST-04201,49,52.93,2846.6,Two year,Fiber optic,Mailed check,0,Yes,No,No,Yes,Yes,No
CUST-04202,54,51.56,2699.31,Two year,No,Electronic check,1,No,No,Yes,No,Yes,No
CUST-04203,25,63.22,1629.14,Month-to-month,Fiber optic,Bank transfer,0,No,No,Yes,No,Yes,Yes
CUST-04204,10,62.92,701.78,One year,Fiber optic,Mailed check,0,Yes,No,No,No,Yes,No
CUST-04205,22,116.85,2406.37,Month-to-month,DSL,Electronic check,0,Yes,No,No,No,Yes,Yes
CUST-04206,59,60.15,3407.47,One year,Fiber optic,Credit card,0,Yes,No,Yes,Yes,Yes,No
CUST-04207,66,78.6,5311.36,Two year,DSL,Bank transfer,0,No,Yes,Yes,No,No,No
CUST-04208,68,55.58,3809.38,Month-to-month,Fiber optic,Bank transfer,0,No,No,No,No,Yes,No
CUST-04209,17,55.26,824.6,Two year,No,Credit card,0,Yes,No,No,No,No,No
CUST-04210,44,27.39,1326.73,One year,DSL,Bank transfer,0,Yes,Yes,No,No,Yes,No
CUST-04211,11,30.72,320.09,Month-to-month,DSL,Credit card,0,No,Yes,Yes,No,No,No
CUST-04212,52,39.83,2165.12,Month-to-month,Fiber optic,Bank transfer,0,No,No,No,No,Yes,Yes
CUST-04213,30,74.59,2407.44,Two year,No,Electronic check,1,Yes,No,No,No,Yes,Yes
CUST-04214,52,96.9,5019.73,Month-to-month,Fiber optic,Mailed check,0,No,Yes,Yes,Yes,Yes,Yes
CUST-04215,50,25.33,1073.27,Month-to-month,DSL,Bank transfer,0,No,No,No,No,Yes,Yes
CUST-04216,72,56.27,3974.09,Month-to-month,Fiber optic,Mailed check,0,No,No,Yes,No,Yes,No
CUST-04217,36,35.83,1089.12,Two year,Fiber optic,Mailed check,0,No,Yes,No,Yes,Yes,No
CUST-04218,25,63.39,1494.05,Month-to-month,Fiber optic,Bank transfer,0,No,No,No,No,No,No
CUST-04219,38,96.89,3820.04,Two year,Fiber optic,Mailed check,0,No,No,No,No,Yes,No
CUST-04220,12,58.83,632.47,One year,Fiber optic,Electronic check,0,No,Yes,No,No,No,No
CUST-04221,9,68.81,507.91,Month-to-month,DSL,Bank transfer,0,No,No,Yes,No,Yes,Yes
CUST-04222,38,106.38,4197.19,Month-to-month,No,Bank transfer,0,No,No,No,No,Yes,Yes
CUST-04223,60,81.45,4866.92,One year,DSL,Credit card,0,No,Yes,No,No,No,No
CUST-04224,39,51.0,2011.2,Month-to-month,DSL,Electronic check,0,Yes,No,No,No,No,No
CUST-04225,57,73.97,4106.63,Month-to-month,Fiber optic,Mailed check,1,Yes,Yes,Yes,Yes,No,No
CUST-04226,13,49.31,763.37,Month-to-month,Fiber optic,Credit card,0,Yes,No,No,Yes,Yes,Yes
CUST-04227,33,80.51,2659.94,Two year,Fiber optic,Mailed check,1,Yes,No,No,No,No,Yes
CUST-04228,45,82.88,3807.63,One year,DSL,Bank transfer,0,No,No,No,No,Yes,No
CUST-04229,26,35.82,785.31,Month-to-month,DSL,Mailed check,0,No,Yes,No,Yes,No,No
CUST-04230,2,74.38,277.45,Month-to-month,DSL,Electronic check,0,Yes,No,No,No,Yes,No
CUST-04231,6,67.06,433.63,Month-to-month,Fiber optic,Bank transfer,0,No,No,No,No,Yes,Yes
CUST-04232,67,83.62,5528.11,One year,DSL,Credit card,1,Yes,No,No,Yes,No,No
CUST-04233,44,90.78,3951.06,Month-to-month,No,Credit card,0,No,Yes,No,No,No,No
CUST-04234,20,81.94,1584.67,Two year,Fiber optic,Bank transfer,0,No,Yes,No,No,Yes,No
CUST-04235,19,62.42,1210.51,Two year,Fiber optic,Mailed check,0,Yes,Yes,No,No,Yes,No
CUST-04236,3,93.33,290.83,Month-to-month,No,Bank transfer,0,No,Yes,No,No,Yes,Yes
CUST-04237,69,48.17,3482.1,Two year,Fiber optic,Electronic check,0,Yes,No,No,No,No,No
CUST-04238,8,36.99,91.67,One year,Fiber optic,Mailed check,0,Yes,Yes,No,No,Yes,No
CUST-04239,55,20.0,1159.46,One year,No,Electronic check,0,Yes,No,No,No,No,No
CUST-04240,18,68.25,1065.43,Month-to-month,Fiber optic,Bank transfer,0,Yes,No,Yes,Yes,Yes,No
CUST-04241,25,49.46,1487.67,Two year,DSL,Bank transfer,0,No,Yes,No,No,No,No
CUST-04242,20,79.94,1747.53,Month-to-month,Fiber optic,Bank transfer,0,No,No,Yes,No,No,Yes
CUST-04243,60,20.72,1237.91,Two year,DSL,Electronic check,1,No,No,Yes,Yes,Yes,No
CUST-04244,3,53.82,202.71,Month-to-month,Fiber optic,Mailed check,0,Yes,Yes,Yes,No,No,Yes
CUST-04245,26,81.76,2131.62,Month-to-month,No,Electronic check,0,Yes,No,No,No,No,No
CUST-04246,21,44.25,866.58,Two year,Fiber optic,Bank transfer,1,Yes,Yes,Yes,No,Yes,Yes
CUST-04247,20,80.23,1530.24,Month-to-month,DSL,Bank transfer,0,Yes,No,No,Yes,No,Yes
CUST-04248,14,56.07,780.22,Month-to-month,DSL,Electronic check,0,No,Yes,No,No,No,Yes
CUST-04249,66,69.18,4298.17,Two year,Fiber optic,Bank transfer,1,Yes,No,No,No,Yes,No
CUST-04250,28,84.88,2507.06,Month-to-month,DSL,Credit card,0,Yes,No,No,No,Yes,No
CUST-04251,31,93.82,3078.43,Two year,Fiber optic,Electronic check,0,No,No,No,Yes,No,Yes
CUST-04252,28,72.31,1997.99,Two year,Fiber optic,Credit card,0,No,No,No,Yes,Yes,Yes
CUST-04253,71,49.65,3668.5,Month-to-month,Fiber optic,Mailed check,0,No,Yes,No,No,No,No
CUST-04254,25,58.55,1411.7,One year,Fiber optic,Mailed check,0,No,Yes,No,No,Yes,No
CUST-04255,25,85.92,2090.79,Two year,Fiber optic,Bank transfer,0,Yes,No,No,Yes,No,No
CUST-04256,24,44.47,1086.71,Two year,DSL,Mailed check,1,No,No,No,Yes,Yes,No
CUST-04257,24,65.55,1624.48,Month-to-month,Fiber optic,Mailed check,0,No,No,Yes,No,No,No
CUST-04258,7,60.35,337.08,One year,Fiber optic,Electronic check,0,No,Yes,No,No,No,Yes
CUST-04259,44,67.42,2999.06,One year,DSL,Electronic check,0,No,No,Yes,No,Yes,No
CUST-04260,2,44.77,117.14,Month-to-month,Fiber optic,Credit card,0,No,No,No,No,No,Yes
CUST-04261,17,23.7,176.47,One year,Fiber optic,Electronic check,0,Yes,No,Yes,No,No,Yes
CUST-04262,15,83.02,1216.72,Month-to-month,DSL,Electronic check,0,No,Yes,No,No,No,No
CUST-04263,21,94.1,1952.81,Month-to-month,Fiber optic,Credit card,0,Yes,No,No,No,Yes,Yes
CUST-04264,55,25.2,1323.76,Month-to-month,DSL,Credit card,0,No,No,No,No,No,No
CUST-04265,44,79.22,3424.14,Two year,Fiber optic,Electronic check,0,No,No,No,No,No,No
CUST-04266,72,97.08,7037.16,Month-to-month,DSL,Credit card,1,No,No,No,Yes,Yes,No
CUST-04267,26,84.9,2046.86,Month-to-month,No,Bank transfer,0,No,No,No,No,No,No
CUST-04268,67,59.58,4099.81,Month-to-month,Fiber optic,Mailed check,0,Yes,No,Yes,Yes,Yes,No
CUST-04269,4,46.41,172.19,Month-to-month,DSL,Electronic check,0,Yes,No,Yes,No,Yes,No
CUST-04270,37,72.02,2788.39,Two year,DSL,Credit card,0,No,No,No,No,Yes,No
CUST-04271,58,76.19,4355.69,Month-to-month,No,Bank transfer,0,Yes,No,No,No,No,No
CUST-04272,39,72.4,2919.98,Month-to-month,Fiber optic,Mailed check,1,No,No,No,No,No,Yes
CUST-04273,68,65.5,4508.29,Two year,Fiber optic,Mailed check,0,No,No,No,Yes,No,No
CUST-04274,23,42.93,808.54,Month-to-month,No,Mailed check,1,Yes,No,No,No,Yes,Yes
CUST-04275,3,80.57,222.94,Month-to-month,DSL,Mailed check,0,No,Yes,No,Yes,No,Yes
CUST-04276,56,81.77,4832.43,Two year,Fiber optic,Credit card,0,Yes,No,No,Yes,No,No
CUST-04277,5,75.02,459.68,One year,Fiber optic,Electronic check,0,No,Yes,No,Yes,Yes,Yes
CUST-04278,56,72.77,3964.91,Month-to-month,Fiber optic,Mailed check,0,Yes,Yes,No,No,Yes,Yes
CUST-04279,53,111.98,5887.84,One year,Fiber optic,Bank transfer,1,Yes,No,No,Yes,Yes,No
CUST-04280,61,54.39,3400.6,One year,No,Electronic check,0,No,No,No,No,Yes,No
CUST-04281,35,102.04,3605.07,One year,Fiber optic,Bank transfer,0,Yes,No,No,No,Yes,No
CUST-04282,65,51.65,3205.65,Month-to-month,No,Bank transfer,0,No,No,No,No,Yes,No
CUST-04283,13,97.72,1094.41,Two year,DSL,Bank transfer,0,Yes,No,No,Yes,Yes,No
CUST-04284,32,100.83,3297.76,One year,Fiber optic,Bank transfer,0,No,No,Yes,Yes,No,No
CUST-04285,9,62.67,535.85,One year,DSL,Mailed check,1,No,No,Yes,No,Yes,No
CUST-04286,56,111.52,6352.23,Two year,No,Bank transfer,0,No,No,No,Yes,No,No
CUST-04287,52,81.73,4283.99,Two year,DSL,Credit card,0,Yes,No,No,No,Yes,No
CUST-04288,59,48.07,2754.16,One year,Fiber optic,Mailed check,0,No,Yes,No,No,Yes,No
CUST-04289,56,60.65,3392.19,Month-to-month,DSL,Mailed check,0,No,Yes,No,No,No,Yes
CUST-04290,23,98.32,2218.66,Month-to-month,DSL,Bank transfer,0,No,Yes,No,No,No,No
CUST-04291,5,93.08,494.25,One year,DSL,Electronic check,0,No,No,No,No,Yes,Yes
CUST-04292,67,43.55,2827.9,Month-to-month,Fiber optic,Mailed check,1,No,Yes,No,No,Yes,No
CUST-04293,36,66.52,2242.8,One year,DSL,Electronic check,0,No,No,Yes,Yes,Yes,No
CUST-04294,7,75.09,509.6,One year,Fiber optic,Mailed check,0,No,No,No,Yes,No,No
CUST-04295,67,57.31,3753.96,One year,Fiber optic,Electronic check,0,No,No,No,No,No,No
CUST-04296,72,128.94,9378.53,Month-to-month,No,Electronic check,0,No,Yes,No,No,No,No
CUST-04297,33,75.84,2478.87,Two year,Fiber optic,Mailed check,0,No,Yes,No,No,No,No
CUST-04298,56,68.45,3859.59,One year,Fiber optic,Bank transfer,0,Yes,No,No,No,No,Yes
CUST-04299,3,99.77,261.61,Month-to-month,Fiber optic,Mailed check,0,No,No,No,No,No,Yes
CUST-04300,7,60.87,442.09,One year,DSL,Credit card,0,Yes,No,Yes,Yes,No,Yes
CUST-04301,20,95.19,1964.4,Month-to-month,Fiber optic,Credit card,0,No,No,No,No,No,Yes
CUST-04302,48,28.31,1382.62,One year,No,Electronic check,0,Yes,Yes,No,No,Yes,No
CUST-04303,10,58.66,422.97,Month-to-month,DSL,Bank transfer,0,No,No,No,No,No,Yes
CUST-04304,3,96.23,244.19,One year,DSL,Electronic check,0,Yes,Yes,Yes,No,Yes,No
CUST-04305,49,109.25,5557.72,Month-to-month,Fiber optic,Electronic check,0,No,Yes,No,No,No,Yes
CUST-04306,56,50.67,2874.6,Month-to-month,Fiber optic,Credit card,0,Yes,No,Yes,No,Yes,No
CUST-04307,54,47.75,2533.92,Month-to-month,DSL,Bank transfer,0,Yes,No,Yes,No,Yes,No
CUST-04308,58,84.19,4831.74,Month-to-month,No,Mailed check,0,No,No,No,No,No,No
CUST-04309,58,54.42,3296.89,Two year,DSL,Electronic check,0,No,Yes,Yes,No,No,No
CUST-04310,44,63.29,2837.39,Two year,Fiber optic,Mailed check,1,No,No,No,Yes,Yes,No
CUST-04311,38,91.91,3366.2,Month-to-month,No,Credit card,0,No,Yes,No,No,No,No
CUST-04312,62,56.4,3696.52,Month-to-month,Fiber optic,Bank transfer,1,Yes,No,No,No,Yes,No
CUST-04313,26,20.86,570.71,One year,Fiber optic,Electronic check,0,No,No,No,No,No,No
CUST-04314,8,37.47,325.67,Month-to-month,No,Mailed check,0,Yes,Yes,No,No,Yes,No
CUST-04315,55,70.25,4011.67,Month-to-month,DSL,Electronic check,0,Yes,No,No,No,Yes,No
CUST-04316,20,23.41,484.56,Month-to-month,DSL,Electronic check,0,No,Yes,No,Yes,Yes,Yes
CUST-04317,71,62.57,4485.11,One year,No,Electronic check,1,No,No,No,Yes,No,No
CUST-04318,30,35.2,903.91,Two year,Fiber optic,Credit card,0,Yes,No,No,No,No,No
CUST-04319,62,111.0,6873.0,Month-to-month,No,Electronic check,1,Yes,No,No,No,Yes,Yes
CUST-04320,4,124.13,370.25,Two year,No,Electronic check,0,No,No,No,No,No,Yes
CUST-04321,48,43.55,2038.29,Two year,Fiber optic,Credit card,1,No,No,No,No,No,Yes
CUST-04322,33,76.42,2546.79,Two year,Fiber optic,Credit card,0,Yes,No,Yes,No,No,No
CUST-04323,34,45.99,1339.51,One year,Fiber optic,Bank transfer,0,No,No,No,No,Yes,No
CUST-04324,20,62.27,1277.8,Two year,DSL,Credit card,1,Yes,No,No,No,No,No
CUST-04325,70,115.09,8139.96,One year,Fiber optic,Electronic check,0,Yes,No,No,No,No,No
CUST-04326,29,58.33,1508.43,Two year,Fiber optic,Electronic check,1,Yes,No,No,No,No,Yes
CUST-04327,62,62.85,3828.71,Month-to-month,No,Mailed check,0,No,Yes,No,No,No,Yes
CUST-04328,31,46.44,1288.11,One year,No,Credit card,0,No,No,Yes,No,No,No
CUST-04329,4,98.65,446.51,One year,No,Electronic check,0,No,Yes,Yes,No,No,Yes
CUST-04330,64,20.0,1229.74,Month-to-month,DSL,Bank transfer,0,Yes,No,Yes,No,Yes,No
CUST-04331,14,58.93,937.43,Month-to-month,Fiber optic,Electronic check,0,Yes,No,No,Yes,No,Yes
CUST-04332,20,68.85,1245.88,Month-to-month,DSL,Credit card,1,No,No,No,Yes,No,Yes
CUST-04333,62,53.47,3335.04,Month-to-month,Fiber optic,Electronic check,0,No,Yes,No,Yes,Yes,No
CUST-04334,65,91.59,5869.7,Month-to-month,No,Bank transfer,1,Yes,No,No,Yes,Yes,No
CUST-04335,67,100.05,6705.06,Month-to-month,No,Bank transfer,0,No,Yes,No,No,Yes,No
CUST-04336,31,34.7,1042.88,Month-to-month,No,Mailed check,0,Yes,No,No,No,No,No
CUST-04337,55,122.34,6798.84,One year,Fiber optic,Credit card,0,No,No,No,No,Yes,No
CUST-04338,24,34.42,854.86,Month-to-month,Fiber optic,Bank transfer,1,No,No,No,Yes,Yes,Yes
CUST-04339,54,102.22,5634.43,Month-to-month,DSL,Mailed check,0,Yes,No,No,No,No,Yes
CUST-04340,37,73.75,2718.94,Month-to-month,Fiber optic,Bank transfer,1,No,Yes,No,Yes,No,No
CUST-04341,4,57.41,138.34,Month-to-month,DSL,Mailed check,0,No,Yes,No,No,Yes,Yes
CUST-04342,31,59.77,1914.07,Month-to-month,Fiber optic,Bank transfer,0,Yes,No,No,No,No,No
CUST-04343,34,69.16,2344.09,Two year,Fiber optic,Bank transfer,0,No,No,No,No,No,No
CUST-04344,19,75.21,1402.38,Month-to-month,Fiber optic,Mailed check,0,No,No,No,Yes,Yes,Yes
CUST-04345,27,47.0,1302.92,Month-to-month,No,Bank transfer,0,Yes,No,No,No,No,Yes
CUST-04346,37,64.15,2297.75,One year,DSL,Credit card,0,Yes,No,Yes,Yes,Yes,No
CUST-04347,4,50.73,380.97,Two year,Fiber optic,Bank transfer,0,No,No,No,No,No,Yes
CUST-04348,11,39.62,540.95,Month-to-month,Fiber optic,Mailed check,0,Yes,Yes,Yes,No,Yes,Yes
CUST-04349,56,49.57,2812.32,Month-to-month,No,Mailed check,0,No,Yes,No,Yes,Yes,No
CUST-04350,26,41.25,1098.1,One year,DSL,Credit card,0,Yes,No,No,No,No,No
CUST-04351,44,59.5,2622.02,Month-to-month,Fiber optic,Credit card,0,No,No,No,No,Yes,Yes
CUST-04352,41,80.81,3261.38,Month-to-month,Fiber optic,Mailed check,0,Yes,No,No,No,Yes,No
CUST-04353,40,73.02,2971.29,Two year,DSL,Bank transfer,0,No,Yes,No,Yes,No,No
CUST-04354,30,119.36,3538.4,Two year,DSL,Electronic check,0,No,No,No,Yes,Yes,No
CUST-04355,35,20.0,864.19,One year,Fiber optic,Bank transfer,1,No,Yes,No,No,No,No
CUST-04356,60,81.73,5047.54,Month-to-month,DSL,Electronic check,0,Yes,No,No,No,Yes,No
CUST-04357,70,70.16,4933.29,One year,Fiber optic,Mailed check,0,Yes,Yes,No,No,Yes,No
CUST-04358,19,90.39,1809.96,Two year,DSL,Credit card,0,Yes,No,No,No,Yes,No
CUST-04359,49,87.91,4157.22,Two year,DSL,Electronic check,1,No,No,No,No,Yes,No
CUST-04360,70,65.88,4627.87,Month-to-month,Fiber optic,Credit card,0,Yes,No,No,No,Yes,No
CUST-04361,1,74.32,0.0,Month-to-month,DSL,Mailed check,0,No,No,No,No,No,Yes
CUST-04362,57,51.4,2940.06,Month-to-month,DSL,Mailed check,0,Yes,No,No,No,No,No
CUST-04363,36,85.34,2991.79,Two year,DSL,Mailed check,1,No,No,No,No,Yes,No
CUST-04364,70,23.03,1702.48,Month-to-month,DSL,Credit card,0,No,No,No,No,Yes,Yes
CUST-04365,42,89.42,3763.71,Month-to-month,Fiber optic,Bank transfer,0,Yes,Yes,No,No,Yes,Yes
CUST-04366,61,69.42,4197.33,Month-to-month,Fiber optic,Electronic check,0,No,Yes,No,Yes,No,No
CUST-04367,12,57.82,658.2,Month-to-month,Fiber optic,Electronic check,0,Yes,No,No,Yes,No,Yes
CUST-04368,11,64.19,486.37,Two year,DSL,Electronic check,0,No,No,No,Yes,Yes,Yes
CUST-04369,67,66.02,4511.73,Month-to-month,DSL,Electronic check,0,No,No,Yes,Yes,Yes,No
CUST-04370,38,102.43,4030.3,Month-to-month,Fiber optic,Electronic check,0,Yes,No,Yes,Yes,No,No
CUST-04371,41,130.0,5407.98,One year,DSL,Credit card,0,Yes,Yes,No,No,Yes,No
CUST-04372,13,100.5,1256.76,One year,DSL,Mailed check,0,No,Yes,No,No,No,No
CUST-04373,17,55.87,862.87,One year,DSL,Credit card,0,No,No,No,No,Yes,No
CUST-04374,59,85.74,4891.38,Two year,Fiber optic,Bank transfer,0,No,No,No,Yes,Yes,No
CUST-04375,22,86.83,1871.63,Month-to-month,Fiber optic,Electronic check,0,Yes,Yes,No,No,Yes,Yes
CUST-04376,43,46.87,1784.5,Month-to-month,DSL,Electronic check,0,No,No,No,No,No,Yes
CUST-04377,23,38.48,671.29,Month-to-month,DSL,Credit card,0,Yes,No,No,No,No,No
CUST-04378,19,68.42,1396.64,One year,Fiber optic,Electronic check,0,Yes,Yes,Yes,No,Yes,No
CUST-04379,12,90.19,1242.47,Two year,DSL,Electronic check,0,No,No,No,No,No,Yes
CUST-04380,67,29.7,1928.0,Month-to-month,Fiber optic,Mailed check,0,No,Yes,No,No,No,No
CUST-04381,68,51.98,3581.6,One year,Fiber optic,Mailed check,0,Yes,No,Yes,No,Yes,No
CUST-04382,9,84.32,709.49,One year,DSL,Electronic check,1,Yes,No,Yes,Yes,Yes,No
CUST-04383,26,71.04,1964.89,Two year,Fiber optic,Bank transfer,1,No,Yes,No,No,Yes,No
CUST-04384,41,105.41,4344.41,Month-to-month,Fiber optic,Bank transfer,0,Yes,No,No,Yes,Yes,No
CUST-04385,28,34.72,1033.68,Month-to-month,Fiber optic,Mailed check,0,No,No,No,No,Yes,Yes
CUST-04386,52,128.8,6516.11,One year,Fiber optic,Bank transfer,0,No,No,Yes,Yes,No,No
CUST-04387,19,31.55,590.09,Two year,Fiber optic,Bank transfer,0,No,No,No,No,Yes,Yes
CUST-04388,5,20.0,47.34,One year,Fiber optic,Electronic check,0,Yes,No,Yes,Yes,Yes,No
CUST-04389,25,68.53,1850.23,Two year,Fiber optic,Mailed check,0,No,No,No,No,No,No
CUST-04390,44,41.64,1777.51,Month-to-month,DSL,Electronic check,0,No,Yes,No,No,No,No
CUST-04391,14,69.03,941.54,One year,DSL,Credit card,0,No,No,Yes,Yes,Yes,No
CUST-04392,59,68.16,3835.3,Month-to-month,DSL,Bank transfer,1,No,No,No,No,No,Yes
CUST-04393,1,65.11,80.42,Month-to-month,Fiber optic,Credit card,0,No,Yes,Yes,No,No,Yes
CUST-04394,5,48.94,255.0,Month-to-month,Fiber optic,Credit card,0,Yes,No,Yes,No,Yes,Yes
CUST-04395,37,80.82,2961.27,Month-to-month,Fiber optic,Electronic check,0,Yes,No,Yes,Yes,Yes,Yes
CUST-04396,37,62.07,2423.87,Month-to-month,Fiber optic,Mailed check,0,Yes,No,No,No,Yes,Yes
CUST-04397,22,97.59,2149.01,One year,No,Credit card,0,No,Yes,Yes,No,No,No
CUST-04398,19,65.49,1181.4,Two year,Fiber optic,Bank transfer,0,Yes,Yes,No,Yes,Yes,No
CUST-04399,6,45.88,195.25,Month-to-month,Fiber optic,Bank transfer,0,No,Yes,No,No,Yes,No
CUST-04400,48,27.81,1409.67,Month-to-month,DSL,Credit card,0,Yes,No,No,No,Yes,Yes
CUST-04401,28,65.7,1677.42,Month-to-month,Fiber optic,Bank transfer,0,No,Yes,Yes,No,Yes,No
CUST-04402,9,38.27,278.13,Month-to-month,Fiber optic,Credit card,0,No,No,Yes,Yes,Yes,Yes
CUST-04403,29,36.25,1038.6,Month-to-month,No,Credit card,1,Yes,No,No,No,Yes,No
CUST-04404,68,83.19,5615.63,One year,No,Mailed check,0,Yes,Yes,No,Yes,Yes,No
CUST-04405,19,25.56,478.27,Two year,DSL,Credit card,0,Yes,No,No,No,No,Yes
CUST-04406,65,105.3,6957.94,Month-to-month,No,Credit card,0,No,No,No,No,Yes,No
CUST-04407,19,73.99,1378.82,One year,Fiber optic,Electronic check,0,No,No,Yes,No,Yes,Yes
CUST-04408,14,68.9,864.99,One year,Fiber optic,Bank transfer,0,No,Yes,No,Yes,No,No
CUST-04409,19,44.13,992.38,Month-to-month,Fiber optic,Electronic check,1,Yes,Yes,No,No,Yes,Yes
CUST-04410,24,89.11,2110.91,Month-to-month,Fiber optic,Bank transfer,0,No,No,Yes,Yes,No,No
CUST-04411,9,69.93,671.69,Month-to-month,Fiber optic,Credit card,1,Yes,No,No,Yes,Yes,Yes
CUST-04412,43,52.85,2420.25,Month-to-month,DSL,Bank transfer,0,No,No,No,No,Yes,Yes
CUST-04413,25,75.0,1802.9,Two year,Fiber optic,Credit card,0,No,Yes,Yes,No,Yes,No
CUST-04414,52,27.93,1630.75,Month-to-month,DSL,Mailed check,0,Yes,No,Yes,No,Yes,No
CUST-04415,36,29.12,1226.54,Month-to-month,DSL,Electronic check,0,Yes,No,No,No,No,No
CUST-04416,32,42.0,1270.78,Month-to-month,Fiber optic,Credit card,0,Yes,No,No,Yes,No,Yes
CUST-04417,34,78.74,2619.83,Month-to-month,Fiber optic,Electronic check,0,No,Yes,No,Yes,Yes,No
CUST-04418,12,69.92,912.59,Two year,No,Electronic check,0,No,No,Yes,No,Yes,No
CUST-04419,52,96.22,5148.66,Month-to-month,Fiber optic,Bank transfer,0,No,No,No,No,No,Yes
CUST-04420,8,47.0,458.89,One year,Fiber optic,Mailed check,1,No,No,No,No,Yes,No
CUST-04421,52,84.37,4382.94,Month-to-month,No,Mailed check,0,Yes,No,No,Yes,Yes,No
CUST-04422,72,67.15,4888.53,Month-to-month,Fiber optic,Electronic check,0,Yes,Yes,Yes,Yes,Yes,No
CUST-04423,56,46.42,2671.01,Month-to-month,Fiber optic,Electronic check,0,No,No,No,Yes,Yes,No
CUST-04424,33,79.63,2659.32,Two year,No,Bank transfer,0,Yes,No,Yes,No,Yes,No
CUST-04425,23,68.35,1526.98,Month-to-month,Fiber optic,Bank transfer,0,Yes,No,No,Yes,Yes,Yes
CUST-04426,63,54.27,3500.91,One year,Fiber optic,Mailed check,1,Yes,No,Yes,Yes,No,No
CUST-04427,19,71.05,1323.77,Month-to-month,Fiber optic,Mailed check,0,No,No,Yes,No,Yes,Yes
CUST-04428,35,66.76,2147.74,One year,Fiber optic,Mailed check,0,No,No,Yes,No,Yes,No
CUST-04429,56,66.16,3568.57,One year,Fiber optic,Credit card,0,Yes,No,No,Yes,Yes,No
CUST-04430,67,59.69,4128.67,One year,Fiber optic,Credit card,0,No,No,No,Yes,No,No
CUST-04431,67,37.38,2397.56,Month-to-month,Fiber optic,Mailed check,0,No,No,No,No,Yes,No
CUST-04432,7,71.87,513.97,Month-to-month,DSL,Electronic check,0,No,No,No,No,No,Yes
CUST-04433,65,49.93,3373.72,Two year,DSL,Bank transfer,0,Yes,Yes,Yes,Yes,Yes,No
CUST-04434,9,44.49,418.52,One year,Fiber optic,Electronic check,0,No,Yes,No,Yes,No,No
CUST-04435,43,63.98,2981.8,Month-to-month,DSL,Bank transfer,0,No,No,Yes,No,Yes,No
CUST-04436,67,88.35,5910.13,Month-to-month,Fiber optic,Bank transfer,0,Yes,No,No,No,No,No
CUST-04437,48,74.64,3500.74,Month-to-month,DSL,Credit card,0,No,No,Yes,No,Yes,No
CUST-04438,69,56.72,3769.8,Month-to-month,DSL,Mailed check,0,No,No,Yes,No,Yes,No
CUST-04439,25,55.72,1208.02,Month-to-month,Fiber optic,Bank transfer,0,Yes,No,Yes,No,Yes,No
CUST-04440,23,85.9,2130.31,Month-to-month,Fiber optic,Electronic check,0,Yes,No,No,No,Yes,Yes
CUST-04441,24,20.0,368.77,Month-to-month,Fiber optic,Credit card,0,Yes,No,Yes,No,Yes,Yes
CUST-04442,26,89.93,2177.41,One year,DSL,Mailed check,0,No,Yes,Yes,Yes,Yes,No
CUST-04443,50,23.15,1121.85,Two year,DSL,Credit card,0,No,No,No,Yes,No,No
CUST-04444,33,34.61,1084.08,One year,DSL,Electronic check,0,Yes,No,Yes,No,Yes,No
CUST-04445,54,57.14,3019.45,Month-to-month,DSL,Mailed check,0,Yes,No,Yes,Yes,Yes,No
CUST-04446,30,124.25,3857.26,One year,DSL,Mailed check,0,No,No,No,Yes,Yes,No
CUST-04447,23,111.94,2597.22,Month-to-month,Fiber optic,Credit card,0,No,No,No,No,No,Yes
CUST-04448,14,87.66,1314.77,One year,DSL,Credit card,1,No,Yes,No,No,Yes,No
CUST-04449,40,78.91,3386.15,Month-to-month,Fiber optic,Bank transfer,0,Yes,No,No,No,Yes,Yes
CUST-04450,65,23.44,1444.66,Month-to-month,Fiber optic,Mailed check,0,No,No,No,No,Yes,Yes
CUST-04451,62,73.92,4606.32,One year,DSL,Bank transfer,0,Yes,Yes,Yes,No,Yes,No
CUST-04452,19,56.27,930.13,Month-to-month,Fiber optic,Mailed check,0,No,No,No,Yes,Yes,Yes
CUST-04453,35,49.58,1889.47,One year,Fiber optic,Bank transfer,0,Yes,No,No,No,No,No
CUST-04454,51,73.87,3746.95,One year,Fiber optic,Mailed check,0,No,No,Yes,No,Yes,No
CUST-04455,45,58.22,2311.92,Month-to-month,Fiber optic,Bank transfer,0,Yes,Yes,No,No,Yes,No
CUST-04456,5,91.73,325.57,Month-to-month,Fiber optic,Credit card,1,No,No,No,Yes,Yes,Yes
CUST-04457,43,21.6,1077.93,One year,Fiber optic,Electronic check,1,No,No,No,No,No,No
CUST-04458,3,71.88,33.19,One year,No,Credit card,0,No,No,No,No,Yes,No
CUST-04459,9,48.02,422.33,Two year,Fiber optic,Bank transfer,1,Yes,No,No,No,Yes,Yes
CUST-04460,48,59.76,2918.0,Month-to-month,Fiber optic,Mailed check,0,Yes,No,No,No,No,No
CUST-04461,8,77.62,677.39,Two year,No,Credit card,0,Yes,No,Yes,No,Yes,No
CUST-04462,25,42.07,1307.71,Month-to-month,Fiber optic,Bank transfer,1,Yes,Yes,Yes,No,No,Yes
CUST-04463,43,74.11,3178.74,Month-to-month,No,Bank transfer,1,Yes,No,No,No,Yes,Yes
CUST-04464,48,64.69,3008.85,One year,Fiber optic,Mailed check,0,No,Yes,No,No,Yes,No
CUST-04465,33,53.49,1677.31,Month-to-month,Fiber optic,Bank transfer,0,No,No,Yes,Yes,Yes,Yes
CUST-04466,7,58.24,524.23,Month-to-month,Fiber optic,Electronic check,0,No,No,No,Yes,Yes,No
CUST-04467,58,66.14,3590.4,Month-to-month,Fiber optic,Mailed check,0,Yes,No,No,No,Yes,Yes
CUST-04468,69,50.8,3528.92,Two year,DSL,Mailed check,0,Yes,No,Yes,Yes,Yes,No
CUST-04469,64,70.18,4655.64,Two year,Fiber optic,Electronic check,0,No,Yes,No,No,Yes,No
CUST-04470,54,63.05,3413.51,Two year,DSL,Bank transfer,1,No,No,No,No,Yes,No
CUST-04471,29,54.72,1718.56,Month-to-month,Fiber optic,Credit card,0,Yes,No,Yes,No,No,Yes
CUST-04472,64,109.75,6809.67,Month-to-month,Fiber optic,Mailed check,0,Yes,No,Yes,No,Yes,No
CUST-04473,36,80.38,3021.34,Two year,No,Mailed check,0,Yes,Yes,Yes,No,Yes,No
CUST-04474,10,60.43,624.83,Month-to-month,DSL,Mailed check,0,No,No,Yes,No,Yes,Yes
CUST-04475,62,73.65,4512.1,Month-to-month,Fiber optic,Bank transfer,0,Yes,No,Yes,Yes,Yes,No
CUST-04476,24,44.33,1011.53,Month-to-month,Fiber optic,Bank transfer,0,No,Yes,No,Yes,Yes,Yes
CUST-04477,68,59.08,4191.78,One year,Fiber optic,Electronic check,1,No,No,No,No,Yes,Yes
CUST-04478,27,62.0,1590.67,One year,DSL,Credit card,0,No,No,No,Yes,Yes,No
CUST-04479,63,38.83,2368.21,Month-to-month,Fiber optic,Bank transfer,1,No,No,No,No,Yes,No
CUST-04480,39,79.68,3269.14,Month-to-month,Fiber optic,Credit card,1,No,Yes,No,No,No,No
CUST-04481,34,57.36,1980.25,One year,DSL,Credit card,0,Yes,No,No,No,Yes,No
CUST-04482,22,61.11,1394.13,One year,Fiber optic,Bank transfer,0,Yes,No,No,No,No,Yes
CUST-04483,61,55.78,3299.61,Month-to-month,DSL,Bank transfer,0,Yes,No,No,No,Yes,No
CUST-04484,5,130.0,545.41,Month-to-month,Fiber optic,Bank transfer,1,No,No,No,No,Yes,Yes
CUST-04485,34,53.43,1992.75,Two year,No,Bank transfer,0,Yes,Yes,No,No,Yes,No
CUST-04486,27,20.0,573.42,One year,DSL,Bank transfer,1,No,No,No,No,Yes,No
CUST-04487,40,30.0,1197.24,One year,DSL,Electronic check,1,No,No,No,No,No,No
CUST-04488,19,88.98,1657.26,One year,No,Mailed check,0,Yes,No,No,No,Yes,Yes
CUST-04489,48,103.41,4947.64,Two year,DSL,Bank transfer,1,Yes,No,Yes,No,No,No
CUST-04490,28,52.96,1403.47,Month-to-month,Fiber optic,Bank transfer,0,No,No,Yes,No,Yes,Yes
CUST-04491,14,101.97,1466.07,Month-to-month,Fiber optic,Mailed check,0,No,Yes,No,Yes,No,Yes
CUST-04492,15,88.54,1260.59,Month-to-month,Fiber optic,Electronic check,1,Yes,Yes,No,Yes,No,Yes
CUST-04493,51,65.26,3285.47,Two year,Fiber optic,Electronic check,0,Yes,Yes,Yes,No,Yes,No
CUST-04494,19,63.49,1251.75,Month-to-month,Fiber optic,Credit card,0,Yes,No,Yes,No,Yes,Yes
CUST-04495,23,74.52,1854.33,Month-to-month,No,Electronic check,0,Yes,No,No,Yes,No,No
CUST-04496,46,91.94,4351.32,Month-to-month,Fiber optic,Mailed check,0,Yes,Yes,No,No,Yes,No
CUST-04497,24,79.93,1851.96,One year,Fiber optic,Electronic check,0,Yes,No,Yes,No,Yes,No
CUST-04498,28,53.08,1463.67,One year,No,Electronic check,0,No,No,Yes,Yes,Yes,Yes
CUST-04499,18,65.64,1010.48,Month-to-month,DSL,Credit card,0,Yes,No,Yes,Yes,No,No
CUST-04500,25,119.53,3049.24,Month-to-month,No,Mailed check,0,Yes,No,No,No,Yes,Yes
CUST-04501,50,76.28,3886.21,One year,No,Credit card,0,Yes,Yes,No,No,Yes,No
CUST-04502,39,91.73,3576.46,Month-to-month,No,Credit card,0,Yes,Yes,No,Yes,Yes,No
CUST-04503,72,83.5,6136.67,One year,DSL,Bank transfer,1,No,No,No,Yes,No,No
CUST-04504,56,76.83,4240.57,Month-to-month,Fiber optic,Mailed check,0,No,No,No,Yes,No,No
CUST-04505,2,72.72,152.36,Two year,Fiber optic,Credit card,0,No,No,No,No,Yes,Yes
CUST-04506,28,92.43,2469.35,Month-to-month,DSL,Bank transfer,0,Yes,No,No,No,Yes,Yes
CUST-04507,21,87.97,1831.02,One year,Fiber optic,Credit card,1,Yes,No,No,No,Yes,Yes
CUST-04508,43,76.6,3243.04,Month-to-month,DSL,Mailed check,0,No,No,No,No,No,No
CUST-04509,20,52.66,1110.74,Month-to-month,DSL,Bank transfer,0,Yes,No,No,No,Yes,No
CUST-04510,70,79.64,5534.09,One year,No,Bank transfer,0,No,No,Yes,No,No,No
CUST-04511,22,68.32,1619.87,One year,No,Bank transfer,0,No,No,No,No,Yes,No
CUST-04512,38,62.29,2194.5,One year,DSL,Bank transfer,0,Yes,Yes,No,No,Yes,Yes
CUST-04513,9,130.0,1224.04,One year,DSL,Bank transfer,0,Yes,No,Yes,Yes,Yes,No
CUST-04514,66,31.52,1802.08,One year,Fiber optic,Credit card,0,Yes,Yes,No,Yes,Yes,No
CUST-04515,66,93.96,6187.71,Two year,DSL,Credit card,0,Yes,No,No,No,No,No
CUST-04516,58,48.43,2924.96,Month-to-month,Fiber optic,Mailed check,0,Yes,No,No,No,No,Yes
CUST-04517,26,73.28,1892.01,Two year,Fiber optic,Credit card,0,Yes,No,No,No,No,Yes
CUST-04518,5,130.0,769.38,Month-to-month,Fiber optic,Mailed check,0,No,Yes,No,No,Yes,No
CUST-04519,52,45.94,2286.79,Month-to-month,Fiber optic,Electronic check,0,Yes,No,No,Yes,No,No
CUST-04520,31,51.9,1624.47,One year,DSL,Electronic check,0,Yes,No,No,No,Yes,No
CUST-04521,72,69.56,4923.83,Month-to-month,DSL,Bank transfer,0,Yes,Yes,Yes,No,No,No
CUST-04522,51,48.82,2635.14,Month-to-month,Fiber optic,Mailed check,0,Yes,Yes,Yes,Yes,Yes,No
CUST-04523,39,92.1,3504.51,Month-to-month,DSL,Credit card,0,Yes,No,Yes,No,Yes,Yes
CUST-04524,72,56.64,3977.46,Month-to-month,DSL,Credit card,0,No,No,No,Yes,No,No
CUST-04525,58,86.35,5132.53,One year,Fiber optic,Bank transfer,0,Yes,No,No,No,Yes,No
CUST-04526,34,36.77,1121.95,Month-to-month,DSL,Electronic check,0,No,No,Yes,No,Yes,No
CUST-04527,2,24.83,0.0,Month-to-month,Fiber optic,Electronic check,0,No,No,Yes,No,No,Yes
CUST-04528,7,64.28,502.4,Month-to-month,Fiber optic,Credit card,0,Yes,No,No,No,Yes,Yes
CUST-04529,32,30.79,1004.95,Month-to-month,DSL,Mailed check,1,Yes,No,No,No,Yes,No
CUST-04530,41,107.96,4353.22,Month-to-month,Fiber optic,Electronic check,0,Yes,No,Yes,Yes,No,No
CUST-04531,3,31.75,81.06,Month-to-month,DSL,Mailed check,0,No,No,Yes,Yes,Yes,Yes
CUST-04532,10,44.06,616.86,Two year,Fiber optic,Credit card,0,No,Yes,No,No,Yes,No
CUST-04533,51,80.34,3993.29,One year,Fiber optic,Electronic check,0,No,Yes,No,No,No,No
CUST-04534,55,55.34,3041.14,Month-to-month,No,Bank transfer,0,No,No,No,No,No,Yes
CUST-04535,3,32.04,64.11,Month-to-month,DSL,Mailed check,0,No,No,No,No,Yes,No
CUST-04536,37,121.0,4574.43,Month-to-month,Fiber optic,Credit card,1,No,Yes,No,Yes,Yes,Yes
CUST-04537,6,44.96,143.88,Month-to-month,Fiber optic,Mailed check,1,No,Yes,No,No,Yes,Yes
CUST-04538,53,65.09,3379.38,Month-to-month,Fiber optic,Bank transfer,0,Yes,No,Yes,Yes,No,No
CUST-04539,61,64.77,3914.78,Two year,Fiber optic,Mailed check,0,Yes,Yes,Yes,No,Yes,No
CUST-04540,63,87.76,5457.26,One year,DSL,Bank transfer,0,No,No,No,No,No,No
CUST-04541,44,81.56,3628.81,Month-to-month,Fiber optic,Electronic check,0,No,Yes,No,No,Yes,Yes
CUST-04542,46,49.33,2336.07,Month-to-month,Fiber optic,Electronic check,0,Yes,Yes,Yes,No,Yes,Yes
CUST-04543,67,61.85,4183.4,One year,DSL,Bank transfer,0,Yes,No,No,No,No,No
CUST-04544,45,64.33,2714.9,Two year,Fiber optic,Mailed check,1,Yes,No,No,No,No,No
CUST-04545,33,88.72,2891.45,Month-to-month,Fiber optic,Electronic check,0,Yes,No,No,No,No,Yes
CUST-04546,55,40.79,2215.68,Two year,Fiber optic,Credit card,0,Yes,No,No,No,No,No
CUST-04547,43,120.45,5061.77,Month-to-month,No,Bank transfer,0,No,No,No,No,No,Yes
CUST-04548,61,51.02,3020.68,One year,Fiber optic,Electronic check,0,Yes,Yes,No,No,Yes,No
CUST-04549,38,69.78,2825.6,Month-to-month,Fiber optic,Electronic check,0,Yes,No,No,No,Yes,Yes
CUST-04550,63,41.0,2660.43,One year,Fiber optic,Credit card,0,Yes,No,No,No,Yes,No
CUST-04551,4,37.55,25.74,Month-to-month,Fiber optic,Mailed check,0,No,Yes,No,No,Yes,Yes
CUST-04552,3,48.14,206.29,Month-to-month,Fiber optic,Mailed check,0,No,No,Yes,No,Yes,No
CUST-04553,8,45.74,420.72,One year,DSL,Bank transfer,0,Yes,Yes,No,No,Yes,No
CUST-04554,41,59.64,2363.83,One year,Fiber optic,Mailed check,0,No,Yes,Yes,Yes,Yes,No
CUST-04555,52,45.53,2413.17,One year,Fiber optic,Electronic check,0,No,No,Yes,No,No,No
CUST-04556,16,87.39,1348.54,Month-to-month,Fiber optic,Bank transfer,1,No,Yes,No,Yes,No,Yes
CUST-04557,12,50.43,419.94,One year,DSL,Bank transfer,0,No,Yes,No,Yes,No,No
CUST-04558,62,47.65,2906.69,Month-to-month,DSL,Electronic check,0,Yes,No,No,No,No,No
CUST-04559,55,60.18,3198.57,One year,Fiber optic,Electronic check,1,Yes,No,No,No,No,No
CUST-04560,47,94.82,4392.43,Month-to-month,DSL,Bank transfer,0,No,No,No,No,Yes,No
CUST-04561,36,75.37,2761.91,Month-to-month,Fiber optic,Credit card,0,Yes,Yes,No,No,Yes,Yes
CUST-04562,31,67.51,2141.37,Month-to-month,Fiber optic,Credit card,1,No,No,Yes,No,No,Yes
CUST-04563,2,34.17,104.18,Two year,DSL,Bank transfer,0,No,No,Yes,Yes,No,No
CUST-04564,14,41.43,608.83,One year,No,Electronic check,0,Yes,Yes,No,No,No,No
CUST-04565,65,38.04,2364.58,Month-to-month,Fiber optic,Mailed check,0,No,No,No,No,No,No
CUST-04566,25,102.67,2486.12,One year,DSL,Mailed check,0,No,No,Yes,No,Yes,Yes
CUST-04567,51,83.26,4361.45,Month-to-month,Fiber optic,Credit card,1,No,Yes,No,No,No,Yes
CUST-04568,51,48.46,2648.68,Month-to-month,Fiber optic,Electronic check,0,Yes,No,No,No,Yes,Yes
CUST-04569,23,55.89,1283.94,Month-to-month,Fiber optic,Mailed check,0,Yes,Yes,No,Yes,No,No
CUST-04570,15,49.37,769.88,One year,DSL,Bank transfer,0,No,No,No,No,Yes,No
CUST-04571,50,47.85,2604.61,Two year,Fiber optic,Mailed check,1,No,No,No,No,No,No
CUST-04572,7,81.51,527.44,Two year,DSL,Bank transfer,0,Yes,No,No,No,No,No
CUST-04573,36,62.81,2277.37,Month-to-month,Fiber optic,Electronic check,0,Yes,No,No,No,Yes,Yes
CUST-04574,64,122.03,7743.3,Month-to-month,Fiber optic,Credit card,0,Yes,Yes,No,Yes,Yes,No
CUST-04575,52,101.26,5052.91,Two year,Fiber optic,Mailed check,0,Yes,No,Yes,No,No,Yes
CUST-04576,56,102.74,5693.6,Month-to-month,Fiber optic,Mailed check,0,Yes,Yes,Yes,Yes,Yes,No
CUST-04577,6,86.78,557.86,One year,DSL,Credit card,0,Yes,Yes,Yes,No,Yes,No
CUST-04578,15,59.43,733.16,Two year,DSL,Electronic check,0,Yes,No,Yes,Yes,Yes,No
CUST-04579,20,84.94,1748.44,Month-to-month,No,Mailed check,0,No,No,No,No,Yes,Yes
CUST-04580,22,61.28,1218.33,Month-to-month,Fiber optic,Electronic check,0,Yes,Yes,Yes,Yes,No,Yes
CUST-04581,14,110.76,1488.31,Two year,Fiber optic,Bank transfer,0,Yes,No,No,No,No,No
CUST-04582,70,80.11,5587.48,One year,DSL,Mailed check,0,Yes,No,No,No,Yes,No
CUST-04583,12,76.56,825.84,Two year,No,Bank transfer,0,Yes,No,No,Yes,Yes,No
CUST-04584,51,73.18,3734.62,One year,DSL,Bank transfer,0,Yes,No,No,Yes,No,No
CUST-04585,43,113.51,4869.0,Month-to-month,DSL,Bank transfer,0,No,No,No,No,Yes,Yes
CUST-04586,44,34.16,1509.46,Two year,Fiber optic,Credit card,0,No,No,Yes,Yes,No,No
CUST-04587,16,115.96,2002.12,One year,Fiber optic,Credit card,0,Yes,No,No,Yes,Yes,Yes
CUST-04588,23,65.35,1420.6,Two year,Fiber optic,Electronic check,0,No,No,No,Yes,No,Yes
CUST-04589,44,34.85,1580.44,Month-to-month,Fiber optic,Bank transfer,0,No,Yes,Yes,No,Yes,No
CUST-04590,22,51.19,1051.08,Month-to-month,No,Credit card,1,No,No,No,No,Yes,No
CUST-04591,50,28.73,1437.5,Month-to-month,DSL,Electronic check,0,Yes,No,No,No,Yes,No
CUST-04592,3,86.34,355.01,Month-to-month,DSL,Mailed check,0,No,No,No,No,Yes,No
CUST-04593,6,44.04,363.11,Two year,Fiber optic,Bank transfer,1,No,No,No,Yes,No,Yes
CUST-04594,53,74.22,3887.13,Two year,Fiber optic,Credit card,0,No,No,No,No,No,No
CUST-04595,45,98.36,4516.83,Month-to-month,No,Electronic check,0,No,No,Yes,No,Yes,No
CUST-04596,4,53.2,241.17,Two year,Fiber optic,Credit card,0,Yes,No,No,Yes,Yes,No
CUST-04597,65,63.3,4126.49,Month-to-month,Fiber optic,Electronic check,1,Yes,No,Yes,No,Yes,No
CUST-04598,1,37.42,65.07,Two year,Fiber optic,Credit card,0,No,No,No,Yes,No,No
CUST-04599,69,60.29,4157.71,One year,DSL,Bank transfer,0,Yes,No,Yes,Yes,No,No
CUST-04600,53,130.0,6802.98,One year,DSL,Mailed check,0,No,No,No,No,Yes,No
CUST-04601,72,89.45,6426.42,One year,DSL,Electronic check,0,Yes,No,No,Yes,Yes,No
CUST-04602,69,63.38,4516.44,One year,DSL,Mailed check,1,No,No,No,No,No,No
CUST-04603,23,54.71,1196.19,Two year,DSL,Bank transfer,1,No,No,No,No,Yes,No
CUST-04604,55,68.93,4115.14,Month-to-month,DSL,Electronic check,0,No,No,Yes,Yes,No,No
CUST-04605,16,73.25,1096.94,Two year,No,Bank transfer,0,Yes,No,No,No,Yes,No
CUST-04606,34,59.52,2111.11,Month-to-month,DSL,Electronic check,0,Yes,No,No,No,No,Yes
CUST-04607,18,83.25,1352.72,Month-to-month,Fiber optic,Electronic check,0,Yes,No,No,No,Yes,No
CUST-04608,35,46.16,1657.47,One year,No,Bank transfer,0,No,No,No,No,Yes,No
CUST-04609,63,46.04,2734.39,One year,Fiber optic,Credit card,0,Yes,No,No,Yes,No,No
CUST-04610,32,79.25,2625.11,Two year,Fiber optic,Credit card,0,Yes,No,No,No,Yes,No
CUST-04611,7,40.78,288.66,Month-to-month,DSL,Bank transfer,0,Yes,No,Yes,No,No,No
CUST-04612,24,88.23,2216.92,Month-to-month,DSL,Bank transfer,0,No,No,No,No,Yes,Yes
CUST-04613,57,69.64,3849.43,Month-to-month,Fiber optic,Bank transfer,1,Yes,No,No,Yes,Yes,Yes
CUST-04614,38,24.3,943.49,Two year,Fiber optic,Mailed check,0,Yes,No,Yes,Yes,No,No
CUST-04615,41,72.74,3043.72,Two year,Fiber optic,Electronic check,0,Yes,Yes,Yes,No,No,No
CUST-04616,32,27.87,952.49,Two year,No,Electronic check,0,Yes,No,No,Yes,No,No
CUST-04617,22,87.33,1832.54,Month-to-month,Fiber optic,Mailed check,0,Yes,No,Yes,Yes,No,No
CUST-04618,44,63.78,2821.21,Two year,Fiber optic,Bank transfer,0,No,Yes,No,No,No,No
CUST-04619,46,116.28,5297.68,Month-to-month,DSL,Mailed check,0,Yes,Yes,Yes,No,Yes,Yes
CUST-04620,65,96.78,6310.93,Two year,No,Electronic check,0,No,No,No,Yes,Yes,No
CUST-04621,45,43.48,1789.78,One year,No,Credit card,0,Yes,No,No,No,No,No
CUST-04622,72,20.0,1588.2,Month-to-month,Fiber optic,Electronic check,1,No,No,No,No,No,No
CUST-04623,60,51.12,3006.83,One year,Fiber optic,Credit card,1,Yes,No,Yes,Yes,No,No
CUST-04624,6,39.47,285.41,One year,Fiber optic,Electronic check,0,No,No,No,No,Yes,Yes
CUST-04625,29,115.64,3237.52,Month-to-month,DSL,Mailed check,0,Yes,No,No,No,Yes,Yes
CUST-04626,28,69.74,1786.56,Month-to-month,No,Credit card,0,Yes,No,Yes,No,No,No
CUST-04627,1,93.34,160.39,One year,Fiber optic,Credit card,0,Yes,No,Yes,No,Yes,No
CUST-04628,14,62.87,945.12,Two year,Fiber optic,Mailed check,0,No,No,No,No,No,No
CUST-04629,55,65.51,3688.11,One year,Fiber optic,Electronic check,0,Yes,No,No,Yes,Yes,No
CUST-04630,26,69.18,1834.61,Month-to-month,Fiber optic,Credit card,0,No,Yes,No,No,Yes,Yes
CUST-04631,11,97.66,1192.28,One year,DSL,Credit card,1,Yes,No,No,Yes,Yes,No
CUST-04632,21,77.79,1668.01,Month-to-month,Fiber optic,Mailed check,0,No,No,No,Yes,Yes,No
CUST-04633,20,43.57,779.14,Month-to-month,DSL,Electronic check,0,Yes,No,Yes,Yes,Yes,No
CUST-04634,13,110.56,1677.76,Month-to-month,DSL,Bank transfer,1,No,No,Yes,Yes,Yes,Yes
CUST-04635,8,62.68,418.02,Month-to-month,DSL,Credit card,0,No,No,No,No,Yes,Yes
CUST-04636,56,58.61,3366.54,Month-to-month,DSL,Credit card,0,Yes,No,No,No,Yes,No
CUST-04637,60,20.0,1249.85,Month-to-month,No,Bank transfer,0,Yes,No,No,Yes,Yes,Yes
CUST-04638,36,85.86,3197.07,Month-to-month,DSL,Credit card,0,Yes,No,No,Yes,Yes,No
CUST-04639,45,72.53,3254.25,One year,Fiber optic,Bank transfer,0,Yes,Yes,Yes,Yes,Yes,No
CUST-04640,67,72.5,4891.0,Month-to-month,Fiber optic,Electronic check,0,No,No,Yes,Yes,Yes,Yes
CUST-04641,61,59.93,3592.98,Month-to-month,No,Bank transfer,0,Yes,Yes,No,No,Yes,No
CUST-04642,3,55.62,224.9,Month-to-month,Fiber optic,Electronic check,0,No,Yes,No,Yes,Yes,Yes
CUST-04643,69,60.76,4064.11,One year,No,Bank transfer,0,Yes,No,Yes,No,No,No
CUST-04644,5,81.58,534.89,Two year,Fiber optic,Electronic check,0,No,No,No,No,Yes,Yes
CUST-04645,2,85.98,407.07,Month-to-month,Fiber optic,Electronic check,0,No,Yes,No,Yes,Yes,Yes
CUST-04646,30,64.22,2036.86,One year,Fiber optic,Mailed check,0,Yes,No,No,Yes,No,No
CUST-04647,54,93.72,4853.74,Two year,DSL,Bank transfer,1,No,No,No,No,No,No
CUST-04648,6,68.03,354.96,One year,Fiber optic,Electronic check,1,Yes,No,Yes,Yes,No,No
CUST-04649,22,57.39,1360.89,Month-to-month,Fiber optic,Credit card,0,Yes,No,No,No,Yes,Yes
CUST-04650,19,74.96,1312.55,Month-to-month,Fiber optic,Bank transfer,1,No,No,No,No,No,No
CUST-04651,29,36.02,909.77,Month-to-month,Fiber optic,Credit card,1,Yes,No,No,No,Yes,No
CUST-04652,71,75.82,5396.96,Month-to-month,Fiber optic,Mailed check,0,No,No,No,No,No,No
CUST-04653,24,31.45,706.89,Month-to-month,Fiber optic,Bank transfer,0,Yes,No,No,No,No,Yes
CUST-04654,16,44.31,655.45,Two year,DSL,Credit card,1,No,No,No,Yes,Yes,No
CUST-04655,9,20.0,40.39,Month-to-month,DSL,Electronic check,0,Yes,No,No,Yes,Yes,Yes
CUST-04656,15,65.62,1153.78,Month-to-month,Fiber optic,Credit card,0,Yes,No,No,No,Yes,Yes
CUST-04657,10,110.24,1004.68,Two year,DSL,Bank transfer,1,Yes,No,No,Yes,No,No
CUST-04658,42,67.07,2774.0,One year,No,Bank transfer,1,No,Yes,No,No,Yes,No
CUST-04659,31,86.09,2710.7,Month-to-month,DSL,Bank transfer,0,No,Yes,No,No,No,Yes
CUST-04660,36,128.81,4614.2,Two year,DSL,Bank transfer,0,No,Yes,No,Yes,No,No
CUST-04661,60,80.1,4758.16,Month-to-month,Fiber optic,Credit card,1,No,No,Yes,No,Yes,No
CUST-04662,42,50.87,2230.36,Month-to-month,DSL,Electronic check,0,Yes,No,No,No,No,Yes
CUST-04663,12,54.31,688.42,Month-to-month,Fiber optic,Electronic check,0,No,Yes,No,No,No,Yes
CUST-04664,28,70.02,1992.79,Month-to-month,DSL,Electronic check,1,Yes,No,No,No,Yes,Yes
CUST-04665,23,54.18,1203.89,Two year,DSL,Credit card,0,Yes,No,No,No,No,No
CUST-04666,60,56.05,3231.55,Month-to-month,Fiber optic,Mailed check,0,Yes,No,No,Yes,No,No
CUST-04667,23,94.63,2290.97,Two year,Fiber optic,Credit card,0,No,No,No,Yes,Yes,Yes
CUST-04668,10,95.65,884.06,Month-to-month,Fiber optic,Credit card,0,Yes,No,Yes,Yes,Yes,Yes
CUST-04669,53,28.83,1391.22,Two year,DSL,Mailed check,0,Yes,No,No,Yes,No,No
CUST-04670,31,49.55,1499.11,Month-to-month,Fiber optic,Electronic check,0,No,Yes,No,No,Yes,Yes
CUST-04671,7,58.4,401.49,Two year,Fiber optic,Credit card,1,Yes,Yes,No,No,Yes,No
CUST-04672,50,84.98,4107.38,Month-to-month,DSL,Mailed check,0,Yes,No,No,Yes,No,No
CUST-04673,16,98.58,1532.14,Two year,Fiber optic,Mailed check,0,Yes,Yes,No,No,No,Yes
CUST-04674,63,130.0,8187.94,Two year,Fiber optic,Credit card,0,No,No,No,Yes,Yes,No
CUST-04675,60,58.36,3371.9,One year,No,Mailed check,0,No,No,No,Yes,Yes,Yes
CUST-04676,27,59.61,1720.14,Month-to-month,Fiber optic,Mailed check,0,No,Yes,No,No,No,Yes
CUST-04677,41,84.71,3342.83,One year,Fiber optic,Mailed check,1,No,No,No,Yes,No,No
CUST-04678,41,52.94,2235.24,One year,DSL,Credit card,0,No,No,Yes,Yes,Yes,No
CUST-04679,48,66.48,3205.79,One year,Fiber optic,Mailed check,0,No,No,No,Yes,No,No
CUST-04680,5,59.62,551.93,One year,Fiber optic,Credit card,0,No,No,Yes,Yes,Yes,No
CUST-04681,24,20.0,485.81,Two year,Fiber optic,Bank transfer,0,Yes,No,Yes,Yes,Yes,No
CUST-04682,13,73.08,809.55,Two year,Fiber optic,Electronic check,0,Yes,No,No,No,Yes,No
CUST-04683,51,65.44,3210.51,Month-to-month,DSL,Electronic check,0,Yes,No,No,No,No,No
CUST-04684,5,101.78,476.85,Month-to-month,Fiber optic,Bank transfer,0,No,Yes,Yes,No,Yes,Yes
CUST-04685,38,70.14,2415.54,Month-to-month,Fiber optic,Electronic check,0,Yes,No,No,No,No,Yes
CUST-04686,53,38.63,1912.25,One year,DSL,Electronic check,0,Yes,No,Yes,Yes,No,No
CUST-04687,69,63.55,4447.06,Two year,Fiber optic,Mailed check,0,No,No,Yes,Yes,No,No
CUST-04688,21,20.0,636.29,Month-to-month,Fiber optic,Mailed check,0,Yes,No,No,No,Yes,Yes
CUST-04689,1,39.73,29.42,Month-to-month,Fiber optic,Credit card,0,Yes,No,Yes,Yes,Yes,Yes
CUST-04690,53,85.89,4445.95,Month-to-month,No,Credit card,0,Yes,No,Yes,No,No,No
CUST-04691,1,63.82,166.68,Month-to-month,DSL,Credit card,1,No,No,No,Yes,No,Yes
CUST-04692,5,93.06,595.77,Two year,DSL,Electronic check,0,No,No,No,No,Yes,Yes
CUST-04693,72,20.83,1454.18,One year,DSL,Credit card,0,No,No,Yes,Yes,No,No
CUST-04694,63,63.94,4090.55,Month-to-month,No,Credit card,0,Yes,Yes,No,Yes,No,No
CUST-04695,51,58.11,3094.28,Month-to-month,DSL,Bank transfer,0,No,No,Yes,No,Yes,Yes
CUST-04696,61,93.9,5760.71,Month-to-month,Fiber optic,Credit card,0,No,Yes,Yes,Yes,Yes,Yes
CUST-04697,6,86.82,451.85,One year,Fiber optic,Credit card,0,No,Yes,No,Yes,Yes,No
CUST-04698,7,86.06,550.1,One year,Fiber optic,Bank transfer,0,No,No,No,Yes,No,No
CUST-04699,22,108.54,2264.43,Month-to-month,DSL,Mailed check,0,Yes,No,No,No,Yes,Yes
CUST-04700,2,60.8,43.12,Month-to-month,DSL,Mailed check,0,No,No,Yes,Yes,Yes,Yes
CUST-04701,64,103.38,6678.39,Two year,No,Mailed check,0,No,No,No,No,Yes,No
CUST-04702,5,43.89,197.34,Two year,Fiber optic,Mailed check,0,Yes,No,No,Yes,Yes,Yes
CUST-04703,40,42.98,1566.87,One year,DSL,Bank transfer,0,Yes,Yes,No,Yes,Yes,No
CUST-04704,62,88.82,5540.9,Month-to-month,DSL,Mailed check,0,Yes,No,No,No,Yes,No
CUST-04705,53,32.38,1826.43,Two year,Fiber optic,Mailed check,0,No,No,Yes,No,No,No
CUST-04706,17,84.32,1415.64,One year,No,Electronic check,0,Yes,Yes,No,No,Yes,No
CUST-04707,34,72.53,2457.82,Two year,Fiber optic,Bank transfer,0,No,No,No,No,No,No
CUST-04708,40,96.8,4018.91,Month-to-month,Fiber optic,Electronic check,0,Yes,Yes,No,No,No,Yes
CUST-04709,56,68.51,3954.26,Month-to-month,Fiber optic,Mailed check,0,No,No,Yes,Yes,No,No
CUST-04710,31,71.4,2268.06,Month-to-month,DSL,Electronic check,0,No,No,No,Yes,Yes,Yes
CUST-04711,21,82.73,1879.79,Two year,No,Mailed check,0,Yes,No,Yes,No,Yes,No
CUST-04712,58,53.43,3216.63,One year,DSL,Bank transfer,0,Yes,No,Yes,No,No,No
CUST-04713,64,52.34,3338.39,Month-to-month,DSL,Bank transfer,0,No,Yes,No,No,No,No
CUST-04714,36,81.86,2985.75,Two year,DSL,Electronic check,0,No,Yes,No,Yes,Yes,No
CUST-04715,3,69.27,219.99,Two year,DSL,Bank transfer,1,No,No,No,Yes,Yes,Yes
CUST-04716,37,59.82,2411.2,Month-to-month,Fiber optic,Mailed check,0,Yes,No,No,No,Yes,Yes
CUST-04717,65,67.93,4458.63,One year,Fiber optic,Mailed check,1,No,Yes,Yes,No,Yes,No
CUST-04718,72,109.86,7945.73,One year,Fiber optic,Bank transfer,0,No,No,Yes,No,Yes,No
CUST-04719,29,58.92,1896.0,Month-to-month,Fiber optic,Electronic check,0,Yes,No,No,No,No,Yes
CUST-04720,11,58.2,657.59,One year,DSL,Electronic check,0,Yes,No,No,No,No,No
CUST-04721,42,27.31,1113.79,Month-to-month,Fiber optic,Electronic check,0,No,Yes,Yes,No,Yes,Yes
CUST-04722,60,68.94,3920.5,Two year,Fiber optic,Mailed check,0,Yes,Yes,No,No,No,No
CUST-04723,69,86.42,5920.27,Two year,Fiber optic,Electronic check,0,Yes,No,No,No,Yes,Yes
CUST-04724,4,90.9,382.84,Two year,DSL,Electronic check,0,No,No,No,No,Yes,Yes
CUST-04725,21,72.71,1625.19,One year,Fiber optic,Bank transfer,0,No,No,No,Yes,Yes,No
CUST-04726,35,93.9,3285.74,Month-to-month,DSL,Electronic check,0,No,No,No,No,No,Yes
CUST-04727,8,88.28,619.99,Month-to-month,DSL,Mailed check,0,No,No,No,No,Yes,Yes
CUST-04728,64,97.82,6300.5,One year,DSL,Electronic check,0,Yes,No,No,Yes,Yes,No
CUST-04729,9,94.61,674.9,Month-to-month,Fiber optic,Credit card,0,No,No,Yes,Yes,No,Yes
CUST-04730,48,109.25,5373.82,One year,DSL,Electronic check,0,Yes,No,No,No,No,No
CUST-04731,67,65.76,4549.09,Month-to-month,DSL,Mailed check,0,No,No,Yes,No,Yes,No
CUST-04732,50,36.82,1665.94,Month-to-month,Fiber optic,Mailed check,0,Yes,No,No,No,Yes,No
CUST-04733,55,86.59,4678.18,Month-to-month,DSL,Bank transfer,0,Yes,No,Yes,No,Yes,No
CUST-04734,19,89.51,1736.11,One year,DSL,Electronic check,0,Yes,No,Yes,No,Yes,No
CUST-04735,60,109.25,6731.21,Month-to-month,Fiber optic,Credit card,0,Yes,No,Yes,No,Yes,Yes
CUST-04736,31,102.03,3157.82,One year,Fiber optic,Mailed check,0,Yes,No,No,No,No,No
CUST-04737,5,118.64,632.27,Month-to-month,DSL,Electronic check,0,No,No,No,Yes,Yes,Yes
CUST-04738,27,85.5,2333.82,One year,DSL,Bank transfer,0,No,Yes,No,No,Yes,Yes
CUST-04739,26,75.72,1813.52,One year,Fiber optic,Bank transfer,0,Yes,No,No,Yes,Yes,Yes
CUST-04740,38,35.38,1310.25,One year,No,Bank transfer,0,No,Yes,Yes,No,Yes,Yes
CUST-04741,20,77.7,1478.22,Month-to-month,Fiber optic,Credit card,1,No,No,No,No,Yes,Yes
CUST-04742,34,56.19,1933.91,Month-to-month,DSL,Mailed check,0,Yes,No,No,No,No,No
CUST-04743,31,75.29,2265.63,Month-to-month,No,Credit card,0,Yes,Yes,No,Yes,Yes,Yes
CUST-04744,24,71.36,1715.97,One year,Fiber optic,Credit card,0,No,No,No,No,No,Yes
CUST-04745,51,81.79,4166.26,Month-to-month,Fiber optic,Bank transfer,0,Yes,Yes,Yes,Yes,Yes,Yes
CUST-04746,22,67.57,1489.53,Two year,No,Credit card,0,No,Yes,No,No,Yes,No
CUST-04747,56,93.38,5335.83,Two year,Fiber optic,Electronic check,0,No,Yes,Yes,Yes,No,No
CUST-04748,19,20.0,418.63,Month-to-month,Fiber optic,Bank transfer,0,No,Yes,No,No,No,No
CUST-04749,63,74.75,4684.83,Two year,Fiber optic,Electronic check,0,No,No,No,Yes,Yes,No
CUST-04750,27,100.06,2751.42,One year,No,Mailed check,0,No,No,Yes,Yes,Yes,No
CUST-04751,3,116.75,296.15,Month-to-month,DSL,Bank transfer,0,No,Yes,No,No,No,Yes
CUST-04752,11,88.3,863.71,One year,DSL,Electronic check,0,Yes,Yes,No,No,Yes,No
CUST-04753,59,112.12,6722.58,Two year,Fiber optic,Mailed check,0,Yes,No,Yes,No,No,No
CUST-04754,63,74.22,4610.31,Month-to-month,No,Mailed check,0,No,Yes,No,No,No,No
CUST-04755,16,70.07,1019.99,Month-to-month,DSL,Electronic check,0,No,No,No,Yes,No,No
CUST-04756,44,83.24,3814.28,One year,DSL,Bank transfer,0,No,No,No,No,Yes,No
CUST-04757,42,69.92,3024.56,Month-to-month,Fiber optic,Credit card,0,No,No,Yes,Yes,Yes,Yes
CUST-04758,10,50.44,486.01,One year,DSL,Credit card,0,No,Yes,No,No,Yes,No
CUST-04759,33,57.12,1974.21,One year,Fiber optic,Credit card,0,No,Yes,No,No,No,No
CUST-04760,50,42.2,2063.35,One year,Fiber optic,Credit card,0,Yes,Yes,No,Yes,Yes,No
CUST-04761,70,83.21,5872.84,Month-to-month,Fiber optic,Electronic check,0,Yes,No,Yes,Yes,Yes,No
CUST-04762,62,70.28,4363.24,Month-to-month,Fiber optic,Electronic check,0,No,No,No,No,Yes,Yes
CUST-04763,8,60.99,451.6,Two year,Fiber optic,Electronic check,1,No,No,Yes,Yes,Yes,No
CUST-04764,18,55.83,1030.93,Month-to-month,Fiber optic,Credit card,0,Yes,No,No,No,Yes,Yes
CUST-04765,32,82.63,2532.08,Month-to-month,DSL,Electronic check,1,Yes,No,Yes,No,No,No
CUST-04766,11,89.51,927.57,Month-to-month,Fiber optic,Credit card,0,No,No,No,Yes,No,Yes
CUST-04767,42,41.74,1547.85,Month-to-month,Fiber optic,Mailed check,1,Yes,Yes,No,No,Yes,No
CUST-04768,1,37.81,5.18,Month-to-month,DSL,Bank transfer,0,Yes,No,Yes,No,Yes,Yes
CUST-04769,9,93.86,870.18,Month-to-month,DSL,Credit card,1,Yes,No,No,Yes,Yes,Yes
CUST-04770,4,35.62,0.0,One year,Fiber optic,Credit card,0,No,Yes,Yes,Yes,Yes,Yes
CUST-04771,22,83.69,1879.21,One year,Fiber optic,Electronic check,0,Yes,Yes,Yes,No,Yes,Yes
CUST-04772,55,110.42,5853.51,Two year,Fiber optic,Mailed check,1,Yes,Yes,No,Yes,No,No
CUST-04773,13,110.48,1377.35,Two year,DSL,Electronic check,1,Yes,No,No,No,No,No
CUST-04774,72,88.45,6358.27,Month-to-month,DSL,Mailed check,0,No,No,No,No,Yes,Yes
CUST-04775,20,87.72,1752.23,Month-to-month,No,Mailed check,0,No,No,No,Yes,No,No
CUST-04776,4,126.3,528.42,Two year,DSL,Credit card,1,No,No,No,Yes,No,No
CUST-04777,25,20.0,334.2,Month-to-month,No,Bank transfer,0,Yes,Yes,No,No,Yes,Yes
CUST-04778,54,58.39,3169.75,Month-to-month,Fiber optic,Electronic check,0,No,No,No,No,Yes,No
CUST-04779,8,91.21,797.71,Month-to-month,Fiber optic,Mailed check,0,No,No,No,No,Yes,Yes
CUST-04780,6,61.57,324.68,One year,DSL,Bank transfer,0,Yes,Yes,No,No,No,No
CUST-04781,62,100.99,6237.55,Month-to-month,No,Bank transfer,0,No,No,No,No,Yes,No
CUST-04782,43,69.02,2823.57,Month-to-month,No,Credit card,0,Yes,No,No,No,No,No
CUST-04783,25,73.29,1918.49,Month-to-month,Fiber optic,Electronic check,0,Yes,No,No,No,No,Yes
CUST-04784,55,63.13,3345.35,One year,Fiber optic,Credit card,0,No,No,No,Yes,No,No
CUST-04785,61,56.94,3581.01,Month-to-month,Fiber optic,Credit card,0,No,Yes,Yes,Yes,Yes,No
CUST-04786,26,56.32,1683.84,One year,DSL,Electronic check,0,No,Yes,Yes,No,Yes,Yes
CUST-04787,41,76.78,3097.98,Month-to-month,No,Bank transfer,0,Yes,No,Yes,Yes,Yes,No
CUST-04788,1,50.64,0.0,Month-to-month,DSL,Bank transfer,0,No,No,Yes,Yes,Yes,No
CUST-04789,23,93.83,2139.38,Month-to-month,Fiber optic,Credit card,0,No,No,No,Yes,Yes,Yes
CUST-04790,43,86.33,3811.63,Month-to-month,Fiber optic,Electronic check,0,Yes,No,Yes,No,No,Yes
CUST-04791,15,97.49,1370.87,Month-to-month,Fiber optic,Electronic check,0,No,No,No,No,No,Yes
CUST-04792,72,41.78,2792.96,Two year,Fiber optic,Credit card,1,Yes,Yes,No,No,No,No
CUST-04793,70,27.51,2038.63,Month-to-month,Fiber optic,Electronic check,0,Yes,Yes,Yes,Yes,No,No
CUST-04794,19,69.9,1329.96,Two year,DSL,Mailed check,0,Yes,No,No,No,Yes,No
CUST-04795,29,130.0,3746.81,Month-to-month,DSL,Mailed check,0,No,Yes,No,No,No,Yes
CUST-04796,14,101.66,1428.25,Month-to-month,DSL,Bank transfer,0,No,No,Yes,No,Yes,Yes
CUST-04797,37,56.14,1994.6,One year,No,Mailed check,0,No,Yes,No,No,No,No
CUST-04798,9,80.61,705.71,Two year,DSL,Credit card,1,Yes,No,No,Yes,Yes,No
CUST-04799,29,88.19,2583.08,Month-to-month,No,Electronic check,0,No,No,No,No,Yes,Yes
CUST-04800,40,35.79,1479.59,Month-to-month,DSL,Bank transfer,0,No,Yes,Yes,No,No,No
CUST-04801,45,104.24,4693.4,One year,No,Bank transfer,0,No,Yes,Yes,Yes,Yes,No
CUST-04802,43,65.81,2587.87,Month-to-month,Fiber optic,Bank transfer,0,No,Yes,Yes,No,Yes,No
CUST-04803,16,67.73,1050.43,One year,Fiber optic,Electronic check,0,Yes,No,No,No,No,Yes
CUST-04804,58,70.59,4098.4,Two year,Fiber optic,Mailed check,0,No,Yes,No,No,Yes,No
CUST-04805,50,98.61,4942.96,Month-to-month,Fiber optic,Credit card,0,No,No,No,No,No,No
CUST-04806,55,51.12,2767.47,Two year,Fiber optic,Bank transfer,0,Yes,No,No,No,Yes,No
CUST-04807,34,27.33,1123.91,Month-to-month,DSL,Electronic check,0,No,Yes,No,No,Yes,No
CUST-04808,65,78.07,5028.84,Two year,No,Bank transfer,0,Yes,Yes,No,No,No,No
CUST-04809,29,20.0,623.35,Two year,Fiber optic,Credit card,0,No,Yes,Yes,No,Yes,No
CUST-04810,59,62.47,3638.19,One year,DSL,Credit card,0,Yes,No,No,No,No,No
CUST-04811,15,99.67,1540.92,Two year,DSL,Electronic check,0,No,No,Yes,No,No,Yes
CUST-04812,18,84.48,1371.34,Two year,Fiber optic,Electronic check,0,Yes,No,Yes,No,No,No
CUST-04813,38,96.06,3799.9,Month-to-month,No,Electronic check,0,No,No,No,No,Yes,Yes
CUST-04814,41,85.51,3537.97,Month-to-month,Fiber optic,Mailed check,0,Yes,No,No,No,No,Yes
CUST-04815,54,130.0,6965.59,Month-to-month,DSL,Credit card,0,Yes,No,No,No,Yes,No
CUST-04816,22,55.29,1174.83,Month-to-month,Fiber optic,Mailed check,0,Yes,No,No,No,No,Yes
CUST-04817,63,79.95,4961.8,One year,DSL,Credit card,1,Yes,No,No,No,Yes,No
CUST-04818,24,59.05,1380.11,Month-to-month,DSL,Electronic check,0,No,No,Yes,No,Yes,Yes
CUST-04819,39,93.92,3659.35,One year,Fiber optic,Credit card,0,No,Yes,Yes,No,No,No
CUST-04820,68,68.46,4597.7,Month-to-month,DSL,Credit card,0,Yes,Yes,No,No,Yes,No
CUST-04821,39,112.97,4477.88,Month-to-month,Fiber optic,Credit card,0,No,No,No,No,No,Yes
CUST-04822,50,56.73,3057.26,Month-to-month,DSL,Bank transfer,0,No,No,Yes,No,Yes,No
CUST-04823,66,105.18,6917.91,Two year,DSL,Bank transfer,1,No,Yes,Yes,No,No,No
CUST-04824,71,84.83,5798.38,Month-to-month,DSL,Electronic check,0,Yes,Yes,Yes,No,Yes,Yes
CUST-04825,36,69.19,2454.7,Month-to-month,DSL,Credit card,1,No,Yes,No,No,No,Yes
CUST-04826,31,83.56,2578.43,Month-to-month,Fiber optic,Bank transfer,0,Yes,Yes,No,Yes,No,No
CUST-04827,15,76.53,1222.2,Two year,No,Bank transfer,0,Yes,No,No,No,Yes,No
CUST-04828,39,78.9,3004.72,Month-to-month,DSL,Mailed check,0,No,No,Yes,No,No,Yes
CUST-04829,67,64.83,4272.94,One year,No,Electronic check,0,No,No,No,Yes,No,No
CUST-04830,36,52.46,1815.45,Month-to-month,Fiber optic,Bank transfer,1,Yes,No,No,No,No,No
CUST-04831,26,61.62,1472.19,Month-to-month,DSL,Bank transfer,0,No,Yes,Yes,No,No,No
CUST-04832,8,27.92,43.78,One year,DSL,Electronic check,0,Yes,Yes,Yes,Yes,Yes,Yes
CUST-04833,29,91.05,2647.49,One year,DSL,Credit card,0,No,No,Yes,No,No,No
CUST-04834,18,39.12,557.9,One year,Fiber optic,Electronic check,0,Yes,No,No,No,Yes,No
CUST-04835,71,64.56,4551.82,Month-to-month,Fiber optic,Bank transfer,0,No,Yes,Yes,No,Yes,No
CUST-04836,38,86.2,3339.46,Two year,DSL,Electronic check,1,Yes,No,No,No,Yes,No
CUST-04837,10,90.98,816.77,One year,DSL,Credit card,0,Yes,No,Yes,Yes,No,No
CUST-04838,5,25.63,241.14,Two year,DSL,Mailed check,1,Yes,Yes,Yes,No,Yes,No
CUST-04839,62,67.7,4123.08,Month-to-month,Fiber optic,Mailed check,0,Yes,No,Yes,No,Yes,No
CUST-04840,68,81.49,5387.9,Month-to-month,DSL,Bank transfer,0,Yes,No,No,No,No,No
CUST-04841,55,71.3,3878.41,Month-to-month,Fiber optic,Credit card,0,Yes,No,No,No,Yes,No
CUST-04842,9,103.6,965.2,One year,Fiber optic,Bank transfer,0,No,No,No,No,Yes,No
CUST-04843,8,49.45,474.33,One year,Fiber optic,Bank transfer,1,Yes,Yes,No,No,No,No
CUST-04844,15,20.0,336.62,Month-to-month,DSL,Electronic check,0,No,Yes,No,No,No,Yes
CUST-04845,55,90.26,5139.36,Month-to-month,Fiber optic,Credit card,0,Yes,No,Yes,No,Yes,No
CUST-04846,56,56.57,3186.41,Month-to-month,Fiber optic,Bank transfer,1,Yes,No,No,No,Yes,No
CUST-04847,61,26.04,1534.27,Month-to-month,Fiber optic,Electronic check,0,No,No,No,No,Yes,No
CUST-04848,7,66.04,455.81,Two year,Fiber optic,Mailed check,0,Yes,No,Yes,Yes,No,No
CUST-04849,12,100.76,1078.2,Month-to-month,Fiber optic,Bank transfer,0,No,No,No,No,Yes,Yes
CUST-04850,65,38.42,2579.99,Month-to-month,DSL,Credit card,0,Yes,No,No,No,Yes,No
CUST-04851,67,128.4,8463.41,Month-to-month,Fiber optic,Bank transfer,0,Yes,No,No,No,Yes,No
CUST-04852,53,49.05,2495.39,Month-to-month,Fiber optic,Mailed check,0,No,No,No,Yes,No,No
CUST-04853,8,72.18,562.92,Two year,Fiber optic,Mailed check,0,No,No,No,Yes,Yes,No
CUST-04854,5,39.52,101.78,Month-to-month,Fiber optic,Bank transfer,0,No,No,No,No,No,Yes
CUST-04855,5,71.04,391.66,Two year,No,Credit card,0,Yes,Yes,Yes,No,No,No
CUST-04856,50,66.66,3361.06,One year,No,Bank transfer,0,No,Yes,No,Yes,Yes,No
CUST-04857,61,32.76,2070.31,One year,DSL,Credit card,0,No,Yes,No,Yes,Yes,No
CUST-04858,46,130.0,6037.09,Month-to-month,DSL,Bank transfer,0,Yes,No,Yes,Yes,No,No
CUST-04859,19,57.62,1116.55,One year,No,Mailed check,0,Yes,No,No,No,Yes,No
CUST-04860,55,57.64,3161.42,One year,Fiber optic,Mailed check,0,No,No,Yes,Yes,Yes,No
CUST-04861,5,94.23,540.83,Month-to-month,No,Mailed check,0,Yes,No,No,No,Yes,Yes
CUST-04862,60,115.36,6920.95,Two year,Fiber optic,Electronic check,1,Yes,No,Yes,No,Yes,No
CUST-04863,65,98.16,6520.08,Month-to-month,No,Bank transfer,0,Yes,No,No,No,Yes,No
CUST-04864,52,39.97,2167.57,Month-to-month,DSL,Electronic check,0,Yes,No,No,No,Yes,No
CUST-04865,64,75.35,4794.7,Month-to-month,Fiber optic,Credit card,0,Yes,Yes,Yes,No,Yes,Yes
CUST-04866,43,22.97,1105.99,One year,Fiber optic,Credit card,0,Yes,No,No,No,Yes,No
CUST-04867,34,92.54,3296.55,Month-to-month,DSL,Mailed check,0,Yes,No,Yes,No,No,No
CUST-04868,24,29.12,910.62,Month-to-month,DSL,Bank transfer,0,Yes,No,No,No,No,No
CUST-04869,67,49.92,3457.93,Month-to-month,DSL,Electronic check,0,No,No,No,Yes,Yes,No
CUST-04870,51,69.92,3458.98,Month-to-month,DSL,Bank transfer,1,No,Yes,No,Yes,Yes,No
CUST-04871,14,81.13,1039.9,Month-to-month,No,Credit card,0,No,No,Yes,No,No,No
CUST-04872,69,63.48,4274.76,Two year,No,Bank transfer,0,Yes,No,Yes,Yes,Yes,No
CUST-04873,5,107.98,640.38,Month-to-month,No,Credit card,1,Yes,No,No,No,No,Yes
CUST-04874,43,88.08,4041.5,Two year,No,Electronic check,1,No,No,No,No,Yes,No
CUST-04875,14,86.12,1242.18,One year,Fiber optic,Credit card,0,No,No,Yes,No,Yes,Yes
CUST-04876,48,39.26,1888.95,One year,No,Mailed check,0,No,Yes,Yes,Yes,No,No
CUST-04877,30,112.48,3424.77,Two year,DSL,Electronic check,0,No,No,No,Yes,No,No
CUST-04878,32,49.92,1654.43,Month-to-month,DSL,Bank transfer,0,Yes,No,No,No,No,No
CUST-04879,49,113.44,5685.06,One year,No,Bank transfer,0,Yes,No,No,No,Yes,No
CUST-04880,55,120.55,6571.9,Month-to-month,Fiber optic,Electronic check,0,Yes,No,No,Yes,Yes,Yes
CUST-04881,28,82.82,2364.58,Month-to-month,Fiber optic,Mailed check,0,Yes,No,No,No,Yes,Yes
CUST-04882,72,95.8,6979.41,Month-to-month,Fiber optic,Credit card,0,No,No,No,No,No,No
CUST-04883,36,20.0,745.29,One year,DSL,Electronic check,0,Yes,No,No,No,No,No
CUST-04884,12,65.12,625.23,Two year,DSL,Electronic check,0,No,No,Yes,No,Yes,No
CUST-04885,1,97.55,0.0,Month-to-month,Fiber optic,Credit card,0,No,No,No,No,No,Yes
CUST-04886,15,93.11,1258.67,One year,Fiber optic,Bank transfer,0,No,Yes,No,Yes,Yes,No
CUST-04887,50,39.51,2086.19,Month-to-month,Fiber optic,Mailed check,0,No,No,Yes,No,No,Yes
CUST-04888,39,62.66,2601.04,Month-to-month,Fiber optic,Mailed check,0,Yes,No,Yes,Yes,Yes,No
CUST-04889,25,20.0,389.98,Month-to-month,Fiber optic,Credit card,0,Yes,No,No,No,Yes,No
CUST-04890,35,80.32,2892.78,One year,Fiber optic,Credit card,0,No,No,Yes,No,No,No
CUST-04891,61,22.92,1194.34,Month-to-month,Fiber optic,Electronic check,0,Yes,No,No,No,No,No
CUST-04892,42,98.26,4065.03,Month-to-month,Fiber optic,Credit card,0,No,Yes,Yes,No,No,Yes
CUST-04893,5,99.57,534.78,Month-to-month,No,Mailed check,0,Yes,No,No,No,Yes,Yes
CUST-04894,4,58.14,316.49,One year,Fiber optic,Mailed check,1,No,Yes,No,No,Yes,No
CUST-04895,35,83.03,2838.47,Two year,No,Mailed check,0,Yes,No,No,Yes,Yes,No
CUST-04896,30,64.57,1926.62,Month-to-month,Fiber optic,Mailed check,0,No,No,No,No,Yes,Yes
CUST-04897,62,76.05,4707.98,One year,No,Bank transfer,0,No,No,No,Yes,Yes,No
CUST-04898,42,41.32,1601.88,One year,Fiber optic,Credit card,0,Yes,No,Yes,No,Yes,No
CUST-04899,55,85.56,4810.96,Month-to-month,Fiber optic,Electronic check,1,No,No,No,Yes,No,No
CUST-04900,43,28.97,1265.04,Month-to-month,Fiber optic,Bank transfer,0,No,No,No,Yes,No,No
CUST-04901,25,24.25,526.53,Two year,Fiber optic,Electronic check,0,Yes,No,No,No,Yes,Yes
CUST-04902,48,66.95,3207.26,Month-to-month,DSL,Electronic check,0,No,No,No,Yes,No,No
CUST-04903,45,64.72,3022.29,Month-to-month,DSL,Mailed check,0,No,No,No,No,Yes,No
CUST-04904,52,76.81,3913.5,Two year,DSL,Credit card,0,Yes,No,No,No,Yes,No
CUST-04905,14,53.76,637.73,Two year,Fiber optic,Mailed check,0,Yes,No,Yes,No,Yes,Yes
CUST-04906,47,117.14,5395.04,One year,DSL,Mailed check,0,No,No,No,Yes,Yes,No
CUST-04907,21,74.02,1794.49,Two year,Fiber optic,Credit card,0,No,No,No,No,Yes,No
CUST-04908,57,75.82,4410.74,Month-to-month,DSL,Mailed check,0,Yes,No,No,No,Yes,No
CUST-04909,58,74.93,4248.16,One year,DSL,Credit card,0,Yes,No,No,Yes,Yes,No
CUST-04910,45,95.07,4289.52,Month-to-month,Fiber optic,Credit card,0,No,Yes,Yes,No,No,No
CUST-04911,69,84.4,5848.97,Two year,No,Bank transfer,0,Yes,No,Yes,No,Yes,No
CUST-04912,39,81.05,3166.72,Month-to-month,Fiber optic,Credit card,0,Yes,No,No,No,Yes,No
CUST-04913,2,88.4,119.73,Month-to-month,No,Credit card,0,Yes,Yes,Yes,No,No,Yes
CUST-04914,44,24.38,933.4,Month-to-month,DSL,Electronic check,0,Yes,No,No,Yes,Yes,Yes
CUST-04915,56,25.33,1345.83,One year,Fiber optic,Electronic check,1,No,No,No,No,Yes,No
CUST-04916,8,68.1,493.42,Month-to-month,DSL,Mailed check,0,No,No,Yes,Yes,Yes,Yes
CUST-04917,8,65.06,603.23,One year,DSL,Bank transfer,0,No,No,No,Yes,No,No
CUST-04918,20,84.5,1706.95,Month-to-month,DSL,Mailed check,0,Yes,No,No,Yes,Yes,No
CUST-04919,61,70.5,4356.15,Month-to-month,DSL,Bank transfer,0,Yes,No,Yes,Yes,Yes,Yes
CUST-04920,38,84.55,3100.17,One year,Fiber optic,Credit card,0,No,No,Yes,No,Yes,No
CUST-04921,71,38.86,2733.97,Month-to-month,Fiber optic,Electronic check,0,No,Yes,No,No,No,No
CUST-04922,63,69.73,4498.44,One year,DSL,Credit card,0,Yes,No,Yes,No,Yes,No
CUST-04923,40,36.47,1331.47,Two year,No,Mailed check,0,No,Yes,Yes,Yes,Yes,No
CUST-04924,49,79.67,4072.95,One year,Fiber optic,Credit card,0,Yes,Yes,No,No,Yes,No
CUST-04925,24,23.04,564.38,Month-to-month,DSL,Bank transfer,0,Yes,No,Yes,No,Yes,No
CUST-04926,7,78.71,615.71,Month-to-month,Fiber optic,Electronic check,0,No,Yes,No,No,No,No
CUST-04927,29,33.28,774.52,Two year,DSL,Credit card,0,Yes,No,No,Yes,No,No
CUST-04928,43,60.41,2669.93,One year,Fiber optic,Electronic check,0,Yes,Yes,No,Yes,Yes,No
CUST-04929,14,92.37,1206.31,Two year,Fiber optic,Mailed check,0,No,No,No,Yes,No,Yes
CUST-04930,16,75.68,1218.43,Month-to-month,DSL,Bank transfer,0,Yes,Yes,No,No,No,No
CUST-04931,2,28.86,0.0,One year,DSL,Credit card,0,No,No,No,Yes,Yes,No
CUST-04932,53,53.19,2919.56,Month-to-month,DSL,Electronic check,0,Yes,Yes,Yes,No,Yes,No
CUST-04933,65,32.47,2004.73,One year,Fiber optic,Bank transfer,0,No,No,Yes,No,Yes,No
CUST-04934,60,27.63,1705.14,Two year,Fiber optic,Electronic check,0,Yes,No,No,Yes,No,No
CUST-04935,28,72.94,2078.66,Two year,No,Mailed check,0,No,No,No,Yes,Yes,No
CUST-04936,43,84.01,3639.55,Month-to-month,DSL,Mailed check,1,Yes,Yes,No,Yes,No,No
CUST-04937,70,81.02,5653.13,Two year,DSL,Mailed check,0,No,No,No,No,Yes,No
CUST-04938,43,85.07,3712.97,Month-to-month,DSL,Bank transfer,1,No,No,Yes,Yes,Yes,Yes
CUST-04939,22,69.7,1527.76,Month-to-month,Fiber optic,Bank transfer,0,Yes,No,Yes,No,Yes,No
CUST-04940,25,63.17,1552.68,One year,Fiber optic,Bank transfer,0,No,Yes,Yes,No,Yes,No
CUST-04941,53,43.17,2362.16,Month-to-month,No,Electronic check,0,Yes,No,Yes,Yes,No,No
CUST-04942,33,59.0,2152.18,Month-to-month,Fiber optic,Credit card,1,Yes,No,No,No,No,Yes
CUST-04943,61,36.97,2252.17,One year,DSL,Bank transfer,0,Yes,Yes,No,No,Yes,No
CUST-04944,63,48.87,2945.97,One year,No,Electronic check,0,No,Yes,Yes,Yes,Yes,No
CUST-04945,3,72.22,189.28,One year,Fiber optic,Credit card,0,Yes,No,Yes,No,No,No
CUST-04946,53,67.05,3617.76,Month-to-month,DSL,Credit card,0,No,Yes,No,No,Yes,No
CUST-04947,27,130.0,3474.64,One year,No,Bank transfer,0,No,No,No,No,Yes,Yes
CUST-04948,38,36.36,1237.7,Month-to-month,Fiber optic,Mailed check,0,Yes,No,No,No,Yes,Yes
CUST-04949,20,66.87,1362.95,Month-to-month,Fiber optic,Credit card,0,Yes,No,Yes,No,Yes,Yes
CUST-04950,27,34.41,909.0,Month-to-month,Fiber optic,Mailed check,0,No,Yes,No,No,No,Yes
CUST-04951,24,60.31,1384.55,One year,DSL,Bank transfer,0,Yes,No,No,Yes,No,No
CUST-04952,4,61.32,273.01,Month-to-month,Fiber optic,Bank transfer,0,Yes,No,No,No,Yes,Yes
CUST-04953,57,91.12,5283.92,Month-to-month,Fiber optic,Bank transfer,0,Yes,No,No,No,No,No
CUST-04954,11,58.76,604.95,Two year,No,Credit card,0,Yes,No,Yes,Yes,Yes,No
CUST-04955,28,65.22,1907.39,Two year,DSL,Electronic check,0,No,No,Yes,No,No,No
CUST-04956,14,59.24,840.24,One year,Fiber optic,Electronic check,0,Yes,No,No,Yes,No,Yes
CUST-04957,12,34.97,319.22,One year,Fiber optic,Bank transfer,0,No,Yes,No,No,Yes,No
CUST-04958,27,53.7,1256.23,Two year,Fiber optic,Credit card,0,No,No,Yes,No,Yes,No
CUST-04959,67,60.45,4073.23,One year,Fiber optic,Mailed check,0,No,No,No,Yes,No,No
CUST-04960,68,71.85,4879.85,Month-to-month,Fiber optic,Bank transfer,0,No,No,Yes,Yes,No,Yes
CUST-04961,28,83.97,2279.89,One year,Fiber optic,Credit card,1,Yes,No,No,No,Yes,Yes
CUST-04962,37,64.14,2313.74,Two year,Fiber optic,Bank transfer,1,Yes,Yes,No,No,No,No
CUST-04963,71,63.7,4405.47,One year,DSL,Electronic check,0,Yes,No,No,Yes,Yes,No
CUST-04964,17,26.98,485.31,Month-to-month,Fiber optic,Credit card,0,No,Yes,No,No,Yes,No
CUST-04965,69,83.49,5655.7,Two year,Fiber optic,Credit card,0,No,No,No,No,No,No
CUST-04966,8,52.6,393.4,One year,Fiber optic,Bank transfer,1,Yes,No,Yes,No,No,Yes
CUST-04967,17,88.68,1459.91,Month-to-month,Fiber optic,Bank transfer,0,No,No,No,Yes,No,No
CUST-04968,25,102.91,2422.64,Two year,Fiber optic,Bank transfer,0,Yes,Yes,Yes,No,Yes,No
CUST-04969,3,65.3,256.92,One year,DSL,Bank transfer,0,No,No,No,Yes,Yes,No
CUST-04970,59,44.42,2603.45,Two year,DSL,Mailed check,0,Yes,No,Yes,No,Yes,No
CUST-04971,62,69.58,4552.46,Two year,DSL,Bank transfer,0,Yes,Yes,No,Yes,Yes,No
CUST-04972,28,78.72,2117.87,Month-to-month,Fiber optic,Bank transfer,0,No,No,Yes,No,Yes,No
CUST-04973,61,62.11,3967.64,One year,Fiber optic,Credit card,0,No,No,No,Yes,No,No
CUST-04974,56,55.9,3135.84,Month-to-month,No,Credit card,1,No,No,No,Yes,Yes,Yes
CUST-04975,58,84.09,4829.68,Two year,Fiber optic,Bank transfer,0,Yes,No,No,No,Yes,No
CUST-04976,58,82.44,4682.87,Two year,Fiber optic,Credit card,0,No,No,Yes,Yes,No,No
CUST-04977,42,61.34,2443.09,Two year,Fiber optic,Mailed check,1,Yes,Yes,No,No,Yes,No
CUST-04978,8,28.65,164.87,One year,Fiber optic,Credit card,0,Yes,No,Yes,No,Yes,No
CUST-04979,67,81.41,5380.52,One year,Fiber optic,Mailed check,1,No,No,Yes,No,Yes,No
CUST-04980,44,50.82,2193.87,Month-to-month,Fiber optic,Credit card,0,Yes,No,No,No,Yes,Yes
CUST-04981,65,75.36,4825.01,Month-to-month,Fiber optic,Mailed check,0,No,No,Yes,Yes,Yes,No
CUST-04982,70,73.78,5253.83,Month-to-month,No,Bank transfer,0,Yes,Yes,No,No,No,No
CUST-04983,14,22.78,210.32,Two year,Fiber optic,Electronic check,1,No,No,No,Yes,Yes,No
CUST-04984,29,72.03,2014.15,One year,DSL,Credit card,0,Yes,No,No,No,Yes,No
CUST-04985,14,82.86,1134.18,One year,Fiber optic,Mailed check,0,Yes,No,No,No,No,Yes
CUST-04986,4,85.93,260.93,Month-to-month,No,Electronic check,1,Yes,No,No,No,Yes,Yes
CUST-04987,70,72.93,5199.09,One year,DSL,Mailed check,0,No,No,No,No,No,No
CUST-04988,67,20.57,1285.16,Month-to-month,No,Mailed check,0,No,No,Yes,No,Yes,No
CUST-04989,68,101.93,6897.95,Two year,No,Electronic check,0,Yes,Yes,No,No,No,No
CUST-04990,64,80.28,5097.14,Two year,Fiber optic,Bank transfer,0,Yes,No,No,No,No,No
CUST-04991,47,39.92,1836.47,Month-to-month,DSL,Electronic check,0,No,No,No,No,No,Yes
CUST-04992,38,50.31,2123.81,Two year,DSL,Bank transfer,0,Yes,Yes,No,Yes,Yes,No
CUST-04993,72,75.78,5579.55,Month-to-month,DSL,Mailed check,0,Yes,No,No,Yes,Yes,No
CUST-04994,40,86.99,3527.61,Month-to-month,Fiber optic,Bank transfer,0,Yes,No,Yes,No,No,No
CUST-04995,47,57.8,2742.69,One year,Fiber optic,Electronic check,0,Yes,No,No,No,Yes,No
CUST-04996,16,90.64,1631.65,One year,No,Credit card,0,No,Yes,No,Yes,Yes,No
CUST-04997,54,25.18,1338.82,Month-to-month,DSL,Electronic check,0,Yes,No,No,Yes,Yes,No
CUST-04998,60,43.94,2603.18,Month-to-month,Fiber optic,Credit card,0,Yes,No,No,No,No,No
CUST-04999,49,20.0,969.26,Month-to-month,Fiber optic,Mailed check,0,Yes,No,No,Yes,Yes,No
CUST-05000,36,47.56,1695.73,Month-to-month,Fiber optic,Credit card,0,Yes,No,No,No,No,Yes
CUST-05001,15,107.7,1642.05,Month-to-month,Fiber optic,Bank transfer,0,No,No,No,Yes,No,Yes
CUST-05002,3,121.45,367.13,Month-to-month,No,Credit card,0,Yes,No,Yes,No,No,Yes
CUST-05003,46,75.86,3271.21,Two year,Fiber optic,Bank transfer,0,No,No,Yes,Yes,No,No
CUST-05004,50,54.04,2723.94,Month-to-month,DSL,Credit card,0,No,Yes,No,Yes,Yes,No
CUST-05005,56,64.46,3653.16,Month-to-month,Fiber optic,Bank transfer,0,No,No,No,No,Yes,No
CUST-05006,69,81.83,5688.68,Month-to-month,DSL,Bank transfer,1,No,No,No,No,No,Yes
CUST-05007,36,30.93,1043.31,Month-to-month,No,Bank transfer,0,Yes,No,Yes,No,Yes,No
CUST-05008,60,55.69,3198.36,One year,No,Mailed check,0,Yes,No,No,Yes,No,No
CUST-05009,52,105.87,5615.99,Month-to-month,DSL,Credit card,0,No,Yes,No,No,Yes,Yes
CUST-05010,20,43.86,839.6,Month-to-month,Fiber optic,Credit card,0,Yes,No,No,Yes,Yes,Yes
CUST-05011,61,51.27,3079.39,Two year,Fiber optic,Bank transfer,0,No,Yes,Yes,No,Yes,No
CUST-05012,4,70.33,218.45,One year,Fiber optic,Mailed check,0,No,Yes,No,Yes,Yes,No
CUST-05013,44,77.08,3438.96,Month-to-month,Fiber optic,Mailed check,0,No,Yes,No,No,Yes,No
CUST-05014,68,54.37,3786.01,Month-to-month,No,Bank transfer,0,No,No,No,No,Yes,No
CUST-05015,48,71.92,3490.02,Two year,DSL,Electronic check,0,No,No,No,No,Yes,No
CUST-05016,68,85.2,5827.73,One year,Fiber optic,Electronic check,1,No,No,No,No,No,No
CUST-05017,5,119.04,555.82,Two year,DSL,Mailed check,1,Yes,No,No,No,Yes,No
CUST-05018,39,66.84,2560.23,Month-to-month,DSL,Bank transfer,0,Yes,No,Yes,No,Yes,No
CUST-05019,57,68.97,3889.9,One year,No,Credit card,0,No,Yes,Yes,No,Yes,No
CUST-05020,47,108.19,5121.38,Month-to-month,Fiber optic,Mailed check,0,Yes,No,No,Yes,Yes,Yes
CUST-05021,64,56.27,3543.93,Month-to-month,Fiber optic,Electronic check,0,No,Yes,No,No,No,Yes
CUST-05022,34,36.89,1307.76,One year,DSL,Bank transfer,0,Yes,Yes,No,Yes,No,Yes
CUST-05023,50,76.26,3873.03,One year,No,Credit card,1,No,No,No,No,No,No
CUST-05024,31,96.9,3068.51,Month-to-month,DSL,Credit card,1,No,No,No,No,No,Yes
CUST-05025,63,79.03,4935.6,Month-to-month,Fiber optic,Bank transfer,0,Yes,No,No,No,No,No
CUST-05026,9,67.57,520.67,One year,DSL,Electronic check,0,No,No,No,No,Yes,Yes
CUST-05027,19,33.79,642.04,Month-to-month,Fiber optic,Bank transfer,0,No,No,No,Yes,No,Yes
CUST-05028,7,68.54,431.04,Month-to-month,Fiber optic,Electronic check,0,No,No,Yes,No,Yes,Yes
CUST-05029,51,100.83,5079.34,Month-to-month,DSL,Credit card,0,Yes,No,No,No,Yes,Yes
CUST-05030,17,39.15,637.22,Month-to-month,Fiber optic,Credit card,0,Yes,Yes,No,No,No,Yes
CUST-05031,23,63.88,1527.7,Two year,Fiber optic,Bank transfer,0,No,Yes,Yes,Yes,No,No
CUST-05032,61,60.31,3593.0,Month-to-month,Fiber optic,Electronic check,0,Yes,No,No,No,Yes,Yes
CUST-05033,26,52.56,1533.2,Month-to-month,Fiber optic,Mailed check,0,Yes,No,Yes,Yes,Yes,Yes
CUST-05034,11,76.2,889.29,One year,No,Bank transfer,0,No,No,No,No,No,No
CUST-05035,2,81.08,115.32,Month-to-month,DSL,Credit card,0,Yes,No,No,No,No,No
CUST-05036,17,80.82,1444.83,One year,DSL,Credit card,1,No,No,Yes,Yes,No,No
CUST-05037,66,45.58,2919.16,Month-to-month,DSL,Electronic check,0,Yes,No,No,Yes,No,No
CUST-05038,40,28.85,1169.34,Two year,DSL,Bank transfer,0,No,No,Yes,No,Yes,Yes
CUST-05039,72,76.56,5555.34,One year,Fiber optic,Credit card,0,Yes,No,No,Yes,Yes,No
CUST-05040,16,57.35,982.5,One year,DSL,Electronic check,0,Yes,No,Yes,No,No,No
CUST-05041,26,115.96,3000.4,Month-to-month,DSL,Mailed check,0,No,No,No,No,Yes,No
CUST-05042,12,117.11,1297.19,Two year,DSL,Bank transfer,0,Yes,Yes,No,No,Yes,No
CUST-05043,29,119.77,3471.85,One year,Fiber optic,Bank transfer,0,Yes,Yes,No,Yes,Yes,No
CUST-05044,41,46.5,2028.2,Month-to-month,Fiber optic,Credit card,0,No,No,No,No,Yes,No
CUST-05045,59,84.23,4902.22,Month-to-month,Fiber optic,Bank transfer,0,Yes,No,No,No,Yes,No
CUST-05046,27,91.77,2407.0,Month-to-month,No,Mailed check,0,No,Yes,No,No,Yes,Yes
CUST-05047,56,88.96,4957.38,Month-to-month,DSL,Bank transfer,0,No,Yes,Yes,No,No,No
CUST-05048,46,61.14,2868.8,Month-to-month,Fiber optic,Bank transfer,0,Yes,No,No,Yes,Yes,No
CUST-05049,22,101.98,2133.53,Two year,DSL,Credit card,0,Yes,No,No,No,Yes,No
CUST-05050,66,70.01,4559.08,Two year,Fiber optic,Mailed check,0,No,No,Yes,No,No,No
CUST-05051,32,73.2,2240.22,Month-to-month,DSL,Credit card,0,Yes,No,No,No,Yes,No
CUST-05052,11,31.55,483.25,Two year,No,Credit card,0,Yes,Yes,Yes,No,Yes,No
CUST-05053,70,86.12,5934.51,One year,Fiber optic,Electronic check,0,No,No,No,No,Yes,Yes
CUST-05054,66,63.49,4201.72,Month-to-month,Fiber optic,Electronic check,0,No,Yes,No,No,Yes,Yes
CUST-05055,4,81.62,259.36,Two year,Fiber optic,Mailed check,0,Yes,No,Yes,No,Yes,No
CUST-05056,65,75.88,4970.04,One year,Fiber optic,Mailed check,1,Yes,No,No,Yes,No,No
CUST-05057,69,74.52,5236.61,One year,DSL,Electronic check,0,No,Yes,Yes,Yes,No,No
CUST-05058,60,68.86,4113.68,Month-to-month,No,Electronic check,0,No,No,No,No,Yes,No
CUST-05059,19,89.66,1778.83,Month-to-month,Fiber optic,Bank transfer,0,Yes,No,No,No,No,Yes
CUST-05060,46,65.03,3048.44,Two year,DSL,Credit card,0,No,No,Yes,No,Yes,No
CUST-05061,39,33.62,1334.52,Month-to-month,DSL,Electronic check,1,No,No,No,Yes,No,No
CUST-05062,45,84.22,3877.26,Month-to-month,DSL,Bank transfer,0,Yes,Yes,Yes,No,Yes,No
CUST-05063,45,49.77,2463.79,Month-to-month,Fiber optic,Mailed check,0,No,No,No,Yes,Yes,No
CUST-05064,47,36.89,1856.93,Month-to-month,Fiber optic,Electronic check,0,No,No,No,No,No,Yes
CUST-05065,38,44.44,1529.53,Month-to-month,Fiber optic,Bank transfer,0,No,No,Yes,No,Yes,Yes
CUST-05066,50,77.08,3716.05,Two year,DSL,Electronic check,1,No,No,Yes,Yes,Yes,No
CUST-05067,38,67.59,2558.8,Month-to-month,No,Electronic check,1,Yes,No,No,Yes,No,No
CUST-05068,2,20.0,0.0,Two year,DSL,Credit card,1,No,No,No,Yes,No,Yes
CUST-05069,3,60.41,165.78,One year,DSL,Mailed check,0,Yes,No,Yes,No,Yes,No
CUST-05070,69,99.23,6694.65,Month-to-month,No,Electronic check,0,Yes,Yes,Yes,No,Yes,No
CUST-05071,66,58.72,3890.76,Month-to-month,Fiber optic,Credit card,0,No,No,Yes,Yes,No,No
CUST-05072,43,65.86,2870.01,Month-to-month,Fiber optic,Bank transfer,0,No,No,Yes,No,Yes,Yes
CUST-05073,13,96.07,1233.22,Two year,No,Bank transfer,0,Yes,No,No,No,Yes,No
CUST-05074,57,89.89,5088.04,One year,DSL,Bank transfer,0,Yes,No,Yes,No,Yes,No
CUST-05075,11,95.54,979.46,Month-to-month,DSL,Mailed check,0,Yes,No,Yes,No,Yes,Yes
CUST-05076,28,20.0,568.66,Two year,DSL,Credit card,1,No,No,No,No,Yes,No
CUST-05077,24,113.34,2598.08,Two year,DSL,Mailed check,0,No,Yes,Yes,No,Yes,No
CUST-05078,1,85.91,0.0,Month-to-month,Fiber optic,Bank transfer,0,Yes,No,No,Yes,Yes,Yes
CUST-05079,59,130.0,7711.29,One year,Fiber optic,Credit card,0,Yes,No,No,No,Yes,No
CUST-05080,37,50.44,1830.38,One year,Fiber optic,Credit card,0,No,Yes,No,No,Yes,No
CUST-05081,23,25.91,548.3,Two year,Fiber optic,Bank transfer,1,No,Yes,No,No,Yes,No
CUST-05082,37,70.18,2691.11,Month-to-month,DSL,Electronic check,0,No,No,No,Yes,Yes,No
CUST-05083,1,63.12,57.68,Month-to-month,DSL,Electronic check,0,No,Yes,Yes,No,Yes,Yes
CUST-05084,32,86.34,2714.56,Month-to-month,Fiber optic,Mailed check,0,Yes,No,No,No,Yes,Yes
CUST-05085,38,96.87,3747.66,Month-to-month,Fiber optic,Bank transfer,1,Yes,No,No,No,Yes,Yes
CUST-05086,25,67.82,1604.63,Month-to-month,Fiber optic,Electronic check,1,Yes,No,No,No,No,Yes
CUST-05087,60,63.98,3518.99,One year,No,Mailed check,0,Yes,No,Yes,No,Yes,No
CUST-05088,18,83.07,1631.14,Month-to-month,No,Mailed check,0,No,No,Yes,No,Yes,Yes
CUST-05089,10,63.59,516.66,Month-to-month,Fiber optic,Mailed check,0,No,No,No,No,Yes,Yes
CUST-05090,38,61.5,2502.54,One year,Fiber optic,Bank transfer,0,No,Yes,No,No,Yes,No
CUST-05091,64,95.93,6082.66,Month-to-month,Fiber optic,Mailed check,0,Yes,No,No,No,No,Yes
CUST-05092,28,101.49,2652.58,Month-to-month,No,Bank transfer,0,No,No,No,No,No,Yes
CUST-05093,4,97.1,294.3,One year,Fiber optic,Mailed check,0,No,Yes,No,No,Yes,Yes
CUST-05094,70,65.79,4642.0,Two year,Fiber optic,Credit card,0,Yes,No,No,No,No,No
CUST-05095,32,20.0,794.95,Month-to-month,DSL,Mailed check,0,Yes,No,Yes,Yes,Yes,Yes
CUST-05096,13,66.29,950.71,Two year,Fiber optic,Credit card,0,No,No,No,No,No,No
CUST-05097,45,51.05,2397.93,Two year,Fiber optic,Credit card,0,Yes,No,Yes,No,Yes,No
CUST-05098,24,66.76,1475.15,One year,Fiber optic,Mailed check,0,No,No,No,Yes,Yes,Yes
CUST-05099,68,53.22,3700.62,Two year,No,Mailed check,0,Yes,Yes,No,No,No,No
CUST-05100,22,69.48,1504.35,Month-to-month,Fiber optic,Bank transfer,0,Yes,No,No,No,No,Yes
CUST-05101,40,44.02,1935.63,Month-to-month,DSL,Mailed check,0,No,No,No,Yes,Yes,Yes
CUST-05102,40,37.98,1564.51,Two year,DSL,Bank transfer,0,Yes,No,No,Yes,Yes,No
CUST-05103,18,100.57,1848.6,Month-to-month,Fiber optic,Mailed check,0,Yes,Yes,Yes,No,Yes,Yes
CUST-05104,36,45.76,1508.18,Month-to-month,Fiber optic,Credit card,0,Yes,No,No,Yes,Yes,Yes
CUST-05105,8,70.01,623.02,Month-to-month,DSL,Bank transfer,0,Yes,No,No,Yes,Yes,No
CUST-05106,47,93.86,4349.89,Month-to-month,Fiber optic,Electronic check,1,Yes,Yes,No,No,No,No
CUST-05107,55,92.86,5174.46,Month-to-month,Fiber optic,Electronic check,0,No,Yes,No,No,No,Yes
CUST-05108,69,89.87,6181.83,Month-to-month,DSL,Bank transfer,0,Yes,No,No,Yes,Yes,Yes
CUST-05109,24,77.57,1811.25,Two year,DSL,Mailed check,0,Yes,Yes,No,Yes,Yes,No
CUST-05110,21,88.1,1900.87,Month-to-month,DSL,Mailed check,0,Yes,No,No,No,No,Yes
CUST-05111,40,104.33,4188.55,Two year,Fiber optic,Bank transfer,0,No,No,No,Yes,No,No
CUST-05112,50,80.63,3905.81,Month-to-month,DSL,Mailed check,1,Yes,No,Yes,Yes,Yes,Yes
CUST-05113,72,24.07,1884.4,Month-to-month,DSL,Credit card,0,No,No,No,Yes,No,No
CUST-05114,2,56.79,92.66,Two year,Fiber optic,Bank transfer,0,No,Yes,No,No,No,No
CUST-05115,18,87.41,1659.26,Month-to-month,Fiber optic,Mailed check,1,Yes,No,No,No,Yes,Yes
CUST-05116,19,54.32,1020.24,Month-to-month,Fiber optic,Mailed check,1,Yes,No,Yes,No,Yes,Yes
CUST-05117,19,110.5,2011.62,Two year,Fiber optic,Mailed check,0,No,Yes,No,No,Yes,No
CUST-05118,34,68.42,2306.49,Month-to-month,Fiber optic,Electronic check,0,Yes,No,No,Yes,Yes,Yes
CUST-05119,63,72.13,4599.55,Month-to-month,Fiber optic,Electronic check,0,No,Yes,Yes,Yes,Yes,No
CUST-05120,3,98.12,535.64,Two year,No,Credit card,0,No,Yes,No,No,No,No
CUST-05121,59,65.43,3961.52,Month-to-month,Fiber optic,Credit card,0,No,No,No,No,No,Yes
CUST-05122,45,74.41,3293.85,One year,Fiber optic,Electronic check,0,Yes,No,No,Yes,No,No
CUST-05123,45,92.48,4009.71,Month-to-month,DSL,Bank transfer,0,Yes,No,No,Yes,No,No
CUST-05124,49,33.19,1629.26,Month-to-month,Fiber optic,Mailed check,0,Yes,No,No,Yes,Yes,No
CUST-05125,9,62.87,571.32,Month-to-month,No,Bank transfer,0,Yes,No,No,No,Yes,No
CUST-05126,54,90.73,4998.18,One year,DSL,Bank transfer,0,No,Yes,No,Yes,No,No
CUST-05127,18,71.64,1421.57,Month-to-month,DSL,Credit card,0,Yes,No,Yes,No,Yes,Yes
CUST-05128,38,106.68,4116.8,Two year,Fiber optic,Bank transfer,1,No,No,No,Yes,Yes,No
CUST-05129,49,30.6,1594.48,One year,No,Electronic check,0,No,No,No,No,No,No
CUST-05130,44,27.75,1201.0,One year,DSL,Bank transfer,1,Yes,No,Yes,Yes,No,No
CUST-05131,24,89.24,2227.99,Month-to-month,No,Credit card,1,No,No,No,No,No,Yes
CUST-05132,29,91.65,2689.42,One year,DSL,Credit card,0,No,No,Yes,No,No,No
CUST-05133,35,65.17,2481.09,One year,No,Bank transfer,0,Yes,No,No,No,Yes,No
CUST-05134,3,80.01,262.82,Month-to-month,No,Mailed check,0,No,No,Yes,Yes,Yes,No
CUST-05135,53,88.63,4678.73,Two year,Fiber optic,Bank transfer,0,Yes,No,No,Yes,Yes,No
CUST-05136,8,49.65,474.08,Month-to-month,No,Electronic check,0,No,Yes,No,No,Yes,Yes
CUST-05137,34,52.33,1931.71,Two year,No,Bank transfer,0,No,No,No,Yes,Yes,Yes
CUST-05138,48,74.74,3669.18,Two year,No,Electronic check,1,No,No,Yes,No,Yes,No
CUST-05139,6,92.6,599.09,Month-to-month,Fiber optic,Mailed check,0,Yes,No,No,Yes,No,Yes
CUST-05140,72,40.85,2936.72,Month-to-month,Fiber optic,Bank transfer,0,Yes,No,Yes,No,No,No
CUST-05141,28,65.05,1733.7,Month-to-month,DSL,Mailed check,0,No,No,No,No,Yes,No
CUST-05142,2,63.89,246.19,Month-to-month,DSL,Mailed check,0,No,Yes,Yes,No,Yes,Yes
CUST-05143,48,80.45,3980.21,Two year,Fiber optic,Bank transfer,0,Yes,No,No,Yes,No,No
CUST-05144,41,69.78,2650.43,Month-to-month,DSL,Credit card,0,No,No,Yes,No,Yes,Yes
CUST-05145,47,56.35,2563.64,One year,No,Credit card,0,Yes,Yes,No,No,No,Yes
CUST-05146,55,101.21,5638.61,Two year,DSL,Bank transfer,0,No,No,No,No,Yes,No
CUST-05147,35,56.52,1928.23,Two year,DSL,Bank transfer,0,Yes,No,No,No,Yes,No
CUST-05148,60,62.7,3817.61,Month-to-month,DSL,Mailed check,0,Yes,No,Yes,No,Yes,No
CUST-05149,27,30.21,716.66,Two year,DSL,Credit card,0,Yes,No,No,Yes,No,No
CUST-05150,40,52.16,2002.91,Month-to-month,DSL,Credit card,0,Yes,No,Yes,No,Yes,No
CUST-05151,12,82.9,879.86,Month-to-month,Fiber optic,Electronic check,0,No,Yes,No,Yes,No,Yes
CUST-05152,45,78.02,3499.32,Month-to-month,DSL,Credit card,0,No,No,No,No,Yes,No
CUST-05153,19,84.99,1614.57,One year,Fiber optic,Electronic check,0,No,No,Yes,No,Yes,No
CUST-05154,51,83.77,4151.42,Month-to-month,Fiber optic,Bank transfer,0,Yes,Yes,No,Yes,Yes,No
CUST-05155,58,122.19,6983.99,Month-to-month,Fiber optic,Mailed check,0,No,No,No,No,Yes,Yes
CUST-05156,62,51.3,3137.77,Month-to-month,Fiber optic,Bank transfer,0,No,No,Yes,No,Yes,No
CUST-05157,67,29.51,1942.87,Two year,DSL,Credit card,0,No,Yes,Yes,Yes,No,No
CUST-05158,9,43.74,316.24,One year,DSL,Electronic check,0,No,No,No,Yes,Yes,Yes
CUST-05159,10,52.41,583.7,One year,Fiber optic,Electronic check,0,Yes,Yes,Yes,No,Yes,No
CUST-05160,67,45.64,3015.57,One year,Fiber optic,Bank transfer,0,No,No,No,No,Yes,No
CUST-05161,28,72.34,2040.83,Month-to-month,DSL,Credit card,0,Yes,No,No,No,No,Yes
CUST-05162,2,101.32,243.45,Month-to-month,Fiber optic,Electronic check,0,No,Yes,No,No,Yes,Yes
CUST-05163,21,108.49,2188.41,Month-to-month,DSL,Mailed check,0,Yes,No,No,No,No,Yes
CUST-05164,61,82.61,5091.42,Month-to-month,DSL,Bank transfer,0,Yes,Yes,Yes,No,Yes,No
CUST-05165,26,123.53,3227.33,Two year,DSL,Electronic check,0,Yes,No,No,No,Yes,No
CUST-05166,6,61.09,374.78,Month-to-month,Fiber optic,Credit card,1,No,No,No,No,Yes,Yes
CUST-05167,52,29.19,1433.35,One year,Fiber optic,Bank transfer,0,No,No,No,Yes,Yes,No
CUST-05168,15,96.33,1535.19,Two year,Fiber optic,Bank transfer,0,Yes,No,No,No,No,No
CUST-05169,26,24.04,460.33,Two year,DSL,Electronic check,0,No,Yes,No,Yes,No,No
CUST-05170,1,51.12,36.62,Month-to-month,DSL,Electronic check,0,Yes,No,Yes,Yes,Yes,Yes
CUST-05171,44,83.0,3566.67,Two year,DSL,Electronic check,0,No,Yes,No,No,Yes,No
CUST-05172,33,67.44,2182.54,One year,Fiber optic,Electronic check,1,No,No,No,No,Yes,Yes
CUST-05173,63,65.23,3967.28,Month-to-month,Fiber optic,Bank transfer,0,No,No,No,No,Yes,Yes
CUST-05174,25,40.48,939.71,One year,Fiber optic,Credit card,1,Yes,No,No,No,Yes,No
CUST-05175,15,69.73,933.8,Month-to-month,DSL,Credit card,0,No,No,No,Yes,Yes,Yes
CUST-05176,12,95.09,990.05,Two year,DSL,Electronic check,0,No,No,No,No,Yes,No
CUST-05177,15,70.5,1108.96,One year,DSL,Electronic check,0,Yes,Yes,No,Yes,Yes,No
CUST-05178,33,49.24,1551.91,One year,No,Bank transfer,0,No,Yes,No,Yes,No,No
CUST-05179,7,38.81,249.35,Two year,Fiber optic,Credit card,0,Yes,Yes,Yes,No,No,No
CUST-05180,29,49.76,1477.38,One year,Fiber optic,Credit card,0,Yes,No,No,No,Yes,No
CUST-05181,62,79.81,4974.7,Month-to-month,Fiber optic,Bank transfer,0,No,No,No,No,Yes,No
CUST-05182,56,78.59,4384.67,Month-to-month,Fiber optic,Mailed check,0,No,Yes,No,Yes,Yes,No
CUST-05183,46,49.99,2228.89,Two year,Fiber optic,Mailed check,1,No,No,Yes,No,Yes,No
CUST-05184,65,20.0,1258.9,One year,Fiber optic,Bank transfer,0,No,No,No,Yes,No,No
CUST-05185,57,80.5,4605.63,Two year,Fiber optic,Credit card,0,No,No,Yes,Yes,No,No
CUST-05186,47,47.56,2338.61,Month-to-month,DSL,Electronic check,0,Yes,No,No,Yes,No,No
CUST-05187,63,87.23,5261.07,Month-to-month,Fiber optic,Credit card,0,Yes,No,No,Yes,No,No
CUST-05188,9,51.1,497.5,Two year,No,Bank transfer,0,Yes,Yes,No,No,No,No
CUST-05189,59,45.3,2552.29,One year,DSL,Electronic check,0,No,No,Yes,No,Yes,No
CUST-05190,22,73.83,1570.88,Month-to-month,Fiber optic,Electronic check,0,Yes,Yes,No,No,Yes,Yes
CUST-05191,53,128.94,6810.69,Month-to-month,No,Mailed check,0,Yes,No,Yes,Yes,No,No
CUST-05192,66,88.73,5843.02,Two year,Fiber optic,Mailed check,0,No,Yes,No,No,No,No
CUST-05193,36,73.41,2577.75,One year,Fiber optic,Electronic check,0,No,Yes,No,Yes,Yes,No
CUST-05194,7,78.97,665.91,Month-to-month,DSL,Mailed check,0,Yes,No,No,Yes,No,No
CUST-05195,27,26.22,762.82,Month-to-month,Fiber optic,Electronic check,0,No,No,Yes,No,Yes,Yes
CUST-05196,30,41.94,1210.72,Month-to-month,No,Credit card,0,Yes,No,Yes,Yes,No,Yes
CUST-05197,68,20.0,1515.89,Month-to-month,No,Electronic check,0,No,No,Yes,No,Yes,No
CUST-05198,68,113.25,7627.66,Month-to-month,DSL,Bank transfer,0,Yes,Yes,Yes,No,Yes,No
CUST-05199,41,108.18,4355.95,Month-to-month,No,Mailed check,0,No,No,Yes,Yes,No,No
CUST-05200,69,79.82,5515.77,Two year,Fiber optic,Credit card,0,Yes,No,No,No,Yes,No
CUST-05201,32,73.38,2287.87,Month-to-month,Fiber optic,Mailed check,1,No,No,Yes,No,No,No
CUST-05202,30,31.21,973.7,Two year,DSL,Bank transfer,0,No,No,No,No,Yes,No
CUST-05203,61,64.52,3903.41,Month-to-month,DSL,Mailed check,0,Yes,No,No,No,Yes,No
CUST-05204,49,114.81,5656.4,Month-to-month,Fiber optic,Credit card,0,No,No,Yes,No,No,No
CUST-05205,38,73.29,2692.72,Month-to-month,Fiber optic,Bank transfer,0,No,Yes,No,No,No,Yes
CUST-05206,33,55.88,2022.32,Month-to-month,No,Bank transfer,0,No,Yes,No,No,Yes,No
CUST-05207,51,26.05,1276.08,One year,DSL,Mailed check,0,No,Yes,No,Yes,Yes,No
CUST-05208,55,104.51,5888.58,Two year,No,Mailed check,0,Yes,No,Yes,No,Yes,No
CUST-05209,36,68.25,2319.31,One year,Fiber optic,Mailed check,0,No,No,Yes,No,Yes,No
CUST-05210,3,26.08,255.42,One year,DSL,Bank transfer,0,No,No,Yes,Yes,No,No
CUST-05211,8,46.89,359.89,Two year,DSL,Mailed check,0,Yes,No,No,Yes,Yes,No
CUST-05212,11,38.06,392.43,One year,Fiber optic,Mailed check,0,Yes,Yes,Yes,Yes,No,No
CUST-05213,34,66.71,2012.47,One year,Fiber optic,Mailed check,0,No,Yes,No,No,No,No
CUST-05214,45,75.18,3247.95,One year,DSL,Credit card,0,No,No,No,Yes,Yes,No
CUST-05215,58,57.42,3230.93,Month-to-month,Fiber optic,Mailed check,1,Yes,Yes,No,Yes,No,No
CUST-05216,17,89.43,1404.98,Month-to-month,Fiber optic,Credit card,0,Yes,No,No,No,Yes,Yes
CUST-05217,57,71.97,4160.89,One year,Fiber optic,Bank transfer,1,No,No,No,No,No,No
CUST-05218,48,96.56,4586.69,One year,Fiber optic,Electronic check,1,No,No,Yes,No,No,No
CUST-05219,4,61.07,240.06,Month-to-month,Fiber optic,Bank transfer,0,No,Yes,No,No,No,Yes
CUST-05220,26,130.0,3395.45,Two year,DSL,Credit card,0,No,No,No,No,Yes,Yes
CUST-05221,22,55.89,905.93,Month-to-month,DSL,Credit card,1,Yes,No,No,No,Yes,Yes
CUST-05222,64,47.42,3000.24,One year,DSL,Electronic check,0,No,No,No,No,Yes,No
CUST-05223,67,44.34,3172.32,Two year,No,Mailed check,0,No,Yes,Yes,Yes,Yes,No
CUST-05224,59,64.73,3921.08,Month-to-month,Fiber optic,Bank transfer,1,No,Yes,No,Yes,Yes,No
CUST-05225,39,27.01,1095.86,Two year,DSL,Mailed check,0,No,No,No,No,No,No
CUST-05226,36,77.36,2793.91,Two year,Fiber optic,Credit card,0,No,No,No,No,Yes,No
CUST-05227,23,22.37,651.96,One year,Fiber optic,Bank transfer,0,Yes,No,No,No,Yes,No
CUST-05228,56,74.04,4200.82,Two year,Fiber optic,Electronic check,1,Yes,No,No,No,No,No
CUST-05229,7,36.22,233.11,One year,DSL,Mailed check,0,Yes,No,No,No,No,No
CUST-05230,20,60.47,1240.69,Month-to-month,Fiber optic,Electronic check,1,No,No,No,No,Yes,Yes
CUST-05231,10,85.11,927.78,One year,Fiber optic,Mailed check,0,No,No,No,No,No,Yes
CUST-05232,36,127.6,4715.05,Month-to-month,DSL,Credit card,0,No,Yes,No,Yes,No,Yes
CUST-05233,22,43.05,802.26,Month-to-month,DSL,Electronic check,0,Yes,No,Yes,Yes,Yes,Yes
CUST-05234,15,66.24,1002.25,Month-to-month,DSL,Mailed check,0,Yes,Yes,No,No,Yes,Yes
CUST-05235,28,51.91,1546.08,Month-to-month,Fiber optic,Electronic check,0,Yes,Yes,No,Yes,Yes,No
CUST-05236,62,48.25,2929.04,Two year,DSL,Mailed check,0,No,Yes,No,Yes,Yes,No
CUST-05237,41,52.13,2113.44,Two year,DSL,Credit card,0,Yes,Yes,Yes,Yes,Yes,No
CUST-05238,60,90.6,5596.07,Two year,Fiber optic,Credit card,0,No,No,No,No,Yes,No
CUST-05239,66,57.8,3833.88,Month-to-month,No,Credit card,0,Yes,No,No,Yes,No,Yes
CUST-05240,65,126.23,8125.89,One year,Fiber optic,Mailed check,0,Yes,No,No,Yes,Yes,No
CUST-05241,26,80.4,1943.65,One year,Fiber optic,Mailed check,1,Yes,Yes,No,Yes,Yes,No
CUST-05242,64,44.75,2848.54,Month-to-month,Fiber optic,Electronic check,0,Yes,No,No,No,No,No
CUST-05243,66,60.83,3951.93,One year,Fiber optic,Credit card,0,No,No,Yes,No,No,No
CUST-05244,70,49.95,3618.68,Month-to-month,No,Credit card,0,Yes,No,No,No,Yes,No
CUST-05245,26,90.0,2262.07,Two year,No,Mailed check,1,No,No,No,Yes,No,No
CUST-05246,17,29.03,578.91,Month-to-month,Fiber optic,Bank transfer,0,Yes,No,Yes,No,No,Yes
CUST-05247,43,36.48,1562.27,Two year,Fiber optic,Electronic check,0,No,No,No,Yes,No,No
CUST-05248,68,55.21,3704.59,Two year,DSL,Bank transfer,0,Yes,No,No,No,No,No
CUST-05249,65,87.07,5626.82,One year,Fiber optic,Electronic check,0,No,No,Yes,Yes,Yes,No
CUST-05250,42,100.83,4356.25,Month-to-month,Fiber optic,Mailed check,0,No,No,No,No,No,Yes
CUST-05251,11,104.51,1224.68,Month-to-month,Fiber optic,Mailed check,0,No,No,Yes,No,No,No
CUST-05252,31,83.25,2598.99,Two year,Fiber optic,Credit card,0,No,No,Yes,No,No,No
CUST-05253,52,67.93,3467.75,Month-to-month,DSL,Mailed check,1,No,No,Yes,Yes,No,No
CUST-05254,41,89.87,3754.65,Month-to-month,Fiber optic,Electronic check,1,No,No,No,No,Yes,Yes
CUST-05255,25,41.39,1043.12,Two year,DSL,Electronic check,0,No,No,Yes,No,Yes,No
CUST-05256,25,23.88,551.72,One year,DSL,Electronic check,0,No,No,No,No,Yes,No
CUST-05257,5,80.92,309.29,One year,DSL,Electronic check,0,No,No,No,No,No,Yes
CUST-05258,21,44.86,881.88,Month-to-month,DSL,Mailed check,0,No,No,Yes,No,Yes,No
CUST-05259,49,68.37,3239.33,Month-to-month,DSL,Electronic check,0,No,No,No,No,No,No
CUST-05260,18,72.99,1228.45,Two year,Fiber optic,Bank transfer,1,Yes,No,No,Yes,Yes,No
CUST-05261,72,76.2,5753.64,Month-to-month,Fiber optic,Mailed check,0,No,Yes,No,No,Yes,No
CUST-05262,6,93.44,374.4,Month-to-month,Fiber optic,Electronic check,0,Yes,No,Yes,Yes,No,Yes
CUST-05263,43,90.8,3990.43,Month-to-month,Fiber optic,Bank transfer,0,Yes,No,No,No,No,Yes
CUST-05264,36,74.88,2742.46,One year,No,Mailed check,0,No,Yes,No,No,No,No
CUST-05265,60,58.95,3376.42,Month-to-month,No,Bank transfer,0,Yes,Yes,No,No,Yes,No
CUST-05266,64,72.69,4732.85,Two year,Fiber optic,Bank transfer,0,Yes,No,No,Yes,No,No
CUST-05267,40,55.09,2410.26,Month-to-month,Fiber optic,Credit card,0,No,Yes,No,Yes,Yes,Yes
CUST-05268,46,65.09,2991.75,Month-to-month,Fiber optic,Bank transfer,0,Yes,Yes,No,No,No,Yes
CUST-05269,51,130.0,6721.72,Two year,Fiber optic,Mailed check,0,No,Yes,No,No,Yes,No
CUST-05270,38,74.55,2817.34,Two year,DSL,Electronic check,0,Yes,Yes,Yes,No,Yes,No
CUST-05271,14,81.26,1178.27,One year,Fiber optic,Electronic check,0,No,Yes,Yes,Yes,Yes,Yes
CUST-05272,31,52.36,1434.87,Two year,DSL,Bank transfer,0,Yes,No,No,Yes,Yes,No
CUST-05273,18,95.5,1718.9,Month-to-month,Fiber optic,Electronic check,0,No,No,No,No,Yes,Yes
CUST-05274,34,89.01,3027.1,Month-to-month,Fiber optic,Mailed check,0,Yes,No,No,No,Yes,Yes
CUST-05275,45,89.18,3968.86,Month-to-month,No,Electronic check,0,Yes,No,Yes,No,Yes,Yes
CUST-05276,16,75.37,1351.9,Month-to-month,DSL,Mailed check,0,Yes,Yes,Yes,No,Yes,No
CUST-05277,18,95.85,1720.16,One year,Fiber optic,Credit card,0,Yes,No,Yes,Yes,Yes,No
CUST-05278,60,101.79,6091.78,Two year,Fiber optic,Electronic check,0,No,No,No,No,No,No
CUST-05279,28,77.08,2120.84,Month-to-month,No,Credit card,0,No,No,Yes,Yes,No,No
CUST-05280,15,67.13,963.28,Month-to-month,No,Credit card,0,Yes,Yes,No,No,No,No
CUST-05281,52,92.36,4788.18,Two year,DSL,Credit card,1,No,No,Yes,No,No,No
CUST-05282,52,47.4,2435.7,One year,No,Bank transfer,0,No,No,Yes,Yes,Yes,No
CUST-05283,60,52.05,3166.8,Month-to-month,No,Electronic check,0,No,No,No,Yes,No,No
CUST-05284,55,68.67,3831.82,Month-to-month,No,Electronic check,1,No,No,No,Yes,No,Yes
CUST-05285,72,26.47,2051.12,Month-to-month,Fiber optic,Credit card,0,No,Yes,No,Yes,No,No
CUST-05286,42,90.69,3764.36,Month-to-month,Fiber optic,Mailed check,0,No,No,No,No,Yes,Yes
CUST-05287,21,45.93,864.26,Month-to-month,DSL,Mailed check,0,No,Yes,No,Yes,Yes,Yes
CUST-05288,63,58.21,3683.4,Month-to-month,DSL,Electronic check,0,Yes,Yes,Yes,Yes,Yes,Yes
CUST-05289,20,64.67,1311.83,Month-to-month,DSL,Electronic check,0,Yes,No,No,No,Yes,Yes
CUST-05290,21,70.98,1584.5,Month-to-month,Fiber optic,Bank transfer,0,No,No,No,Yes,Yes,Yes
CUST-05291,60,61.41,3546.02,Month-to-month,No,Mailed check,0,Yes,No,Yes,No,No,No
CUST-05292,64,68.32,4364.6,Month-to-month,Fiber optic,Bank transfer,0,Yes,No,No,No,No,No
CUST-05293,25,68.51,1828.14,Month-to-month,Fiber optic,Credit card,0,No,No,No,No,Yes,Yes
CUST-05294,53,58.82,3206.34,Two year,Fiber optic,Electronic check,0,Yes,No,Yes,No,Yes,No
CUST-05295,67,50.67,3512.72,One year,Fiber optic,Credit card,1,Yes,No,No,Yes,Yes,No
CUST-05296,58,97.04,5592.55,Month-to-month,Fiber optic,Credit card,1,No,Yes,Yes,Yes,No,No
CUST-05297,1,20.0,0.0,Month-to-month,Fiber optic,Bank transfer,1,Yes,Yes,No,No,Yes,Yes
CUST-05298,48,64.86,3137.95,One year,Fiber optic,Mailed check,0,No,No,Yes,Yes,No,No
CUST-05299,13,58.28,804.28,Month-to-month,Fiber optic,Electronic check,1,Yes,No,No,No,Yes,Yes
CUST-05300,61,80.47,4842.43,One year,Fiber optic,Electronic check,0,No,No,No,No,No,No
CUST-05301,5,33.64,203.64,Two year,Fiber optic,Bank transfer,0,No,No,Yes,Yes,Yes,No
CUST-05302,72,57.51,4151.9,Month-to-month,Fiber optic,Electronic check,0,Yes,No,Yes,Yes,Yes,No
CUST-05303,13,67.44,728.99,Month-to-month,Fiber optic,Credit card,0,No,No,No,No,No,No
CUST-05304,31,96.75,3102.44,Month-to-month,No,Electronic check,0,No,No,No,Yes,Yes,No
CUST-05305,17,78.3,1179.96,One year,Fiber optic,Credit card,0,No,No,No,No,Yes,No
CUST-05306,59,40.41,2455.02,Month-to-month,Fiber optic,Credit card,0,Yes,No,No,Yes,Yes,No
CUST-05307,29,57.81,1586.99,One year,Fiber optic,Mailed check,0,No,No,No,No,Yes,No
CUST-05308,54,92.15,4993.88,Month-to-month,DSL,Mailed check,0,No,No,Yes,Yes,No,No
CUST-05309,5,39.98,209.46,One year,Fiber optic,Bank transfer,0,No,No,No,No,Yes,Yes
CUST-05310,33,68.03,2254.36,One year,DSL,Credit card,0,No,Yes,No,Yes,No,No
CUST-05311,66,69.77,4713.46,Month-to-month,DSL,Electronic check,0,Yes,No,Yes,No,No,No
CUST-05312,67,60.36,4128.28,Two year,DSL,Electronic check,0,No,No,Yes,No,Yes,No
CUST-05313,16,130.0,2002.21,Two year,Fiber optic,Electronic check,0,No,No,No,No,Yes,Yes
CUST-05314,29,59.68,1736.07,Month-to-month,Fiber optic,Mailed check,0,Yes,Yes,No,No,No,No
CUST-05315,30,81.24,2497.38,Two year,Fiber optic,Bank transfer,0,No,No,No,No,No,No
CUST-05316,41,50.84,2138.8,Two year,Fiber optic,Mailed check,0,Yes,No,No,No,No,No
CUST-05317,39,83.19,3298.38,Month-to-month,Fiber optic,Mailed check,0,No,No,No,Yes,No,No
CUST-05318,8,91.77,740.18,One year,No,Mailed check,0,No,No,No,No,Yes,No
CUST-05319,55,55.3,3127.62,One year,No,Electronic check,1,No,No,No,No,No,No
CUST-05320,17,68.63,1244.74,One year,Fiber optic,Electronic check,0,No,Yes,No,Yes,Yes,No
CUST-05321,23,47.62,1130.72,Two year,DSL,Electronic check,0,No,No,Yes,Yes,No,No
CUST-05322,61,41.39,2503.64,Month-to-month,No,Electronic check,0,Yes,No,Yes,Yes,Yes,No
CUST-05323,50,95.92,4961.07,Month-to-month,Fiber optic,Credit card,0,No,Yes,No,Yes,Yes,Yes
CUST-05324,29,56.15,1597.64,Month-to-month,DSL,Credit card,0,Yes,Yes,No,Yes,Yes,No
CUST-05325,66,20.0,1231.61,One year,DSL,Mailed check,0,No,No,No,Yes,No,No
CUST-05326,29,114.13,3279.46,Month-to-month,DSL,Bank transfer,0,Yes,No,Yes,Yes,No,No
CUST-05327,41,49.95,2064.88,Month-to-month,Fiber optic,Electronic check,0,No,Yes,No,Yes,Yes,Yes
CUST-05328,18,63.84,1118.43,Month-to-month,Fiber optic,Electronic check,0,Yes,No,No,No,No,No
CUST-05329,14,111.02,1470.94,One year,DSL,Bank transfer,0,No,Yes,No,No,Yes,Yes
CUST-05330,36,66.46,2381.35,Month-to-month,DSL,Credit card,0,No,No,No,Yes,No,No
CUST-05331,41,65.92,2814.87,Month-to-month,Fiber optic,Credit card,0,No,No,No,No,Yes,No
CUST-05332,59,39.3,2182.35,Month-to-month,Fiber optic,Mailed check,0,Yes,No,Yes,No,Yes,Yes
CUST-05333,29,29.13,859.23,Month-to-month,Fiber optic,Mailed check,0,No,Yes,No,Yes,Yes,No
CUST-05334,65,65.84,4167.08,Month-to-month,DSL,Credit card,0,No,Yes,No,No,Yes,No
CUST-05335,44,79.07,3368.62,Month-to-month,Fiber optic,Electronic check,0,Yes,Yes,Yes,No,No,No
CUST-05336,6,77.64,299.61,One year,No,Credit card,0,No,No,No,Yes,No,No
CUST-05337,54,57.97,3130.44,Month-to-month,DSL,Mailed check,0,No,Yes,Yes,No,No,No
CUST-05338,42,70.51,2785.43,Month-to-month,Fiber optic,Electronic check,0,Yes,No,No,No,Yes,Yes
CUST-05339,29,24.07,711.06,One year,Fiber optic,Credit card,0,No,No,No,No,Yes,No
CUST-05340,34,81.5,2756.61,Month-to-month,DSL,Credit card,0,No,Yes,No,Yes,Yes,No
CUST-05341,22,74.04,1673.37,Month-to-month,No,Mailed check,0,Yes,No,No,Yes,No,No
CUST-05342,45,119.34,5156.62,Month-to-month,No,Electronic check,0,No,No,No,No,Yes,No
CUST-05343,41,70.19,2707.17,Month-to-month,Fiber optic,Electronic check,0,No,Yes,No,No,Yes,No
CUST-05344,33,46.43,1491.16,Month-to-month,DSL,Mailed check,0,Yes,Yes,No,No,Yes,No
CUST-05345,21,68.73,1440.6,Two year,DSL,Bank transfer,0,No,Yes,No,No,Yes,No
CUST-05346,29,61.81,1890.15,Month-to-month,Fiber optic,Bank transfer,0,Yes,No,No,No,No,No
CUST-05347,36,80.87,2893.94,One year,DSL,Bank transfer,0,Yes,Yes,No,No,Yes,No
CUST-05348,34,70.67,2320.02,Two year,Fiber optic,Bank transfer,0,Yes,No,Yes,Yes,No,No
CUST-05349,23,38.5,998.35,Month-to-month,DSL,Electronic check,0,No,No,No,No,Yes,Yes
CUST-05350,42,29.11,1158.8,One year,Fiber optic,Electronic check,1,Yes,No,Yes,No,Yes,No
CUST-05351,17,76.57,1151.28,Month-to-month,No,Credit card,1,Yes,Yes,Yes,No,No,No
CUST-05352,37,104.58,3902.12,One year,DSL,Electronic check,0,Yes,No,No,No,No,No
CUST-05353,9,71.98,648.96,Two year,Fiber optic,Bank transfer,1,No,Yes,No,No,Yes,No
CUST-05354,34,90.33,3156.13,Month-to-month,Fiber optic,Mailed check,0,Yes,No,No,Yes,Yes,No
CUST-05355,57,95.32,5327.86,Two year,DSL,Bank transfer,0,Yes,No,No,Yes,Yes,No
CUST-05356,59,76.67,4527.94,Month-to-month,No,Mailed check,0,No,No,Yes,No,Yes,No
CUST-05357,51,49.64,2463.38,One year,Fiber optic,Electronic check,0,No,No,No,Yes,Yes,No
CUST-05358,54,74.88,4068.37,Month-to-month,Fiber optic,Mailed check,0,No,No,Yes,Yes,No,No
CUST-05359,5,100.18,430.28,Month-to-month,Fiber optic,Electronic check,0,No,Yes,No,No,No,No
CUST-05360,25,83.25,2082.45,Month-to-month,DSL,Electronic check,0,No,No,No,No,No,Yes
CUST-05361,48,88.71,4373.03,Two year,DSL,Mailed check,0,No,No,No,No,No,No
CUST-05362,58,58.44,3395.57,One year,Fiber optic,Credit card,0,No,No,Yes,No,No,No
CUST-05363,42,64.94,2694.42,Two year,Fiber optic,Electronic check,0,No,No,No,No,Yes,No
CUST-05364,62,67.03,4297.17,Month-to-month,No,Credit card,0,Yes,No,No,No,Yes,No
CUST-05365,20,68.72,1360.64,Month-to-month,Fiber optic,Bank transfer,0,No,No,No,No,No,No
CUST-05366,12,99.2,1213.68,Month-to-month,DSL,Credit card,0,No,No,No,No,No,Yes
CUST-05367,7,20.0,224.45,Month-to-month,DSL,Bank transfer,0,No,No,No,Yes,Yes,Yes
CUST-05368,42,70.76,2953.96,Month-to-month,No,Electronic check,1,Yes,No,No,Yes,No,Yes
CUST-05369,48,68.01,3252.24,Two year,DSL,Mailed check,0,Yes,Yes,No,No,No,No
CUST-05370,21,35.71,736.74,Two year,No,Electronic check,0,No,No,Yes,No,Yes,No
CUST-05371,57,86.79,4978.48,Month-to-month,DSL,Electronic check,0,Yes,No,No,Yes,Yes,No
CUST-05372,54,51.89,3043.47,Month-to-month,DSL,Bank transfer,0,No,No,No,No,Yes,No
CUST-05373,26,61.07,1704.21,One year,DSL,Credit card,0,Yes,No,No,Yes,Yes,No
CUST-05374,18,116.22,2193.49,One year,Fiber optic,Bank transfer,0,Yes,No,No,No,Yes,No
CUST-05375,54,95.25,5053.97,One year,DSL,Mailed check,0,Yes,No,No,No,Yes,No
CUST-05376,49,84.36,4091.28,Month-to-month,No,Bank transfer,0,No,Yes,No,No,Yes,No
CUST-05377,13,79.52,1091.44,Month-to-month,Fiber optic,Electronic check,0,Yes,No,Yes,No,Yes,No
CUST-05378,19,65.88,1065.08,Month-to-month,DSL,Electronic check,1,Yes,No,Yes,No,Yes,Yes
CUST-05379,35,119.98,4120.0,Two year,Fiber optic,Bank transfer,0,No,No,Yes,No,Yes,Yes
CUST-05380,37,90.05,3451.94,One year,Fiber optic,Credit card,0,No,Yes,Yes,No,No,No
CUST-05381,12,51.26,720.47,Two year,Fiber optic,Bank transfer,0,No,No,No,Yes,Yes,Yes
CUST-05382,69,35.0,2442.93,Month-to-month,Fiber optic,Mailed check,0,No,Yes,Yes,Yes,Yes,No
CUST-05383,28,84.17,2427.56,Month-to-month,No,Mailed check,1,Yes,Yes,Yes,No,Yes,Yes
CUST-05384,28,68.6,2140.69,Month-to-month,Fiber optic,Mailed check,0,No,No,No,No,Yes,Yes
CUST-05385,5,34.28,146.15,Two year,Fiber optic,Credit card,0,Yes,Yes,No,No,Yes,No
CUST-05386,64,80.71,5380.52,Month-to-month,Fiber optic,Bank transfer,0,Yes,No,Yes,Yes,Yes,No
CUST-05387,17,63.27,1123.24,One year,Fiber optic,Credit card,1,No,No,No,No,Yes,Yes
CUST-05388,72,83.27,5976.18,Month-to-month,Fiber optic,Electronic check,0,Yes,No,Yes,No,Yes,Yes
CUST-05389,36,81.04,3060.94,Month-to-month,DSL,Mailed check,0,No,No,No,No,No,Yes
CUST-05390,63,54.79,3374.68,Month-to-month,DSL,Electronic check,0,Yes,No,No,No,Yes,No
CUST-05391,13,85.82,1121.38,Month-to-month,No,Electronic check,0,Yes,No,No,No,Yes,Yes
CUST-05392,12,57.55,668.89,Two year,No,Credit card,1,No,No,No,No,Yes,No
CUST-05393,58,59.18,3590.72,Two year,DSL,Electronic check,0,No,Yes,No,Yes,Yes,No
CUST-05394,60,56.69,3363.84,One year,No,Bank transfer,0,No,No,No,Yes,Yes,No
CUST-05395,40,98.27,3906.25,Month-to-month,Fiber optic,Electronic check,0,Yes,No,No,No,No,Yes
CUST-05396,3,62.99,182.69,One year,DSL,Electronic check,0,Yes,No,No,No,Yes,No
CUST-05397,68,104.31,6904.86,Month-to-month,No,Credit card,0,No,Yes,No,Yes,No,No
CUST-05398,29,114.59,3448.28,Two year,No,Mailed check,0,Yes,No,Yes,No,Yes,No
CUST-05399,68,51.53,3501.04,One year,Fiber optic,Mailed check,1,Yes,Yes,Yes,No,Yes,No
CUST-05400,63,20.0,1218.75,Month-to-month,Fiber optic,Electronic check,0,No,No,No,Yes,Yes,No
CUST-05401,62,96.11,6041.63,Month-to-month,DSL,Bank transfer,0,Yes,No,Yes,No,No,No
CUST-05402,50,61.45,3049.97,Month-to-month,Fiber optic,Credit card,0,Yes,No,Yes,No,No,No
CUST-05403,49,48.35,2404.97,Month-to-month,Fiber optic,Mailed check,0,No,No,Yes,Yes,Yes,No
CUST-05404,39,55.28,2067.33,Two year,Fiber optic,Credit card,0,No,No,Yes,No,Yes,No
CUST-05405,2,59.63,53.92,One year,DSL,Mailed check,0,Yes,Yes,No,Yes,No,No
CUST-05406,28,102.43,2894.91,Month-to-month,Fiber optic,Bank transfer,0,No,No,Yes,Yes,Yes,No
CUST-05407,53,74.0,3863.12,Month-to-month,Fiber optic,Credit card,0,No,No,No,No,No,Yes
CUST-05408,59,102.09,5864.09,One year,Fiber optic,Credit card,0,No,No,Yes,Yes,Yes,Yes
CUST-05409,41,82.36,3519.38,Month-to-month,DSL,Bank transfer,0,Yes,No,No,Yes,No,Yes
CUST-05410,52,62.27,3096.05,Month-to-month,Fiber optic,Mailed check,0,No,No,No,No,No,No
CUST-05411,2,60.24,205.96,One year,DSL,Mailed check,0,No,No,No,Yes,Yes,No
CUST-05412,34,84.04,2838.02,Month-to-month,Fiber optic,Credit card,0,Yes,No,No,No,Yes,No
CUST-05413,37,90.51,3460.5,Month-to-month,DSL,Mailed check,0,Yes,No,Yes,No,Yes,No
CUST-05414,65,94.92,6174.76,Month-to-month,No,Mailed check,0,Yes,No,No,No,No,No
CUST-05415,23,63.46,1448.87,Month-to-month,Fiber optic,Credit card,0,Yes,No,Yes,No,Yes,No
CUST-05416,17,74.38,1311.8,Two year,Fiber optic,Credit card,0,Yes,No,No,No,Yes,No
CUST-05417,26,84.6,2203.6,Two year,Fiber optic,Mailed check,0,Yes,No,No,No,No,No
CUST-05418,13,60.4,807.59,Two year,DSL,Credit card,0,No,No,No,No,Yes,Yes
CUST-05419,41,41.63,1697.6,Two year,DSL,Credit card,0,No,No,No,No,No,No
CUST-05420,47,49.84,2431.12,Month-to-month,DSL,Mailed check,0,Yes,No,No,Yes,Yes,Yes
CUST-05421,58,63.97,3644.82,Month-to-month,Fiber optic,Mailed check,0,Yes,Yes,Yes,Yes,No,No
CUST-05422,70,86.56,6200.18,One year,No,Electronic check,0,Yes,No,Yes,No,No,No
CUST-05423,6,101.47,646.48,Month-to-month,DSL,Electronic check,0,Yes,Yes,No,Yes,Yes,Yes
CUST-05424,18,36.1,760.1,Two year,Fiber optic,Electronic check,0,Yes,No,No,No,Yes,No
CUST-05425,22,55.07,1143.85,Month-to-month,DSL,Electronic check,0,Yes,No,No,Yes,Yes,Yes
CUST-05426,18,61.05,1299.25,Month-to-month,Fiber optic,Mailed check,0,Yes,Yes,No,No,Yes,No
CUST-05427,60,89.87,5454.24,One year,Fiber optic,Credit card,0,Yes,No,Yes,No,No,No
CUST-05428,11,56.8,819.76,Two year,Fiber optic,Electronic check,0,No,No,No,Yes,No,Yes
CUST-05429,3,59.26,144.57,One year,No,Mailed check,0,No,Yes,No,No,Yes,No
CUST-05430,62,34.7,2047.56,One year,Fiber optic,Mailed check,0,No,No,Yes,No,No,No
CUST-05431,70,82.09,5733.75,Month-to-month,Fiber optic,Bank transfer,0,Yes,Yes,Yes,No,Yes,No
CUST-05432,17,65.97,1203.37,One year,DSL,Bank transfer,0,No,No,No,Yes,No,No
CUST-05433,24,53.65,1415.08,One year,DSL,Bank transfer,0,No,No,No,Yes,Yes,No
CUST-05434,37,63.51,2294.36,Month-to-month,No,Electronic check,0,Yes,No,Yes,Yes,Yes,No
CUST-05435,38,98.17,3841.38,One year,Fiber optic,Mailed check,0,No,No,Yes,Yes,No,No
CUST-05436,72,44.88,3269.82,Month-to-month,DSL,Credit card,0,Yes,No,No,Yes,No,No
CUST-05437,30,48.96,1566.15,Month-to-month,DSL,Credit card,0,Yes,Yes,No,No,No,No
CUST-05438,1,101.31,0.0,Two year,DSL,Electronic check,0,No,No,No,Yes,No,No
CUST-05439,31,71.89,2153.97,Month-to-month,Fiber optic,Bank transfer,0,Yes,Yes,No,Yes,No,Yes
CUST-05440,41,86.74,3427.83,One year,Fiber optic,Electronic check,0,No,No,No,No,Yes,Yes
CUST-05441,38,80.04,3040.81,Month-to-month,No,Bank transfer,0,No,No,No,No,No,No
CUST-05442,37,69.12,2657.3,Two year,Fiber optic,Electronic check,0,Yes,Yes,No,Yes,Yes,No
CUST-05443,67,61.29,4235.44,Month-to-month,Fiber optic,Credit card,0,No,Yes,No,Yes,Yes,No
CUST-05444,59,90.79,5290.43,Month-to-month,DSL,Credit card,0,Yes,No,Yes,No,No,No
CUST-05445,19,99.06,1926.82,Two year,DSL,Electronic check,0,No,Yes,No,No,Yes,No
CUST-05446,26,97.1,2568.38,One year,DSL,Mailed check,0,Yes,No,No,Yes,Yes,No
CUST-05447,49,40.36,1804.65,Month-to-month,DSL,Electronic check,0,No,No,Yes,No,Yes,No
CUST-05448,30,102.62,3109.49,Month-to-month,No,Electronic check,0,Yes,No,Yes,No,Yes,Yes
CUST-05449,31,61.05,1709.19,Month-to-month,Fiber optic,Credit card,0,No,No,Yes,No,Yes,No
CUST-05450,13,51.12,654.42,Two year,DSL,Electronic check,0,No,No,No,No,Yes,No
CUST-05451,19,65.77,1184.66,One year,Fiber optic,Electronic check,0,Yes,Yes,No,No,Yes,Yes
CUST-05452,54,90.78,4961.43,Two year,Fiber optic,Mailed check,0,No,No,No,Yes,No,No
CUST-05453,61,83.51,5165.7,Two year,Fiber optic,Mailed check,0,No,No,No,Yes,No,No
CUST-05454,57,63.62,3764.01,Month-to-month,DSL,Credit card,0,No,Yes,Yes,No,No,No
CUST-05455,23,90.94,2099.01,One year,DSL,Mailed check,0,No,No,No,No,Yes,Yes
CUST-05456,10,73.5,767.94,One year,DSL,Bank transfer,0,Yes,No,No,No,Yes,No
CUST-05457,12,55.68,583.67,Two year,No,Electronic check,0,Yes,No,No,Yes,No,No
CUST-05458,29,52.3,1456.09,One year,Fiber optic,Mailed check,0,Yes,No,No,No,Yes,No
CUST-05459,38,80.26,2997.48,Month-to-month,Fiber optic,Electronic check,1,Yes,Yes,No,No,Yes,Yes
CUST-05460,65,67.94,4403.04,Two year,No,Mailed check,0,Yes,No,No,Yes,Yes,No
CUST-05461,65,35.61,2517.96,One year,DSL,Mailed check,1,Yes,No,Yes,Yes,Yes,No
CUST-05462,1,91.18,104.85,Two year,DSL,Electronic check,1,No,No,No,No,Yes,Yes
CUST-05463,51,57.99,3093.03,Month-to-month,DSL,Bank transfer,1,Yes,No,No,No,No,No
CUST-05464,22,109.8,2475.45,Month-to-month,Fiber optic,Bank transfer,0,Yes,No,Yes,No,No,Yes
CUST-05465,15,34.93,605.09,One year,Fiber optic,Bank transfer,0,No,No,No,Yes,Yes,Yes
CUST-05466,40,65.48,2638.36,One year,DSL,Mailed check,0,Yes,No,Yes,No,Yes,No
CUST-05467,3,52.5,146.11,Month-to-month,DSL,Bank transfer,0,Yes,No,No,Yes,Yes,No
CUST-05468,25,45.61,1157.61,Month-to-month,Fiber optic,Bank transfer,1,No,Yes,No,No,No,Yes
CUST-05469,40,57.83,2234.75,One year,Fiber optic,Mailed check,0,Yes,No,Yes,Yes,No,Yes
CUST-05470,20,114.26,2226.68,Two year,DSL,Electronic check,0,Yes,No,Yes,No,No,No
CUST-05471,43,73.58,3163.49,Month-to-month,Fiber optic,Bank transfer,0,No,No,Yes,Yes,No,No
CUST-05472,34,50.21,1717.84,Month-to-month,DSL,Electronic check,0,No,No,No,No,No,No
CUST-05473,58,24.28,1207.23,Month-to-month,DSL,Mailed check,0,No,No,Yes,No,Yes,No
CUST-05474,14,26.97,275.88,Month-to-month,DSL,Bank transfer,0,No,Yes,No,No,Yes,No
CUST-05475,5,56.59,343.5,Month-to-month,Fiber optic,Bank transfer,0,No,No,No,Yes,No,Yes
CUST-05476,39,54.16,2186.7,Month-to-month,Fiber optic,Bank transfer,0,Yes,No,No,No,Yes,No
CUST-05477,19,64.4,1060.57,One year,Fiber optic,Mailed check,0,Yes,No,Yes,No,No,No
CUST-05478,51,20.0,1037.73,Month-to-month,DSL,Mailed check,0,No,No,No,No,Yes,No
CUST-05479,7,67.71,816.67,Month-to-month,Fiber optic,Electronic check,0,Yes,No,No,No,Yes,No
CUST-05480,42,95.69,4133.18,Two year,Fiber optic,Credit card,0,No,No,No,Yes,Yes,No
CUST-05481,72,110.57,7844.1,Month-to-month,Fiber optic,Electronic check,0,No,No,No,No,Yes,Yes
CUST-05482,7,22.64,175.0,One year,Fiber optic,Credit card,0,No,No,Yes,No,No,Yes
CUST-05483,22,49.97,1119.91,Month-to-month,Fiber optic,Bank transfer,0,Yes,No,No,Yes,Yes,No
CUST-05484,61,48.64,2947.28,Two year,DSL,Credit card,1,No,No,No,No,No,No
CUST-05485,39,73.64,2972.07,Two year,DSL,Credit card,0,No,Yes,Yes,No,Yes,No
CUST-05486,13,39.51,628.26,Month-to-month,DSL,Mailed check,1,Yes,No,No,No,No,Yes
CUST-05487,16,112.06,1739.15,One year,Fiber optic,Mailed check,0,No,No,Yes,Yes,No,No
CUST-05488,56,71.09,4044.56,One year,Fiber optic,Credit card,0,Yes,Yes,Yes,Yes,No,No
CUST-05489,62,66.92,4077.82,Month-to-month,Fiber optic,Credit card,0,No,No,No,No,Yes,No
CUST-05490,26,109.82,2843.71,One year,DSL,Bank transfer,0,Yes,No,Yes,No,Yes,No
CUST-05491,35,69.6,2596.6,Month-to-month,DSL,Credit card,0,No,No,No,No,Yes,Yes
CUST-05492,57,80.01,4468.0,Month-to-month,DSL,Bank transfer,0,No,No,No,No,Yes,No
CUST-05493,13,51.23,749.02,Two year,DSL,Electronic check,1,Yes,No,No,No,No,No
CUST-05494,15,35.74,407.31,Month-to-month,Fiber optic,Bank transfer,0,No,No,Yes,No,Yes,Yes
CUST-05495,56,54.74,3005.61,Month-to-month,DSL,Mailed check,1,No,No,Yes,No,Yes,Yes
CUST-05496,14,124.67,1678.85,Month-to-month,DSL,Electronic check,0,Yes,Yes,No,No,No,No
CUST-05497,56,85.83,4719.34,Two year,Fiber optic,Bank transfer,0,Yes,No,No,No,Yes,Yes
CUST-05498,36,76.86,2626.29,Month-to-month,DSL,Bank transfer,0,No,No,No,Yes,No,No
CUST-05499,72,45.59,3153.6,Month-to-month,No,Bank transfer,0,Yes,No,No,No,No,No
CUST-05500,3,92.78,96.17,One year,No,Credit card,1,Yes,No,No,No,Yes,Yes
CUST-05501,69,36.06,2405.22,One year,Fiber optic,Mailed check,0,Yes,No,No,Yes,Yes,No
CUST-05502,17,30.82,431.63,Month-to-month,DSL,Credit card,0,Yes,No,No,No,Yes,No
CUST-05503,3,56.03,163.24,Two year,Fiber optic,Mailed check,0,No,No,No,No,Yes,No
CUST-05504,53,118.86,6433.49,Month-to-month,Fiber optic,Mailed check,0,Yes,No,No,Yes,Yes,Yes
CUST-05505,39,117.45,4629.12,One year,Fiber optic,Electronic check,0,Yes,No,Yes,No,No,Yes
CUST-05506,61,58.72,3613.38,One year,DSL,Credit card,0,No,No,Yes,Yes,Yes,No
CUST-05507,8,53.15,354.12,Month-to-month,DSL,Mailed check,0,Yes,Yes,No,Yes,Yes,No
CUST-05508,6,28.99,219.62,Two year,DSL,Electronic check,0,Yes,No,No,Yes,Yes,Yes
CUST-05509,41,71.95,3009.19,One year,Fiber optic,Credit card,0,No,Yes,No,Yes,Yes,No
CUST-05510,64,74.05,4675.85,Month-to-month,Fiber optic,Credit card,0,No,Yes,Yes,Yes,Yes,No
CUST-05511,30,89.74,2797.53,Month-to-month,No,Electronic check,0,No,No,Yes,No,No,Yes
CUST-05512,58,92.77,5344.93,Month-to-month,DSL,Bank transfer,0,Yes,No,Yes,No,No,No
CUST-05513,66,65.06,4260.72,Two year,Fiber optic,Credit card,0,No,No,No,No,No,No
CUST-05514,63,83.9,5320.82,Month-to-month,DSL,Bank transfer,0,No,No,Yes,No,No,No
CUST-05515,37,52.48,1811.28,Two year,DSL,Mailed check,0,No,No,No,No,No,No
CUST-05516,51,83.43,4199.27,Month-to-month,Fiber optic,Bank transfer,0,Yes,No,No,No,No,No
CUST-05517,38,57.32,2162.05,Two year,DSL,Electronic check,0,Yes,Yes,Yes,No,Yes,No
CUST-05518,49,81.49,3928.15,Two year,No,Credit card,0,No,No,Yes,Yes,Yes,No
CUST-05519,41,79.46,3305.2,Month-to-month,No,Bank transfer,0,No,Yes,No,Yes,Yes,No
CUST-05520,38,71.72,2643.38,Month-to-month,DSL,Electronic check,0,Yes,No,No,No,Yes,No
CUST-05521,32,89.86,2814.39,Two year,DSL,Mailed check,0,No,No,No,No,Yes,No
CUST-05522,48,30.74,1563.94,Month-to-month,DSL,Mailed check,0,Yes,Yes,No,No,Yes,No
CUST-05523,55,43.38,2381.59,Month-to-month,No,Credit card,0,No,No,No,Yes,Yes,No
CUST-05524,67,63.25,4306.72,Two year,DSL,Credit card,0,Yes,No,No,Yes,Yes,No
CUST-05525,45,33.92,1579.89,Two year,Fiber optic,Mailed check,0,Yes,No,No,No,No,No
CUST-05526,8,59.83,652.06,One year,DSL,Electronic check,0,No,Yes,Yes,No,Yes,No
CUST-05527,43,60.63,2557.98,Two year,Fiber optic,Electronic check,0,Yes,No,Yes,Yes,No,No
CUST-05528,23,102.74,2233.75,One year,DSL,Bank transfer,0,Yes,No,No,No,Yes,No
CUST-05529,2,73.56,0.0,One year,Fiber optic,Mailed check,1,Yes,Yes,Yes,No,No,No
CUST-05530,6,95.74,511.5,Month-to-month,Fiber optic,Bank transfer,0,No,No,No,No,No,Yes
CUST-05531,43,77.54,3437.8,One year,DSL,Mailed check,0,No,No,No,Yes,Yes,No
CUST-05532,69,56.61,3968.1,One year,DSL,Credit card,1,No,No,No,No,Yes,No
CUST-05533,37,73.34,2693.07,One year,Fiber optic,Bank transfer,0,No,No,No,No,No,No
CUST-05534,33,88.24,3125.57,Two year,Fiber optic,Credit card,0,No,No,No,No,Yes,Yes
CUST-05535,7,99.84,567.75,Month-to-month,Fiber optic,Electronic check,0,No,Yes,No,Yes,Yes,Yes
CUST-05536,49,66.69,3364.74,One year,Fiber optic,Mailed check,0,Yes,Yes,No,No,No,No
CUST-05537,4,28.81,58.54,Month-to-month,No,Bank transfer,0,Yes,No,Yes,No,Yes,Yes
CUST-05538,61,27.05,1824.64,Month-to-month,DSL,Bank transfer,0,No,No,Yes,Yes,No,No
CUST-05539,59,61.84,3607.45,Month-to-month,No,Mailed check,0,No,Yes,Yes,No,Yes,No
CUST-05540,72,20.0,1547.02,Two year,No,Bank transfer,0,No,No,No,No,Yes,No
CUST-05541,21,114.88,2391.81,Month-to-month,Fiber optic,Bank transfer,0,Yes,No,No,Yes,Yes,No
CUST-05542,12,84.92,1271.07,One year,No,Bank transfer,0,No,Yes,No,No,No,No
CUST-05543,22,54.11,1212.67,One year,Fiber optic,Bank transfer,0,Yes,No,No,No,Yes,Yes
CUST-05544,58,42.26,2451.13,Two year,Fiber optic,Electronic check,1,No,Yes,Yes,No,Yes,No
CUST-05545,16,95.7,1564.63,One year,DSL,Electronic check,1,No,No,No,Yes,No,No
CUST-05546,64,42.16,2767.37,Month-to-month,DSL,Mailed check,0,Yes,No,Yes,No,No,No
CUST-05547,12,44.54,694.96,Month-to-month,Fiber optic,Electronic check,0,No,No,Yes,No,Yes,Yes
CUST-05548,4,50.85,350.61,One year,No,Bank transfer,0,Yes,No,No,No,No,No
CUST-05549,16,72.85,967.0,Month-to-month,No,Bank transfer,0,No,Yes,No,No,Yes,No
CUST-05550,55,85.52,4676.54,Month-to-month,Fiber optic,Electronic check,0,Yes,No,No,Yes,No,Yes
CUST-05551,44,99.82,4329.12,Month-to-month,No,Credit card,0,No,No,No,No,Yes,No
CUST-05552,26,96.12,2575.3,Month-to-month,Fiber optic,Bank transfer,0,Yes,No,Yes,No,Yes,Yes
CUST-05553,48,70.02,3302.82,Two year,Fiber optic,Mailed check,1,Yes,No,No,No,Yes,No
CUST-05554,47,95.51,4689.15,Two year,DSL,Electronic check,0,Yes,No,No,No,Yes,Yes
CUST-05555,40,53.23,2044.32,One year,Fiber optic,Electronic check,1,Yes,No,No,No,Yes,No
CUST-05556,38,24.48,782.14,Month-to-month,Fiber optic,Credit card,0,Yes,No,Yes,No,Yes,Yes
CUST-05557,8,53.22,443.97,Two year,Fiber optic,Electronic check,0,Yes,Yes,No,No,No,No
CUST-05558,19,49.84,1022.61,One year,Fiber optic,Credit card,0,No,No,Yes,No,Yes,No
CUST-05559,38,54.2,1960.22,Two year,Fiber optic,Bank transfer,0,Yes,Yes,No,No,Yes,Yes
CUST-05560,10,46.02,586.89,Month-to-month,No,Bank transfer,1,No,Yes,No,Yes,Yes,Yes
CUST-05561,35,58.47,1983.5,Month-to-month,Fiber optic,Credit card,0,No,Yes,No,Yes,Yes,No
CUST-05562,9,85.5,734.47,One year,Fiber optic,Credit card,0,No,No,No,No,Yes,No
CUST-05563,57,112.88,6445.8,Two year,Fiber optic,Mailed check,0,Yes,No,No,No,No,No
CUST-05564,8,26.87,157.53,Month-to-month,Fiber optic,Credit card,0,Yes,No,No,Yes,Yes,Yes
CUST-05565,7,37.81,460.56,Month-to-month,Fiber optic,Electronic check,0,Yes,No,No,Yes,Yes,Yes
CUST-05566,46,50.21,2179.29,One year,No,Credit card,0,Yes,Yes,No,Yes,Yes,Yes
CUST-05567,16,89.14,1277.33,Two year,Fiber optic,Mailed check,0,No,No,Yes,Yes,No,No
CUST-05568,26,64.88,1613.63,One year,Fiber optic,Bank transfer,0,No,Yes,No,Yes,Yes,No
CUST-05569,23,51.9,1078.08,Two year,DSL,Credit card,0,No,No,Yes,No,Yes,No
CUST-05570,16,87.92,1247.11,One year,Fiber optic,Mailed check,0,No,No,No,No,No,No
CUST-05571,55,93.91,5190.42,Two year,No,Electronic check,1,No,Yes,No,No,No,No
CUST-05572,50,69.53,3358.42,Month-to-month,No,Credit card,0,Yes,Yes,No,No,Yes,No
CUST-05573,18,49.59,878.72,Month-to-month,No,Electronic check,1,No,No,Yes,No,No,No
CUST-05574,50,76.76,3788.1,One year,Fiber optic,Bank transfer,0,Yes,Yes,Yes,No,Yes,No
CUST-05575,52,64.17,3473.41,One year,Fiber optic,Mailed check,0,No,No,Yes,No,No,No
CUST-05576,39,63.97,2368.49,Month-to-month,DSL,Mailed check,1,No,No,No,No,Yes,Yes
CUST-05577,42,57.19,2445.25,Month-to-month,Fiber optic,Mailed check,0,No,No,No,No,Yes,No
CUST-05578,68,93.12,6325.93,One year,DSL,Bank transfer,1,No,No,Yes,Yes,Yes,No
CUST-05579,33,76.25,2447.67,Two year,No,Electronic check,0,No,Yes,Yes,Yes,Yes,No
CUST-05580,28,95.89,2674.47,Month-to-month,DSL,Electronic check,0,No,No,Yes,Yes,Yes,Yes
CUST-05581,39,103.41,4072.88,Two year,No,Mailed check,0,No,No,No,Yes,Yes,No
CUST-05582,61,81.47,4817.5,Month-to-month,Fiber optic,Credit card,0,Yes,No,Yes,Yes,No,No
CUST-05583,52,57.34,2998.38,Month-to-month,DSL,Bank transfer,0,No,Yes,Yes,No,Yes,No
CUST-05584,6,96.01,577.94,Month-to-month,Fiber optic,Credit card,0,Yes,No,No,Yes,Yes,Yes
CUST-05585,34,81.64,2856.89,Month-to-month,Fiber optic,Mailed check,0,Yes,No,No,No,No,No
CUST-05586,54,130.0,7063.02,Month-to-month,Fiber optic,Electronic check,0,Yes,No,Yes,No,Yes,No
CUST-05587,17,77.75,1486.11,One year,Fiber optic,Mailed check,1,Yes,Yes,No,Yes,Yes,No
CUST-05588,72,87.44,6406.7,One year,Fiber optic,Electronic check,0,Yes,Yes,Yes,No,Yes,No
CUST-05589,59,77.26,4535.93,Month-to-month,DSL,Bank transfer,0,Yes,No,No,No,No,No
CUST-05590,61,67.52,4258.99,Two year,No,Credit card,0,No,No,No,No,No,No
CUST-05591,6,63.53,401.35,Two year,No,Mailed check,1,No,No,No,No,Yes,Yes
CUST-05592,42,77.36,3355.69,Month-to-month,Fiber optic,Electronic check,1,Yes,No,Yes,No,Yes,Yes
CUST-05593,39,83.03,3231.4,Month-to-month,DSL,Bank transfer,1,No,Yes,No,No,No,No
CUST-05594,46,98.86,4585.83,Month-to-month,Fiber optic,Bank transfer,0,No,No,No,No,Yes,Yes
CUST-05595,62,77.72,4642.29,One year,DSL,Credit card,0,Yes,No,No,No,Yes,No
CUST-05596,26,58.43,1539.96,Month-to-month,No,Mailed check,0,Yes,No,No,No,Yes,No
CUST-05597,39,61.83,2471.0,One year,DSL,Mailed check,0,No,No,No,No,No,No
CUST-05598,49,36.93,1869.88,One year,DSL,Bank transfer,0,Yes,No,No,No,No,No
CUST-05599,55,111.53,5962.9,One year,DSL,Electronic check,0,No,No,No,No,No,No
CUST-05600,56,56.47,3124.94,Month-to-month,Fiber optic,Electronic check,0,No,No,Yes,Yes,No,Yes
CUST-05601,25,94.19,2275.03,Month-to-month,Fiber optic,Credit card,0,Yes,No,No,No,Yes,Yes
CUST-05602,72,76.91,5533.26,Month-to-month,Fiber optic,Electronic check,0,Yes,No,No,Yes,Yes,No
CUST-05603,1,77.59,0.0,Two year,Fiber optic,Bank transfer,0,No,No,Yes,Yes,No,No
CUST-05604,36,67.06,2340.93,One year,No,Bank transfer,0,Yes,No,Yes,No,No,No
CUST-05605,44,50.31,2220.98,One year,Fiber optic,Mailed check,0,Yes,No,No,No,No,No
CUST-05606,5,45.79,182.26,One year,DSL,Mailed check,0,Yes,No,Yes,No,Yes,Yes
CUST-05607,33,113.21,3904.56,Month-to-month,Fiber optic,Credit card,0,No,No,No,No,No,Yes
CUST-05608,43,72.85,3095.35,Month-to-month,Fiber optic,Credit card,0,No,No,Yes,No,Yes,Yes
CUST-05609,44,98.13,4310.3,Month-to-month,Fiber optic,Electronic check,1,No,No,No,Yes,Yes,Yes
CUST-05610,9,104.62,770.49,Month-to-month,Fiber optic,Credit card,0,Yes,Yes,No,No,Yes,Yes
CUST-05611,20,59.73,1093.93,Month-to-month,Fiber optic,Electronic check,0,No,No,No,No,No,No
CUST-05612,18,80.59,1534.32,Month-to-month,DSL,Credit card,1,No,No,Yes,Yes,No,Yes
CUST-05613,47,71.13,3282.68,One year,Fiber optic,Mailed check,0,Yes,Yes,No,No,No,No
CUST-05614,24,41.07,973.71,Month-to-month,Fiber optic,Mailed check,0,No,Yes,No,No,No,Yes
CUST-05615,42,65.36,2690.32,Month-to-month,Fiber optic,Bank transfer,1,Yes,No,No,Yes,Yes,Yes
CUST-05616,53,84.69,4556.54,Month-to-month,DSL,Mailed check,0,Yes,No,Yes,No,No,No
CUST-05617,58,57.52,3215.95,Month-to-month,DSL,Electronic check,0,Yes,No,Yes,No,Yes,No
CUST-05618,14,61.88,806.77,Month-to-month,DSL,Electronic check,0,No,No,No,No,Yes,Yes
CUST-05619,66,65.67,4376.12,Month-to-month,Fiber optic,Bank transfer,0,No,No,No,Yes,Yes,No
CUST-05620,12,122.79,1440.04,Month-to-month,DSL,Bank transfer,0,No,No,Yes,No,Yes,Yes
CUST-05621,2,24.15,0.0,Two year,Fiber optic,Mailed check,0,No,No,No,No,Yes,Yes
CUST-05622,4,82.54,320.99,Month-to-month,DSL,Mailed check,0,No,No,No,No,No,Yes
CUST-05623,15,63.67,784.53,Month-to-month,Fiber optic,Mailed check,0,No,No,Yes,No,Yes,Yes
CUST-05624,63,53.98,3393.77,Month-to-month,Fiber optic,Credit card,0,No,No,No,No,No,No
CUST-05625,15,63.05,1028.85,Month-to-month,Fiber optic,Electronic check,0,No,No,Yes,No,No,Yes
CUST-05626,50,86.68,4272.49,One year,Fiber optic,Bank transfer,0,Yes,No,No,Yes,Yes,No
CUST-05627,31,88.11,2830.85,Month-to-month,Fiber optic,Mailed check,0,Yes,Yes,Yes,No,Yes,No
CUST-05628,3,74.65,288.75,Two year,Fiber optic,Electronic check,0,No,No,No,No,No,No
CUST-05629,32,97.32,3194.8,Two year,Fiber optic,Electronic check,0,No,Yes,No,Yes,No,No
CUST-05630,3,101.72,134.56,One year,Fiber optic,Mailed check,0,No,No,Yes,Yes,Yes,Yes
CUST-05631,35,90.41,3133.98,Month-to-month,DSL,Electronic check,0,Yes,Yes,No,Yes,No,Yes
CUST-05632,41,56.35,2371.11,Month-to-month,Fiber optic,Bank transfer,0,Yes,No,No,Yes,No,Yes
CUST-05633,38,82.36,3072.04,Month-to-month,No,Mailed check,0,Yes,No,No,No,No,No
CUST-05634,21,82.48,1550.79,One year,DSL,Credit card,0,Yes,No,No,No,No,No
CUST-05635,56,49.61,2875.26,Month-to-month,DSL,Electronic check,0,No,No,No,No,Yes,No
CUST-05636,43,30.76,1410.35,One year,Fiber optic,Mailed check,1,No,Yes,No,Yes,No,No
CUST-05637,19,20.0,511.49,Month-to-month,Fiber optic,Mailed check,0,No,No,No,No,Yes,No
CUST-05638,32,71.75,2102.2,Month-to-month,No,Bank transfer,0,No,Yes,No,No,No,Yes
CUST-05639,8,77.45,594.82,Month-to-month,DSL,Mailed check,0,Yes,Yes,No,Yes,Yes,No
CUST-05640,67,40.46,2662.66,Month-to-month,No,Electronic check,0,Yes,Yes,No,No,Yes,No
CUST-05641,55,96.15,5184.36,One year,Fiber optic,Mailed check,0,Yes,No,Yes,No,Yes,No
CUST-05642,21,73.81,1562.22,One year,Fiber optic,Credit card,0,No,Yes,No,No,Yes,No
CUST-05643,49,103.74,5109.84,Month-to-month,Fiber optic,Credit card,0,No,Yes,Yes,No,No,Yes
CUST-05644,49,79.26,3851.25,Month-to-month,DSL,Bank transfer,0,Yes,Yes,Yes,Yes,Yes,No
CUST-05645,44,43.34,2067.02,Two year,DSL,Credit card,0,No,Yes,No,Yes,No,No
CUST-05646,4,81.46,121.91,Month-to-month,Fiber optic,Credit card,0,Yes,Yes,No,No,No,No
CUST-05647,64,86.75,5591.24,One year,DSL,Credit card,0,No,No,No,No,No,No
CUST-05648,69,56.31,3750.15,Month-to-month,DSL,Mailed check,1,Yes,No,No,No,Yes,No
CUST-05649,71,33.95,2417.49,One year,DSL,Mailed check,0,No,No,Yes,Yes,Yes,No
CUST-05650,71,72.51,5188.12,One year,No,Credit card,1,No,No,No,No,Yes,No
CUST-05651,67,44.98,3142.0,Month-to-month,DSL,Credit card,0,No,Yes,No,No,No,No
CUST-05652,54,98.02,5260.6,Month-to-month,Fiber optic,Bank transfer,0,No,No,No,No,Yes,Yes
CUST-05653,5,59.82,311.86,Month-to-month,Fiber optic,Electronic check,0,No,No,No,Yes,Yes,Yes
CUST-05654,34,113.12,3616.96,Month-to-month,No,Electronic check,0,Yes,No,No,No,No,Yes
CUST-05655,18,20.0,471.6,One year,Fiber optic,Mailed check,1,Yes,No,No,No,Yes,Yes
CUST-05656,16,73.37,1229.97,Month-to-month,Fiber optic,Bank transfer,0,Yes,No,No,No,Yes,Yes
CUST-05657,60,105.73,6357.11,Month-to-month,DSL,Bank transfer,1,No,No,No,No,Yes,No
CUST-05658,59,47.74,2830.19,Two year,DSL,Mailed check,0,No,No,No,No,No,No
CUST-05659,38,66.02,2440.18,Two year,DSL,Credit card,0,No,No,No,No,Yes,No
CUST-05660,54,59.92,3187.36,Month-to-month,Fiber optic,Credit card,0,Yes,Yes,No,Yes,Yes,No
CUST-05661,10,52.91,453.45,One year,Fiber optic,Electronic check,1,Yes,No,No,No,No,Yes
CUST-05662,16,76.12,1126.69,Month-to-month,Fiber optic,Credit card,0,Yes,No,Yes,Yes,No,No
CUST-05663,62,37.61,2348.17,One year,Fiber optic,Electronic check,0,Yes,No,Yes,Yes,No,No
CUST-05664,33,67.23,2358.2,Month-to-month,Fiber optic,Mailed check,0,No,No,Yes,No,Yes,No
CUST-05665,40,82.9,3267.57,One year,DSL,Credit card,1,Yes,No,No,No,Yes,No
CUST-05666,34,64.62,2208.8,Month-to-month,No,Mailed check,1,No,Yes,No,Yes,Yes,No
CUST-05667,15,44.99,655.54,Month-to-month,Fiber optic,Bank transfer,0,Yes,No,No,No,No,Yes
CUST-05668,60,95.75,5724.64,Two year,DSL,Credit card,0,Yes,No,No,No,Yes,No
CUST-05669,55,88.26,4823.98,Month-to-month,Fiber optic,Mailed check,0,No,Yes,No,No,No,No
CUST-05670,50,43.97,2354.89,Month-to-month,No,Credit card,0,No,Yes,Yes,No,No,No
CUST-05671,26,37.65,968.07,Month-to-month,No,Bank transfer,0,Yes,No,No,Yes,No,No
CUST-05672,47,46.2,2260.88,One year,Fiber optic,Bank transfer,0,No,Yes,No,No,Yes,Yes
CUST-05673,69,83.63,5765.03,Month-to-month,DSL,Electronic check,0,Yes,No,No,No,Yes,No
CUST-05674,47,76.89,3785.6,One year,No,Bank transfer,0,No,No,No,No,Yes,No
CUST-05675,36,89.75,3359.89,Month-to-month,Fiber optic,Mailed check,0,No,No,No,No,No,Yes
CUST-05676,20,61.85,1316.83,One year,Fiber optic,Mailed check,0,Yes,No,No,No,No,No
CUST-05677,38,46.88,1853.11,Two year,DSL,Credit card,0,Yes,Yes,Yes,Yes,No,No
CUST-05678,27,92.97,2573.16,Month-to-month,Fiber optic,Mailed check,0,Yes,No,No,No,No,Yes
CUST-05679,45,56.16,2478.88,One year,Fiber optic,Mailed check,0,Yes,No,No,No,Yes,No
CUST-05680,4,74.66,323.29,Month-to-month,Fiber optic,Credit card,1,Yes,Yes,No,Yes,No,No
CUST-05681,14,31.25,671.7,Month-to-month,Fiber optic,Mailed check,0,No,No,No,Yes,No,Yes
CUST-05682,57,55.75,3221.39,One year,Fiber optic,Bank transfer,0,Yes,No,No,No,No,No
CUST-05683,28,95.23,2606.66,Two year,Fiber optic,Bank transfer,0,Yes,No,No,No,Yes,No
CUST-05684,32,52.09,1520.74,Two year,Fiber optic,Electronic check,0,Yes,No,No,No,No,No
CUST-05685,40,90.36,3566.27,Two year,Fiber optic,Bank transfer,0,No,Yes,No,Yes,Yes,No
CUST-05686,32,20.0,524.41,Month-to-month,No,Mailed check,0,Yes,No,No,No,Yes,Yes
CUST-05687,55,56.02,3117.51,One year,Fiber optic,Bank transfer,0,No,Yes,No,No,No,No
CUST-05688,18,65.72,1046.16,Month-to-month,DSL,Mailed check,0,Yes,No,No,Yes,Yes,Yes
CUST-05689,55,113.56,6095.58,Two year,DSL,Electronic check,0,Yes,Yes,No,No,Yes,No
CUST-05690,16,40.77,671.66,One year,Fiber optic,Electronic check,0,No,No,No,Yes,Yes,Yes
CUST-05691,27,86.77,2190.5,Month-to-month,DSL,Bank transfer,0,No,No,No,No,No,Yes
CUST-05692,43,96.42,4165.91,Two year,Fiber optic,Credit card,0,No,No,No,No,No,No
CUST-05693,64,51.96,3484.92,One year,Fiber optic,Mailed check,0,No,No,Yes,No,Yes,No
CUST-05694,17,60.66,1071.15,Two year,Fiber optic,Electronic check,1,No,No,Yes,No,Yes,Yes
CUST-05695,43,73.54,3232.45,One year,DSL,Credit card,1,No,No,No,No,Yes,No
CUST-05696,5,32.96,224.24,Two year,Fiber optic,Mailed check,1,Yes,Yes,No,No,Yes,No
CUST-05697,6,58.62,159.27,Month-to-month,DSL,Mailed check,0,Yes,No,Yes,No,Yes,No
CUST-05698,56,101.9,5485.61,Month-to-month,Fiber optic,Credit card,0,No,No,No,Yes,Yes,No
CUST-05699,52,83.07,4363.26,One year,DSL,Electronic check,0,No,No,Yes,Yes,No,No
CUST-05700,28,66.08,1917.99,Month-to-month,No,Electronic check,0,No,Yes,No,No,No,Yes
CUST-05701,45,72.83,3323.38,Month-to-month,Fiber optic,Electronic check,0,No,Yes,No,No,Yes,Yes
CUST-05702,28,84.52,2396.22,Two year,Fiber optic,Mailed check,0,No,No,No,Yes,Yes,No
CUST-05703,20,89.31,1717.32,Two year,No,Credit card,0,No,No,Yes,No,No,No
CUST-05704,32,56.09,1834.15,Two year,No,Bank transfer,0,Yes,No,Yes,No,Yes,No
CUST-05705,23,108.37,2580.67,Month-to-month,No,Credit card,0,Yes,Yes,No,No,No,No
CUST-05706,59,102.91,6022.86,Month-to-month,DSL,Mailed check,0,Yes,No,No,No,No,No
CUST-05707,30,86.93,2526.69,Two year,DSL,Mailed check,1,No,No,Yes,No,No,No
CUST-05708,24,48.93,1037.56,Month-to-month,Fiber optic,Mailed check,0,Yes,No,Yes,No,No,Yes
CUST-05709,39,44.49,1603.28,Month-to-month,Fiber optic,Electronic check,0,No,Yes,No,No,No,Yes
CUST-05710,55,61.83,3357.58,Month-to-month,Fiber optic,Bank transfer,0,No,Yes,No,No,No,No
CUST-05711,20,71.52,1447.68,Two year,Fiber optic,Mailed check,0,No,No,No,No,Yes,No
CUST-05712,68,25.79,1893.24,Month-to-month,DSL,Credit card,0,No,No,No,No,Yes,Yes
CUST-05713,34,82.37,2740.57,Month-to-month,DSL,Bank transfer,0,Yes,No,No,No,No,No
CUST-05714,48,102.19,4783.67,Month-to-month,Fiber optic,Credit card,0,No,Yes,No,No,Yes,Yes
CUST-05715,69,84.41,5850.38,Month-to-month,Fiber optic,Electronic check,0,No,No,No,Yes,Yes,No
CUST-05716,32,53.1,1644.9,One year,Fiber optic,Electronic check,0,Yes,No,No,No,No,Yes
CUST-05717,15,50.14,875.03,One year,Fiber optic,Mailed check,0,Yes,Yes,Yes,No,No,No
CUST-05718,54,77.5,4256.76,One year,DSL,Bank transfer,1,No,No,No,Yes,No,No
CUST-05719,1,66.17,123.1,Month-to-month,DSL,Bank transfer,0,No,No,No,No,No,No
CUST-05720,33,81.08,2535.65,Month-to-month,Fiber optic,Bank transfer,0,Yes,Yes,Yes,No,No,No
CUST-05721,71,85.04,5976.85,Month-to-month,Fiber optic,Credit card,0,Yes,Yes,No,No,No,Yes
CUST-05722,30,97.3,3019.7,Two year,Fiber optic,Mailed check,0,No,No,No,Yes,Yes,No
CUST-05723,50,41.7,2061.26,Month-to-month,Fiber optic,Mailed check,1,Yes,Yes,No,Yes,Yes,No
CUST-05724,38,75.54,2648.33,Month-to-month,No,Mailed check,0,No,No,No,No,Yes,No
CUST-05725,16,60.91,1141.04,Month-to-month,Fiber optic,Mailed check,1,Yes,No,No,No,Yes,No
CUST-05726,23,67.53,1521.72,Two year,DSL,Bank transfer,0,Yes,Yes,No,Yes,Yes,No
CUST-05727,38,91.61,3512.05,One year,Fiber optic,Credit card,0,Yes,No,No,No,Yes,Yes
CUST-05728,8,94.33,795.85,Month-to-month,DSL,Mailed check,0,Yes,Yes,Yes,Yes,Yes,Yes
CUST-05729,30,104.96,3135.74,One year,DSL,Mailed check,0,Yes,No,No,No,Yes,No
CUST-05730,30,80.64,2537.56,Month-to-month,Fiber optic,Credit card,1,No,No,No,No,No,Yes
CUST-05731,61,67.25,4085.37,One year,Fiber optic,Mailed check,0,Yes,No,Yes,No,Yes,No
CUST-05732,9,63.68,540.69,Two year,DSL,Electronic check,1,No,No,No,No,No,No
CUST-05733,61,26.63,1869.65,One year,Fiber optic,Mailed check,0,Yes,Yes,Yes,No,Yes,No
CUST-05734,30,103.49,2941.87,Two year,Fiber optic,Electronic check,0,No,Yes,No,No,Yes,No
CUST-05735,47,61.95,2927.8,Month-to-month,DSL,Mailed check,1,No,No,Yes,No,No,No
CUST-05736,41,82.65,3426.48,Month-to-month,Fiber optic,Credit card,0,Yes,No,No,No,No,No
CUST-05737,22,86.97,1974.49,One year,DSL,Credit card,0,No,Yes,No,Yes,No,No
CUST-05738,68,38.87,2837.98,One year,Fiber optic,Credit card,0,Yes,Yes,No,Yes,No,No
CUST-05739,17,46.92,811.41,Month-to-month,Fiber optic,Mailed check,0,No,No,Yes,No,Yes,Yes
CUST-05740,3,108.68,215.55,Month-to-month,Fiber optic,Mailed check,0,No,Yes,Yes,No,No,Yes
CUST-05741,55,77.26,4273.98,Month-to-month,Fiber optic,Credit card,0,Yes,No,No,Yes,Yes,No
CUST-05742,45,55.49,2491.62,Month-to-month,Fiber optic,Credit card,1,No,Yes,Yes,Yes,No,No
CUST-05743,65,66.84,4462.09,Two year,DSL,Electronic check,1,Yes,No,No,No,No,No
CUST-05744,33,97.16,3276.46,Month-to-month,Fiber optic,Credit card,1,No,Yes,No,No,No,Yes
CUST-05745,2,93.36,166.17,Two year,DSL,Electronic check,0,Yes,Yes,No,No,Yes,No
CUST-05746,2,33.35,20.12,Month-to-month,DSL,Mailed check,0,Yes,No,No,Yes,Yes,Yes
CUST-05747,32,110.86,3587.94,One year,Fiber optic,Bank transfer,0,Yes,No,No,No,No,Yes
CUST-05748,18,94.15,1722.48,Two year,DSL,Bank transfer,0,Yes,Yes,No,No,Yes,No
CUST-05749,67,66.19,4275.56,One year,Fiber optic,Credit card,0,No,Yes,No,No,Yes,No
CUST-05750,9,40.21,221.11,Two year,Fiber optic,Bank transfer,0,No,No,No,Yes,Yes,No
CUST-05751,64,96.35,6213.56,Month-to-month,Fiber optic,Mailed check,0,No,No,Yes,No,No,Yes
CUST-05752,16,81.91,1212.61,Month-to-month,No,Mailed check,0,Yes,No,Yes,No,Yes,No
CUST-05753,9,33.56,163.21,One year,Fiber optic,Bank transfer,0,No,Yes,Yes,Yes,Yes,Yes
CUST-05754,20,64.2,1315.7,One year,No,Credit card,0,No,No,No,Yes,No,No
CUST-05755,11,130.0,1309.09,One year,Fiber optic,Credit card,0,No,No,No,No,No,No
CUST-05756,29,70.41,2014.28,One year,Fiber optic,Credit card,1,Yes,Yes,No,Yes,Yes,No
CUST-05757,24,51.45,1308.85,Month-to-month,Fiber optic,Bank transfer,0,Yes,No,Yes,No,Yes,Yes
CUST-05758,39,44.79,1630.5,Month-to-month,Fiber optic,Mailed check,0,Yes,Yes,No,Yes,Yes,Yes
CUST-05759,39,114.3,4509.73,Two year,Fiber optic,Credit card,0,No,Yes,No,Yes,Yes,No
CUST-05760,1,91.19,170.84,One year,No,Electronic check,0,No,No,Yes,No,Yes,Yes
CUST-05761,9,105.19,843.9,One year,Fiber optic,Credit card,0,Yes,No,No,No,Yes,Yes
CUST-05762,12,76.2,1064.93,One year,No,Credit card,0,No,No,No,Yes,Yes,No
CUST-05763,15,101.35,1441.39,Two year,Fiber optic,Bank transfer,0,Yes,Yes,Yes,Yes,Yes,No
CUST-05764,7,48.79,371.76,Two year,DSL,Bank transfer,0,Yes,Yes,No,No,Yes,No
CUST-05765,23,74.06,1597.08,Month-to-month,DSL,Bank transfer,0,No,Yes,Yes,Yes,No,No
CUST-05766,40,77.18,3004.34,Two year,Fiber optic,Electronic check,0,Yes,No,No,No,No,No
CUST-05767,23,104.56,2548.4,Month-to-month,DSL,Electronic check,1,No,No,No,No,Yes,Yes
CUST-05768,24,77.97,2041.69,Month-to-month,DSL,Bank transfer,0,No,No,No,No,No,Yes
CUST-05769,34,54.36,1941.15,Two year,Fiber optic,Electronic check,0,Yes,No,No,No,No,No
CUST-05770,40,71.6,2814.21,Month-to-month,Fiber optic,Bank transfer,1,No,No,No,Yes,Yes,Yes
CUST-05771,24,28.09,568.99,Month-to-month,DSL,Mailed check,0,Yes,No,Yes,Yes,No,No
CUST-05772,16,20.0,136.46,One year,Fiber optic,Electronic check,0,No,No,Yes,Yes,No,No
CUST-05773,30,90.78,2741.51,Two year,Fiber optic,Bank transfer,0,Yes,No,No,No,No,No
CUST-05774,2,60.63,0.0,Month-to-month,Fiber optic,Mailed check,0,Yes,Yes,No,Yes,Yes,Yes
CUST-05775,36,63.46,2246.83,One year,Fiber optic,Mailed check,0,Yes,No,Yes,No,Yes,No
CUST-05776,68,90.77,6219.85,Month-to-month,DSL,Credit card,1,Yes,Yes,No,Yes,Yes,No
CUST-05777,29,104.93,2946.32,Month-to-month,No,Bank transfer,0,Yes,No,No,No,Yes,No
CUST-05778,8,83.36,655.57,One year,No,Credit card,0,Yes,No,No,Yes,No,No
CUST-05779,51,118.2,5978.68,One year,Fiber optic,Mailed check,0,No,No,No,No,Yes,No
CUST-05780,10,82.57,871.38,One year,DSL,Mailed check,0,Yes,No,No,Yes,Yes,No
CUST-05781,14,77.56,1082.4,One year,Fiber optic,Bank transfer,0,Yes,No,No,No,Yes,No
CUST-05782,11,76.01,764.97,Two year,No,Electronic check,0,Yes,No,No,No,No,No
CUST-05783,64,37.86,2283.38,Two year,Fiber optic,Credit card,0,No,No,No,No,Yes,No
CUST-05784,71,93.9,6858.83,Month-to-month,No,Mailed check,0,No,No,No,Yes,No,Yes
CUST-05785,42,20.0,772.74,One year,No,Mailed check,0,No,No,Yes,Yes,No,Yes
CUST-05786,45,55.34,2398.08,One year,Fiber optic,Bank transfer,0,No,No,Yes,Yes,Yes,No
CUST-05787,47,70.57,3433.27,Month-to-month,DSL,Electronic check,1,No,No,No,No,Yes,Yes
CUST-05788,44,50.26,2194.51,One year,DSL,Mailed check,0,Yes,No,No,No,No,No
CUST-05789,40,58.71,2441.24,One year,DSL,Electronic check,0,No,No,Yes,Yes,Yes,No
CUST-05790,72,115.98,8348.75,Month-to-month,DSL,Bank transfer,0,Yes,No,No,No,No,No
CUST-05791,53,97.6,5195.83,Month-to-month,DSL,Bank transfer,1,No,Yes,No,No,Yes,No
CUST-05792,7,52.85,416.48,Month-to-month,Fiber optic,Electronic check,0,No,Yes,No,No,Yes,Yes
CUST-05793,29,58.26,1683.36,Month-to-month,Fiber optic,Electronic check,0,Yes,No,No,Yes,No,No
CUST-05794,71,38.07,2600.84,Two year,DSL,Credit card,0,Yes,Yes,No,No,No,No
CUST-05795,30,87.62,2581.92,Month-to-month,Fiber optic,Mailed check,0,Yes,No,No,No,No,Yes
CUST-05796,15,63.76,738.3,One year,No,Credit card,0,No,No,Yes,No,Yes,No
CUST-05797,63,20.84,1377.66,One year,DSL,Bank transfer,0,Yes,No,No,Yes,Yes,No
CUST-05798,45,72.52,3187.11,Month-to-month,DSL,Credit card,0,Yes,No,Yes,No,Yes,No
CUST-05799,41,80.97,3194.47,Month-to-month,Fiber optic,Mailed check,0,No,No,Yes,Yes,Yes,Yes
CUST-05800,31,94.08,2978.46,Month-to-month,No,Mailed check,0,No,Yes,No,Yes,Yes,No
CUST-05801,9,68.17,610.25,Month-to-month,Fiber optic,Bank transfer,0,No,No,No,Yes,Yes,Yes
CUST-05802,28,60.68,1811.14,Month-to-month,DSL,Bank transfer,0,No,Yes,No,Yes,No,No
CUST-05803,32,119.66,3615.45,Month-to-month,Fiber optic,Bank transfer,0,No,Yes,No,No,No,No
CUST-05804,68,70.16,4734.24,Two year,Fiber optic,Mailed check,0,Yes,Yes,No,No,No,No
CUST-05805,23,87.99,1963.03,One year,DSL,Bank transfer,0,Yes,No,No,Yes,Yes,Yes
CUST-05806,11,56.51,698.62,Month-to-month,Fiber optic,Mailed check,0,No,No,No,Yes,No,Yes
CUST-05807,31,87.25,2722.18,Month-to-month,Fiber optic,Credit card,0,Yes,Yes,No,No,Yes,No
CUST-05808,72,33.61,2580.76,Two year,DSL,Bank transfer,0,No,No,No,No,Yes,No
CUST-05809,35,58.45,2215.25,Month-to-month,No,Mailed check,0,No,No,No,No,No,No
CUST-05810,28,39.79,1182.7,One year,DSL,Credit card,0,Yes,No,No,No,No,No
CUST-05811,49,54.88,2716.86,Month-to-month,Fiber optic,Electronic check,0,Yes,No,Yes,No,No,Yes
CUST-05812,47,101.26,4619.28,Two year,Fiber optic,Credit card,0,No,No,Yes,Yes,No,No
CUST-05813,22,54.69,1261.16,Month-to-month,DSL,Mailed check,0,Yes,No,No,Yes,Yes,Yes
CUST-05814,70,87.96,6368.88,Month-to-month,Fiber optic,Electronic check,1,Yes,No,No,No,Yes,No
CUST-05815,43,107.93,4771.31,One year,DSL,Credit card,1,Yes,Yes,No,No,No,Yes
CUST-05816,5,69.31,291.53,Month-to-month,DSL,Bank transfer,0,Yes,No,No,No,Yes,Yes
CUST-05817,30,94.84,2816.71,One year,DSL,Electronic check,0,Yes,No,Yes,No,Yes,No
CUST-05818,67,83.28,5758.17,Month-to-month,No,Mailed check,0,Yes,No,No,Yes,Yes,Yes
CUST-05819,29,72.91,2001.48,Month-to-month,No,Mailed check,0,Yes,Yes,No,No,Yes,No
CUST-05820,41,88.76,3665.33,Month-to-month,DSL,Bank transfer,0,Yes,No,No,No,Yes,Yes
CUST-05821,45,116.0,5153.8,One year,Fiber optic,Credit card,0,No,Yes,No,No,No,No
CUST-05822,51,54.07,2710.52,Two year,No,Mailed check,0,No,No,No,Yes,Yes,No
CUST-05823,63,46.02,2939.56,Month-to-month,Fiber optic,Credit card,1,No,No,No,No,Yes,Yes
CUST-05824,11,44.55,548.93,Two year,DSL,Credit card,0,No,No,No,No,No,No
CUST-05825,38,94.86,3556.44,Two year,Fiber optic,Mailed check,1,Yes,No,No,No,No,No
CUST-05826,39,98.23,3918.21,Month-to-month,Fiber optic,Credit card,1,Yes,No,No,No,Yes,Yes
CUST-05827,11,56.57,695.51,Month-to-month,DSL,Credit card,0,No,Yes,No,Yes,Yes,Yes
CUST-05828,49,20.0,1057.4,Month-to-month,Fiber optic,Mailed check,0,Yes,No,Yes,No,Yes,Yes
CUST-05829,9,53.13,499.77,Month-to-month,Fiber optic,Bank transfer,1,Yes,No,No,Yes,Yes,No
CUST-05830,33,83.7,2911.8,One year,Fiber optic,Credit card,0,Yes,No,Yes,No,Yes,No
CUST-05831,24,68.33,1540.11,Month-to-month,Fiber optic,Bank transfer,0,Yes,No,Yes,Yes,Yes,No
CUST-05832,12,74.51,911.75,Month-to-month,Fiber optic,Bank transfer,0,Yes,Yes,No,Yes,Yes,No
CUST-05833,60,56.92,3379.37,One year,Fiber optic,Credit card,0,No,Yes,Yes,No,No,No
CUST-05834,18,95.35,1751.35,Month-to-month,Fiber optic,Bank transfer,0,No,No,No,Yes,No,No
CUST-05835,19,78.58,1604.43,Two year,DSL,Mailed check,0,Yes,Yes,No,Yes,No,No
CUST-05836,62,84.66,5119.05,One year,Fiber optic,Bank transfer,0,No,Yes,No,No,No,No
CUST-05837,64,73.98,4735.09,Month-to-month,Fiber optic,Credit card,0,No,No,No,No,No,No
CUST-05838,3,83.11,194.71,Month-to-month,Fiber optic,Mailed check,0,Yes,No,No,No,Yes,No
CUST-05839,21,81.46,1830.43,Month-to-month,Fiber optic,Credit card,0,No,No,No,No,No,Yes
CUST-05840,52,46.8,2591.26,Two year,Fiber optic,Electronic check,0,Yes,Yes,No,No,No,No
CUST-05841,57,79.33,4406.64,Month-to-month,Fiber optic,Mailed check,1,No,No,No,No,Yes,No
CUST-05842,72,89.79,6524.82,Two year,Fiber optic,Electronic check,0,Yes,Yes,No,No,No,No
CUST-05843,40,98.88,4288.74,Two year,Fiber optic,Credit card,0,Yes,Yes,No,No,No,No
CUST-05844,1,80.4,101.87,Month-to-month,Fiber optic,Bank transfer,0,No,No,Yes,Yes,No,Yes
CUST-05845,63,45.87,2887.03,One year,Fiber optic,Electronic check,0,No,No,No,No,Yes,No
CUST-05846,12,49.72,638.28,One year,No,Electronic check,1,Yes,Yes,No,No,No,No
CUST-05847,9,59.12,624.13,Month-to-month,Fiber optic,Bank transfer,0,No,No,Yes,No,Yes,Yes
CUST-05848,49,74.74,3802.3,Two year,DSL,Mailed check,1,No,No,No,No,No,No
CUST-05849,44,66.94,3102.74,Month-to-month,Fiber optic,Electronic check,0,No,Yes,No,No,No,Yes
CUST-05850,5,41.91,110.79,Two year,DSL,Credit card,1,No,Yes,No,No,Yes,Yes
CUST-05851,13,41.76,661.2,One year,Fiber optic,Mailed check,0,No,Yes,Yes,Yes,No,No
CUST-05852,43,20.0,854.99,Month-to-month,No,Bank transfer,0,Yes,Yes,No,Yes,No,No
CUST-05853,19,20.0,362.7,Month-to-month,DSL,Credit card,1,Yes,No,Yes,Yes,Yes,No
CUST-05854,50,66.71,3309.21,Month-to-month,DSL,Electronic check,0,No,Yes,No,No,No,Yes
CUST-05855,30,128.01,3914.96,Month-to-month,DSL,Mailed check,0,Yes,No,Yes,Yes,Yes,Yes
CUST-05856,43,114.92,4890.21,One year,No,Bank transfer,0,No,Yes,Yes,No,Yes,No
CUST-05857,35,45.54,1730.32,Month-to-month,Fiber optic,Credit card,0,Yes,Yes,No,Yes,No,No
CUST-05858,27,73.75,1976.29,Two year,Fiber optic,Electronic check,1,Yes,No,No,No,Yes,No
CUST-05859,25,33.39,916.18,Month-to-month,DSL,Mailed check,0,Yes,No,No,Yes,Yes,Yes
CUST-05860,51,37.2,1953.66,Month-to-month,DSL,Credit card,0,Yes,No,No,Yes,Yes,No
CUST-05861,38,40.06,1422.19,Month-to-month,DSL,Mailed check,0,No,No,Yes,No,Yes,Yes
CUST-05862,43,64.36,2677.73,Month-to-month,Fiber optic,Electronic check,0,Yes,Yes,No,No,No,Yes
CUST-05863,42,65.44,2815.25,One year,DSL,Mailed check,0,No,No,No,No,No,No
CUST-05864,15,76.32,1008.25,Month-to-month,No,Electronic check,0,No,No,Yes,No,No,Yes
CUST-05865,66,86.58,5728.76,One year,Fiber optic,Bank transfer,0,Yes,No,Yes,Yes,No,No
CUST-05866,41,61.58,2477.86,One year,No,Credit card,0,No,Yes,No,No,No,No
CUST-05867,52,70.91,3645.85,Month-to-month,Fiber optic,Electronic check,0,No,Yes,No,No,Yes,Yes
CUST-05868,64,42.65,2767.9,Month-to-month,Fiber optic,Mailed check,0,Yes,No,No,No,Yes,Yes
CUST-05869,67,36.39,2570.04,Month-to-month,DSL,Bank transfer,1,Yes,Yes,No,No,No,No
CUST-05870,49,32.53,1647.8,Month-to-month,Fiber optic,Electronic check,0,Yes,No,Yes,No,No,Yes
CUST-05871,57,86.23,4778.82,One year,Fiber optic,Bank transfer,0,No,Yes,No,Yes,Yes,No
CUST-05872,34,61.55,2097.69,Month-to-month,DSL,Electronic check,0,No,No,No,No,Yes,Yes
CUST-05873,54,23.22,1338.47,Month-to-month,No,Bank transfer,1,No,No,No,No,Yes,No
CUST-05874,24,68.42,1609.43,Month-to-month,DSL,Mailed check,0,Yes,No,No,No,Yes,Yes
CUST-05875,52,38.78,2006.29,Month-to-month,DSL,Credit card,1,No,Yes,Yes,Yes,Yes,No
CUST-05876,7,111.51,725.76,Two year,Fiber optic,Credit card,0,No,No,No,No,No,No
CUST-05877,66,55.53,3776.21,Two year,Fiber optic,Credit card,0,No,No,No,No,Yes,No
CUST-05878,18,87.04,1465.74,One year,DSL,Electronic check,0,No,Yes,Yes,Yes,Yes,No
CUST-05879,48,97.22,4625.25,Month-to-month,No,Credit card,1,Yes,No,No,Yes,Yes,Yes
CUST-05880,1,46.13,0.0,Month-to-month,DSL,Electronic check,0,No,Yes,No,No,No,Yes
CUST-05881,12,71.9,941.79,Month-to-month,Fiber optic,Electronic check,0,Yes,No,Yes,Yes,Yes,Yes
CUST-05882,72,83.84,5933.14,Two year,DSL,Credit card,1,No,No,No,No,Yes,No
CUST-05883,61,72.89,4371.71,Month-to-month,DSL,Credit card,0,No,Yes,No,No,Yes,Yes
CUST-05884,17,79.03,1311.69,Month-to-month,Fiber optic,Mailed check,0,Yes,No,No,Yes,Yes,Yes
CUST-05885,10,36.76,379.7,One year,Fiber optic,Credit card,0,No,Yes,No,Yes,Yes,No
CUST-05886,59,83.85,4908.34,One year,Fiber optic,Electronic check,1,Yes,No,No,Yes,Yes,Yes
CUST-05887,72,57.85,4165.29,Month-to-month,DSL,Mailed check,0,Yes,Yes,No,Yes,No,No
CUST-05888,13,78.74,831.45,Month-to-month,DSL,Electronic check,0,Yes,No,No,Yes,Yes,No
CUST-05889,48,93.0,4531.84,Two year,No,Bank transfer,0,No,No,No,Yes,Yes,No
CUST-05890,21,86.72,1853.02,Month-to-month,DSL,Credit card,0,No,Yes,Yes,No,Yes,No
CUST-05891,54,78.72,4257.48,Two year,Fiber optic,Bank transfer,0,No,No,Yes,Yes,Yes,No
CUST-05892,31,86.05,2418.03,Month-to-month,DSL,Bank transfer,0,Yes,No,No,No,Yes,Yes
CUST-05893,10,87.21,875.24,Two year,DSL,Electronic check,0,Yes,No,No,Yes,No,No
CUST-05894,24,107.39,2508.57,Two year,DSL,Bank transfer,0,Yes,Yes,Yes,No,Yes,No
CUST-05895,39,69.15,2632.25,Month-to-month,DSL,Mailed check,0,Yes,No,No,Yes,No,No
CUST-05896,58,74.1,4295.42,Two year,Fiber optic,Bank transfer,0,No,No,Yes,No,No,No
CUST-05897,2,93.3,306.26,Month-to-month,Fiber optic,Electronic check,1,Yes,No,Yes,No,Yes,Yes
CUST-05898,69,57.74,4168.05,Month-to-month,Fiber optic,Bank transfer,0,Yes,No,No,Yes,Yes,Yes
CUST-05899,47,36.62,1841.36,Month-to-month,DSL,Mailed check,1,Yes,No,No,Yes,Yes,No
CUST-05900,64,82.33,5255.96,One year,Fiber optic,Credit card,0,No,No,Yes,No,Yes,No
CUST-05901,67,64.85,4506.84,Month-to-month,Fiber optic,Credit card,1,Yes,No,No,Yes,Yes,Yes
CUST-05902,12,39.81,625.78,Month-to-month,DSL,Credit card,0,No,No,No,Yes,No,No
CUST-05903,7,82.51,584.89,Two year,DSL,Mailed check,0,Yes,No,Yes,No,Yes,Yes
CUST-05904,56,105.78,5738.31,Two year,DSL,Bank transfer,1,No,No,Yes,Yes,Yes,No
CUST-05905,14,29.26,324.43,Month-to-month,DSL,Bank transfer,0,No,Yes,Yes,No,Yes,No
CUST-05906,11,95.56,833.53,Month-to-month,Fiber optic,Credit card,1,Yes,No,No,No,Yes,Yes
CUST-05907,34,20.0,633.05,Month-to-month,DSL,Credit card,1,Yes,No,Yes,No,Yes,No
CUST-05908,66,59.99,3966.78,Month-to-month,Fiber optic,Electronic check,0,Yes,No,No,Yes,Yes,No
CUST-05909,58,116.01,6557.79,Two year,Fiber optic,Credit card,0,No,No,Yes,Yes,Yes,No
CUST-05910,38,61.79,2437.28,Two year,Fiber optic,Mailed check,0,No,No,No,Yes,Yes,No
CUST-05911,15,72.25,1102.14,Month-to-month,DSL,Credit card,1,No,Yes,No,No,Yes,Yes
CUST-05912,25,89.07,2043.59,Month-to-month,Fiber optic,Bank transfer,1,Yes,No,No,No,Yes,Yes
CUST-05913,50,27.09,1376.2,Month-to-month,Fiber optic,Mailed check,0,No,No,No,No,Yes,Yes
CUST-05914,12,71.8,683.33,Month-to-month,No,Electronic check,0,No,Yes,No,Yes,No,Yes
CUST-05915,38,71.61,2929.31,Month-to-month,DSL,Credit card,0,Yes,Yes,Yes,No,No,No
CUST-05916,1,116.56,0.0,Month-to-month,DSL,Electronic check,0,Yes,No,No,Yes,Yes,Yes
CUST-05917,24,39.11,844.22,Month-to-month,Fiber optic,Electronic check,0,Yes,No,No,No,No,Yes
CUST-05918,18,60.46,1043.41,Month-to-month,DSL,Electronic check,1,Yes,No,Yes,Yes,No,No
CUST-05919,50,46.79,2350.78,Two year,DSL,Bank transfer,0,No,Yes,Yes,Yes,No,No
CUST-05920,66,44.14,2871.66,One year,No,Mailed check,0,No,Yes,No,No,Yes,No
CUST-05921,11,98.19,922.01,Month-to-month,Fiber optic,Bank transfer,0,No,No,No,No,Yes,No
CUST-05922,58,70.67,4106.3,Month-to-month,Fiber optic,Credit card,0,Yes,Yes,No,No,No,No
CUST-05923,48,56.11,2634.31,Two year,DSL,Mailed check,0,Yes,Yes,No,Yes,Yes,No
CUST-05924,70,57.05,3932.86,Month-to-month,DSL,Electronic check,0,Yes,No,Yes,No,Yes,No
CUST-05925,66,55.92,3849.4,Two year,DSL,Mailed check,0,No,Yes,No,No,No,No
CUST-05926,8,58.15,424.07,Month-to-month,Fiber optic,Bank transfer,0,Yes,No,Yes,No,No,Yes
CUST-05927,54,38.39,2038.5,Two year,Fiber optic,Bank transfer,0,Yes,No,No,No,Yes,No
CUST-05928,43,63.53,2746.06,Month-to-month,Fiber optic,Electronic check,0,No,Yes,No,No,No,No
CUST-05929,9,61.02,597.82,Two year,No,Credit card,0,Yes,Yes,No,Yes,Yes,No
CUST-05930,19,51.06,996.32,Month-to-month,No,Bank transfer,0,No,No,No,No,No,No
CUST-05931,67,73.88,4712.27,Two year,DSL,Mailed check,0,No,No,No,No,Yes,No
CUST-05932,40,76.0,3008.36,One year,Fiber optic,Mailed check,0,No,No,No,No,No,No
CUST-05933,25,56.08,1362.1,Month-to-month,Fiber optic,Credit card,0,No,No,No,Yes,Yes,Yes
CUST-05934,24,66.4,1472.37,One year,Fiber optic,Electronic check,0,Yes,No,Yes,No,No,No
CUST-05935,61,123.97,7432.61,Month-to-month,No,Mailed check,0,Yes,No,No,No,Yes,No
CUST-05936,21,123.01,2692.99,Month-to-month,Fiber optic,Mailed check,0,Yes,Yes,No,No,Yes,Yes
CUST-05937,12,43.65,535.53,Month-to-month,Fiber optic,Bank transfer,0,No,Yes,No,Yes,Yes,Yes
CUST-05938,42,47.14,1924.7,One year,DSL,Electronic check,0,No,Yes,No,No,No,No
CUST-05939,72,43.51,3165.32,Two year,Fiber optic,Credit card,0,No,No,Yes,No,Yes,No
CUST-05940,14,96.43,1470.66,Month-to-month,Fiber optic,Mailed check,0,No,Yes,Yes,No,Yes,Yes
CUST-05941,19,60.04,1191.82,One year,Fiber optic,Bank transfer,0,No,No,Yes,No,Yes,Yes
CUST-05942,34,75.99,2718.66,Two year,Fiber optic,Bank transfer,0,No,Yes,No,No,No,No
CUST-05943,15,119.92,1824.56,One year,Fiber optic,Electronic check,0,Yes,No,No,Yes,Yes,No
CUST-05944,47,69.74,3345.6,Month-to-month,Fiber optic,Credit card,0,No,Yes,No,No,No,No
CUST-05945,19,87.66,1642.16,Month-to-month,No,Mailed check,0,No,No,Yes,No,Yes,Yes
CUST-05946,10,83.01,949.85,Month-to-month,DSL,Bank transfer,0,Yes,No,No,No,Yes,Yes
CUST-05947,19,55.29,1219.18,Month-to-month,Fiber optic,Bank transfer,0,Yes,No,Yes,No,No,Yes
CUST-05948,68,96.48,6579.39,Month-to-month,Fiber optic,Bank transfer,0,No,No,Yes,Yes,Yes,No
CUST-05949,68,48.76,3186.91,Two year,Fiber optic,Bank transfer,0,No,No,No,No,Yes,No
CUST-05950,37,103.5,3841.73,One year,Fiber optic,Bank transfer,0,No,Yes,No,No,No,No
CUST-05951,29,55.31,1594.94,One year,Fiber optic,Bank transfer,0,Yes,No,No,No,Yes,No
CUST-05952,60,58.05,3550.41,Month-to-month,Fiber optic,Mailed check,0,Yes,No,Yes,No,Yes,Yes
CUST-05953,14,42.79,563.66,Month-to-month,DSL,Credit card,0,No,No,No,No,Yes,No
CUST-05954,48,46.89,2261.21,One year,No,Bank transfer,0,No,No,No,No,Yes,No
CUST-05955,49,59.33,2967.08,Month-to-month,Fiber optic,Credit card,1,Yes,Yes,No,Yes,Yes,No
CUST-05956,52,20.0,974.49,Two year,DSL,Bank transfer,0,No,Yes,No,Yes,No,No
CUST-05957,16,64.17,1058.44,Month-to-month,DSL,Bank transfer,0,Yes,No,No,No,Yes,No
CUST-05958,52,57.3,3003.16,Month-to-month,DSL,Mailed check,0,Yes,No,No,Yes,No,No
CUST-05959,45,89.75,3817.12,One year,DSL,Mailed check,0,No,No,No,Yes,No,No
CUST-05960,64,80.57,5142.76,One year,DSL,Credit card,0,No,No,No,No,No,No
CUST-05961,13,52.31,532.65,Month-to-month,DSL,Bank transfer,0,No,No,No,No,No,Yes
CUST-05962,45,58.54,2772.58,One year,No,Mailed check,0,No,No,No,Yes,No,No
CUST-05963,60,64.13,3787.85,Month-to-month,Fiber optic,Credit card,0,Yes,No,No,No,No,No
CUST-05964,21,107.15,2204.18,Month-to-month,Fiber optic,Electronic check,0,Yes,No,No,No,Yes,Yes
CUST-05965,54,49.44,2749.57,Month-to-month,Fiber optic,Electronic check,0,No,No,No,No,No,No
CUST-05966,8,52.01,176.38,One year,Fiber optic,Bank transfer,0,No,No,No,No,No,No
CUST-05967,52,41.79,2054.92,One year,No,Mailed check,0,Yes,No,Yes,No,No,No
CUST-05968,44,32.95,1577.27,Month-to-month,DSL,Credit card,0,No,No,Yes,Yes,No,No
CUST-05969,14,77.68,1081.04,One year,Fiber optic,Bank transfer,0,No,Yes,Yes,Yes,No,No
CUST-05970,5,75.07,227.26,One year,No,Credit card,1,Yes,No,No,No,Yes,No
CUST-05971,54,102.07,5433.77,Month-to-month,No,Mailed check,0,Yes,No,No,Yes,Yes,No
CUST-05972,18,96.04,1593.36,Month-to-month,Fiber optic,Mailed check,0,Yes,Yes,Yes,No,Yes,No
CUST-05973,36,129.93,4609.64,Month-to-month,No,Mailed check,0,No,No,No,Yes,No,No
CUST-05974,5,68.15,301.6,Month-to-month,Fiber optic,Bank transfer,0,Yes,Yes,No,No,Yes,Yes
CUST-05975,70,63.49,4618.38,Two year,DSL,Bank transfer,0,Yes,No,No,Yes,Yes,No
CUST-05976,40,37.49,1389.93,Two year,DSL,Credit card,0,No,No,Yes,Yes,Yes,No
CUST-05977,68,87.41,5804.17,Month-to-month,Fiber optic,Electronic check,0,Yes,No,Yes,No,Yes,No
CUST-05978,12,72.96,845.47,Month-to-month,DSL,Electronic check,1,No,No,Yes,No,No,Yes
CUST-05979,15,86.28,1296.38,Month-to-month,DSL,Credit card,0,No,No,Yes,No,Yes,Yes
CUST-05980,44,41.52,1792.11,Month-to-month,DSL,Bank transfer,0,Yes,No,Yes,No,No,No
CUST-05981,44,78.79,3459.62,Month-to-month,Fiber optic,Mailed check,1,No,No,No,Yes,Yes,Yes
CUST-05982,57,75.13,4443.33,Month-to-month,No,Mailed check,0,No,Yes,No,Yes,Yes,Yes
CUST-05983,67,73.48,4811.07,Month-to-month,No,Credit card,0,No,No,No,No,No,No
CUST-05984,60,52.92,3154.2,Month-to-month,Fiber optic,Credit card,0,No,Yes,No,No,No,No
CUST-05985,11,99.73,1237.56,Month-to-month,No,Electronic check,1,No,No,Yes,Yes,Yes,No
CUST-05986,23,121.26,2961.1,Month-to-month,Fiber optic,Mailed check,1,No,Yes,No,Yes,Yes,Yes
CUST-05987,66,42.24,2821.73,Month-to-month,Fiber optic,Credit card,0,No,No,Yes,No,Yes,No
CUST-05988,40,88.01,3339.47,Month-to-month,Fiber optic,Bank transfer,0,No,No,No,Yes,Yes,No
CUST-05989,63,20.0,1338.66,Month-to-month,DSL,Credit card,0,No,No,No,No,No,No
CUST-05990,41,86.72,3639.9,Month-to-month,Fiber optic,Electronic check,0,No,No,No,No,Yes,Yes
CUST-05991,4,23.25,128.63,Two year,Fiber optic,Bank transfer,1,Yes,Yes,No,No,No,No
CUST-05992,35,56.88,1948.55,Month-to-month,No,Electronic check,0,Yes,Yes,No,No,No,Yes
CUST-05993,60,37.17,2158.86,One year,DSL,Mailed check,0,Yes,Yes,No,Yes,No,No
CUST-05994,48,64.61,3194.53,Month-to-month,DSL,Electronic check,0,Yes,Yes,No,No,No,Yes
CUST-05995,10,90.97,952.02,Month-to-month,Fiber optic,Mailed check,1,No,No,No,Yes,Yes,Yes
CUST-05996,16,23.57,488.14,Month-to-month,DSL,Mailed check,0,Yes,No,Yes,No,Yes,No
CUST-05997,62,61.01,3757.04,One year,No,Electronic check,0,Yes,No,No,No,Yes,No
CUST-05998,71,57.17,4106.89,Two year,Fiber optic,Credit card,0,No,No,Yes,No,Yes,No
CUST-05999,55,109.53,5919.7,Month-to-month,Fiber optic,Mailed check,0,No,Yes,No,Yes,Yes,No
CUST-06000,8,80.79,802.39,Month-to-month,Fiber optic,Electronic check,1,Yes,No,No,Yes,No,Yes
CUST-06001,45,40.57,2005.51,One year,Fiber optic,Credit card,0,No,Yes,No,No,Yes,No
CUST-06002,60,58.22,3491.48,Month-to-month,DSL,Electronic check,0,Yes,Yes,No,Yes,Yes,No
CUST-06003,47,108.9,4939.58,Month-to-month,Fiber optic,Electronic check,1,Yes,Yes,Yes,Yes,No,Yes
CUST-06004,43,87.86,3900.69,Two year,DSL,Credit card,0,Yes,No,No,No,Yes,No
CUST-06005,34,47.04,1807.35,Month-to-month,Fiber optic,Mailed check,0,No,No,No,No,No,Yes
CUST-06006,18,63.32,1106.67,One year,Fiber optic,Mailed check,1,Yes,No,No,Yes,Yes,No
CUST-06007,21,64.12,1312.22,Month-to-month,DSL,Mailed check,1,Yes,Yes,Yes,No,No,Yes
CUST-06008,54,56.55,3019.75,Month-to-month,Fiber optic,Bank transfer,0,Yes,No,No,No,No,No
CUST-06009,6,27.24,135.49,Two year,Fiber optic,Mailed check,0,No,No,No,Yes,No,No
CUST-06010,7,53.06,482.62,Month-to-month,Fiber optic,Electronic check,0,Yes,No,Yes,No,Yes,Yes
CUST-06011,29,104.73,3088.2,Month-to-month,Fiber optic,Credit card,0,Yes,No,No,No,No,Yes
CUST-06012,56,60.47,3279.49,Month-to-month,Fiber optic,Credit card,0,Yes,Yes,No,Yes,No,Yes
CUST-06013,48,67.42,3208.69,Month-to-month,Fiber optic,Electronic check,0,No,No,No,Yes,Yes,Yes
CUST-06014,43,73.51,3191.24,Month-to-month,Fiber optic,Bank transfer,0,Yes,Yes,No,No,Yes,Yes
CUST-06015,39,125.45,4829.5,Month-to-month,DSL,Mailed check,0,No,No,No,Yes,Yes,No
CUST-06016,8,70.22,605.72,Month-to-month,Fiber optic,Electronic check,0,No,Yes,Yes,No,No,No
CUST-06017,24,97.35,2348.73,Month-to-month,Fiber optic,Mailed check,0,No,No,No,No,Yes,Yes
CUST-06018,6,55.05,441.96,One year,Fiber optic,Bank transfer,0,No,No,No,No,Yes,No
CUST-06019,55,63.52,3568.61,Month-to-month,No,Electronic check,0,Yes,Yes,No,No,No,No
CUST-06020,55,70.31,3822.22,Two year,DSL,Mailed check,0,No,No,Yes,No,No,No
CUST-06021,19,50.65,966.56,Month-to-month,Fiber optic,Mailed check,0,Yes,Yes,No,No,No,Yes
CUST-06022,22,64.91,1351.34,Month-to-month,Fiber optic,Mailed check,1,No,Yes,No,No,No,Yes
CUST-06023,23,92.2,2327.02,Two year,Fiber optic,Bank transfer,0,Yes,No,No,Yes,Yes,Yes
CUST-06024,65,49.99,3317.36,Two year,No,Mailed check,0,No,No,No,No,No,No
CUST-06025,36,70.0,2380.71,Month-to-month,DSL,Credit card,0,No,Yes,Yes,Yes,Yes,Yes
CUST-06026,55,87.72,4800.93,Month-to-month,Fiber optic,Bank transfer,1,No,Yes,No,No,No,Yes
CUST-06027,33,49.39,1467.22,Two year,Fiber optic,Bank transfer,0,Yes,No,No,No,Yes,No
CUST-06028,51,97.39,4924.11,Month-to-month,Fiber optic,Bank transfer,1,Yes,No,No,Yes,Yes,No
CUST-06029,39,71.82,2808.73,Month-to-month,Fiber optic,Credit card,0,Yes,Yes,No,Yes,Yes,No
CUST-06030,21,65.87,1469.49,Month-to-month,Fiber optic,Electronic check,0,No,Yes,Yes,Yes,No,No
CUST-06031,64,20.0,1380.38,Two year,DSL,Credit card,0,Yes,No,No,No,No,No
CUST-06032,52,60.66,3017.33,One year,Fiber optic,Credit card,0,No,No,No,Yes,Yes,No
CUST-06033,56,79.29,4457.8,Month-to-month,Fiber optic,Electronic check,0,No,No,No,No,Yes,Yes
CUST-06034,69,113.63,7872.78,Two year,Fiber optic,Electronic check,0,Yes,Yes,Yes,No,No,Yes
CUST-06035,18,84.2,1524.12,Month-to-month,DSL,Electronic check,0,Yes,No,No,No,Yes,No
CUST-06036,7,98.16,536.65,One year,No,Bank transfer,0,No,No,Yes,Yes,No,Yes
CUST-06037,42,39.77,1588.99,Month-to-month,Fiber optic,Mailed check,0,No,Yes,No,No,No,Yes
CUST-06038,24,66.83,1585.32,One year,DSL,Electronic check,0,Yes,Yes,No,No,Yes,No
CUST-06039,32,100.52,3293.98,Month-to-month,DSL,Mailed check,0,Yes,Yes,No,No,No,Yes
CUST-06040,17,47.81,719.75,Month-to-month,Fiber optic,Mailed check,0,No,Yes,Yes,No,Yes,Yes
CUST-06041,29,94.13,2674.12,Month-to-month,No,Electronic check,0,Yes,No,No,Yes,Yes,Yes
CUST-06042,29,88.33,2535.25,Two year,Fiber optic,Bank transfer,1,Yes,No,No,No,Yes,Yes
CUST-06043,26,76.87,1835.07,Month-to-month,No,Electronic check,0,No,No,No,No,No,Yes
CUST-06044,54,61.78,3296.73,Month-to-month,Fiber optic,Bank transfer,0,Yes,No,Yes,No,Yes,Yes
CUST-06045,43,45.34,1987.65,Month-to-month,Fiber optic,Electronic check,0,Yes,No,No,No,Yes,Yes
CUST-06046,35,114.38,3905.7,One year,Fiber optic,Credit card,0,No,Yes,No,Yes,No,No
CUST-06047,9,85.8,723.64,One year,DSL,Mailed check,0,No,No,Yes,No,Yes,Yes
CUST-06048,42,78.52,3238.42,Month-to-month,DSL,Bank transfer,0,Yes,Yes,Yes,No,Yes,No
CUST-06049,13,59.68,839.46,Month-to-month,Fiber optic,Mailed check,0,No,No,No,No,No,Yes
CUST-06050,23,70.95,1465.31,One year,DSL,Credit card,0,Yes,Yes,No,No,No,No
CUST-06051,30,74.12,2167.2,Month-to-month,DSL,Credit card,0,No,No,Yes,Yes,No,No
CUST-06052,11,80.0,1031.81,Month-to-month,DSL,Credit card,0,No,Yes,No,Yes,Yes,No
CUST-06053,29,88.36,2673.94,Month-to-month,DSL,Bank transfer,0,No,No,No,No,No,Yes
CUST-06054,20,50.44,1113.06,Month-to-month,DSL,Credit card,0,Yes,No,Yes,No,Yes,Yes
CUST-06055,62,33.34,2202.71,Two year,DSL,Electronic check,0,Yes,Yes,No,No,Yes,No
CUST-06056,62,72.11,4373.55,One year,No,Mailed check,0,No,No,No,No,Yes,No
CUST-06057,1,26.32,153.26,Month-to-month,Fiber optic,Credit card,0,No,Yes,No,Yes,No,Yes
CUST-06058,44,61.91,2514.03,Two year,Fiber optic,Electronic check,0,No,Yes,No,No,Yes,No
CUST-06059,47,57.27,2635.77,Month-to-month,DSL,Electronic check,1,Yes,No,No,No,Yes,No
CUST-06060,28,82.29,2366.55,Two year,DSL,Bank transfer,1,No,No,No,Yes,No,No
CUST-06061,34,119.56,4084.2,Month-to-month,No,Mailed check,0,Yes,No,Yes,No,Yes,No
CUST-06062,57,21.39,1240.97,Two year,Fiber optic,Mailed check,1,Yes,No,No,No,Yes,No
CUST-06063,28,126.85,3454.82,Two year,Fiber optic,Mailed check,0,No,Yes,Yes,Yes,Yes,No
CUST-06064,5,64.17,37.69,Two year,Fiber optic,Credit card,0,No,No,Yes,No,Yes,Yes
CUST-06065,27,78.7,2162.69,Month-to-month,Fiber optic,Mailed check,0,Yes,No,No,No,Yes,No
CUST-06066,19,34.63,758.43,Two year,Fiber optic,Electronic check,0,No,Yes,Yes,Yes,Yes,No
CUST-06067,28,94.92,2668.06,One year,DSL,Bank transfer,0,Yes,Yes,No,No,Yes,No
CUST-06068,17,71.04,1231.51,Month-to-month,Fiber optic,Credit card,1,No,No,No,No,No,Yes
CUST-06069,11,68.46,789.33,Month-to-month,DSL,Electronic check,0,No,No,No,Yes,Yes,Yes
CUST-06070,71,21.57,1445.86,One year,Fiber optic,Electronic check,0,No,No,No,No,No,No
CUST-06071,10,71.84,702.14,Two year,DSL,Bank transfer,0,Yes,Yes,No,No,No,No
CUST-06072,51,91.15,4528.65,One year,Fiber optic,Credit card,0,Yes,No,Yes,No,No,No
CUST-06073,52,64.09,3434.39,Month-to-month,Fiber optic,Electronic check,0,No,Yes,Yes,No,No,No
CUST-06074,45,99.35,4237.95,One year,Fiber optic,Bank transfer,0,Yes,No,No,No,Yes,No
CUST-06075,66,98.32,6461.2,Month-to-month,No,Credit card,0,Yes,Yes,No,No,No,No
CUST-06076,1,53.97,226.52,Month-to-month,DSL,Electronic check,0,No,No,Yes,Yes,Yes,Yes
CUST-06077,22,109.88,2463.53,One year,No,Mailed check,0,No,No,No,No,Yes,No
CUST-06078,14,71.13,880.96,One year,Fiber optic,Bank transfer,0,Yes,Yes,No,No,Yes,Yes
CUST-06079,42,71.24,3034.06,One year,No,Bank transfer,0,No,Yes,No,No,No,No
CUST-06080,46,72.47,3413.29,Month-to-month,Fiber optic,Bank transfer,0,No,No,No,Yes,Yes,Yes
CUST-06081,65,71.73,4678.27,Month-to-month,Fiber optic,Electronic check,0,Yes,No,Yes,No,No,No
CUST-06082,28,20.0,616.28,One year,Fiber optic,Credit card,0,Yes,No,No,No,No,No
CUST-06083,17,65.36,987.3,Month-to-month,Fiber optic,Mailed check,1,Yes,No,No,No,No,No
CUST-06084,67,35.9,2335.25,Two year,Fiber optic,Bank transfer,1,Yes,No,No,Yes,No,No
CUST-06085,49,110.66,5455.1,Two year,Fiber optic,Bank transfer,0,No,No,No,Yes,Yes,No
CUST-06086,56,109.65,6107.42,Two year,Fiber optic,Bank transfer,0,Yes,No,No,No,Yes,No
CUST-06087,33,91.3,2968.08,Two year,Fiber optic,Mailed check,0,No,No,No,No,Yes,No
CUST-06088,33,64.04,2010.93,Month-to-month,DSL,Mailed check,0,No,No,Yes,No,Yes,No
CUST-06089,29,44.8,1438.24,Month-to-month,DSL,Electronic check,0,No,Yes,Yes,Yes,Yes,No
CUST-06090,54,53.56,2901.52,Two year,Fiber optic,Bank transfer,0,Yes,Yes,No,No,Yes,No
CUST-06091,16,118.57,1994.12,Month-to-month,Fiber optic,Mailed check,0,Yes,No,No,No,Yes,Yes
CUST-06092,71,52.7,3522.27,Two year,Fiber optic,Electronic check,0,Yes,Yes,Yes,No,Yes,No
CUST-06093,13,20.0,353.25,Month-to-month,Fiber optic,Electronic check,0,Yes,Yes,No,No,Yes,Yes
CUST-06094,34,95.75,3141.69,Two year,DSL,Credit card,0,Yes,No,Yes,Yes,Yes,No
CUST-06095,23,107.51,2445.04,Month-to-month,DSL,Mailed check,0,Yes,No,No,Yes,No,No
CUST-06096,47,111.48,5258.23,Two year,DSL,Bank transfer,1,No,Yes,No,Yes,Yes,No
CUST-06097,50,95.96,4995.41,Month-to-month,DSL,Bank transfer,0,Yes,No,No,Yes,Yes,No
CUST-06098,67,100.04,6883.82,One year,Fiber optic,Credit card,0,Yes,Yes,No,No,Yes,No
CUST-06099,57,71.32,4058.27,Two year,Fiber optic,Credit card,0,Yes,No,No,No,No,No
CUST-06100,18,20.0,401.98,Month-to-month,No,Credit card,0,Yes,No,Yes,No,Yes,Yes
CUST-06101,15,70.7,1000.22,Month-to-month,DSL,Credit card,0,No,Yes,No,Yes,Yes,No
CUST-06102,64,85.54,5478.54,Month-to-month,Fiber optic,Electronic check,0,Yes,No,No,Yes,Yes,Yes
CUST-06103,36,66.62,2396.09,One year,Fiber optic,Mailed check,1,No,No,No,Yes,No,Yes
CUST-06104,8,65.48,556.02,One year,DSL,Mailed check,0,Yes,No,Yes,Yes,Yes,No
CUST-06105,60,45.9,2697.73,One year,Fiber optic,Credit card,0,Yes,Yes,Yes,No,No,No
CUST-06106,47,44.96,2162.13,Month-to-month,No,Mailed check,0,No,No,No,No,Yes,No
CUST-06107,2,115.95,268.53,Month-to-month,Fiber optic,Credit card,0,Yes,Yes,No,No,Yes,Yes
CUST-06108,57,116.86,6553.68,Two year,Fiber optic,Electronic check,0,Yes,No,No,Yes,No,No
CUST-06109,44,69.93,3066.26,One year,DSL,Bank transfer,0,No,Yes,Yes,No,Yes,No
CUST-06110,45,77.04,3413.62,Month-to-month,DSL,Electronic check,0,No,No,No,No,Yes,No
CUST-06111,63,45.48,3068.92,Month-to-month,DSL,Credit card,0,No,No,No,Yes,Yes,No
CUST-06112,36,86.06,3226.31,Month-to-month,DSL,Credit card,1,No,Yes,No,No,No,No
CUST-06113,34,113.99,3974.09,Two year,Fiber optic,Bank transfer,0,Yes,No,No,No,Yes,No
CUST-06114,45,31.77,1379.9,One year,DSL,Bank transfer,0,No,No,No,Yes,Yes,No
CUST-06115,15,81.6,1408.33,One year,Fiber optic,Mailed check,0,Yes,No,No,No,No,No
CUST-06116,11,83.48,883.88,One year,No,Bank transfer,0,Yes,No,Yes,Yes,Yes,No
CUST-06117,61,83.19,5003.62,Two year,Fiber optic,Bank transfer,0,Yes,Yes,No,No,Yes,No
CUST-06118,16,111.07,2003.81,Month-to-month,DSL,Mailed check,1,No,Yes,No,No,No,Yes
CUST-06119,37,120.9,4540.09,Month-to-month,DSL,Bank transfer,0,Yes,Yes,Yes,Yes,No,Yes
CUST-06120,20,64.16,1204.74,Month-to-month,Fiber optic,Electronic check,0,No,No,No,No,No,Yes
CUST-06121,17,86.83,1437.48,Two year,DSL,Mailed check,0,No,No,No,No,No,No
CUST-06122,44,72.11,3250.7,One year,Fiber optic,Mailed check,0,Yes,Yes,Yes,No,Yes,No
CUST-06123,58,54.2,3113.35,Month-to-month,Fiber optic,Credit card,1,No,No,No,No,Yes,Yes
CUST-06124,32,76.77,2447.79,Two year,Fiber optic,Mailed check,0,No,No,No,Yes,No,No
CUST-06125,10,86.79,1036.08,Month-to-month,DSL,Credit card,0,No,No,No,No,No,Yes
CUST-06126,18,75.42,1291.65,Month-to-month,DSL,Credit card,0,Yes,No,No,No,No,Yes
CUST-06127,12,47.97,529.18,One year,No,Credit card,1,No,Yes,No,Yes,No,No
CUST-06128,64,58.41,4018.05,Two year,No,Bank transfer,0,No,Yes,Yes,No,No,No
CUST-06129,24,58.6,1454.31,Month-to-month,Fiber optic,Mailed check,0,Yes,No,No,No,Yes,Yes
CUST-06130,27,48.94,1371.91,Month-to-month,Fiber optic,Electronic check,0,No,Yes,No,Yes,Yes,Yes
CUST-06131,6,77.84,621.45,Two year,Fiber optic,Credit card,0,Yes,No,No,No,No,No
CUST-06132,33,80.45,2712.92,One year,DSL,Bank transfer,1,No,No,Yes,No,No,No
CUST-06133,66,94.49,6368.99,One year,No,Credit card,0,No,No,Yes,No,Yes,No
CUST-06134,30,48.56,1316.57,Month-to-month,DSL,Bank transfer,0,No,No,Yes,No,Yes,Yes
CUST-06135,47,55.56,2661.19,Month-to-month,Fiber optic,Credit card,1,No,Yes,No,No,No,Yes
CUST-06136,14,108.86,1508.22,Month-to-month,DSL,Electronic check,1,No,Yes,No,No,No,Yes
CUST-06137,11,65.89,776.72,Month-to-month,Fiber optic,Electronic check,0,No,Yes,No,No,Yes,Yes
CUST-06138,53,70.75,3530.45,Two year,Fiber optic,Electronic check,0,No,No,Yes,No,Yes,Yes
CUST-06139,5,65.62,185.41,One year,Fiber optic,Mailed check,1,No,Yes,No,No,Yes,Yes
CUST-06140,33,98.33,3240.68,Two year,Fiber optic,Electronic check,0,Yes,No,No,No,Yes,No
CUST-06141,23,99.3,2359.21,Month-to-month,Fiber optic,Electronic check,0,Yes,No,Yes,No,Yes,Yes
CUST-06142,2,97.83,65.69,Month-to-month,Fiber optic,Credit card,0,No,No,Yes,Yes,Yes,Yes
CUST-06143,39,70.66,2701.48,One year,Fiber optic,Electronic check,0,Yes,No,Yes,No,Yes,No
CUST-06144,70,48.19,3409.55,Month-to-month,Fiber optic,Credit card,0,No,No,No,Yes,Yes,No
CUST-06145,5,118.13,581.52,Month-to-month,Fiber optic,Bank transfer,0,No,No,No,Yes,No,Yes
CUST-06146,59,91.41,5497.06,Month-to-month,Fiber optic,Bank transfer,0,Yes,No,No,No,Yes,Yes
CUST-06147,39,58.58,2399.35,Month-to-month,DSL,Electronic check,1,Yes,Yes,No,Yes,Yes,No
CUST-06148,53,105.6,5491.71,Month-to-month,Fiber optic,Electronic check,0,No,Yes,No,Yes,No,No
CUST-06149,7,56.61,388.29,Month-to-month,DSL,Electronic check,0,No,No,No,Yes,Yes,No
CUST-06150,63,105.27,6579.97,Two year,Fiber optic,Mailed check,0,No,No,No,No,Yes,No
CUST-06151,1,106.96,234.19,Month-to-month,Fiber optic,Credit card,0,Yes,Yes,Yes,No,Yes,Yes
CUST-06152,66,46.96,3190.12,One year,Fiber optic,Mailed check,0,Yes,No,No,Yes,No,No
CUST-06153,48,84.54,3965.21,One year,DSL,Electronic check,0,Yes,No,No,No,No,No
CUST-06154,25,89.55,2377.12,Month-to-month,Fiber optic,Mailed check,0,Yes,No,Yes,Yes,No,No
CUST-06155,1,130.0,0.0,Month-to-month,DSL,Mailed check,0,No,No,No,No,No,Yes
CUST-06156,44,51.44,2217.93,Month-to-month,No,Bank transfer,0,No,No,Yes,Yes,No,No
CUST-06157,7,105.81,632.66,Month-to-month,DSL,Credit card,0,Yes,No,No,Yes,Yes,Yes
CUST-06158,44,70.43,3054.47,Month-to-month,Fiber optic,Electronic check,0,Yes,No,No,No,Yes,No
CUST-06159,56,38.97,1958.96,Two year,DSL,Credit card,0,No,No,Yes,No,Yes,No
CUST-06160,20,67.0,1339.84,Month-to-month,Fiber optic,Electronic check,0,Yes,No,No,No,Yes,Yes
CUST-06161,18,70.06,1089.71,Month-to-month,DSL,Mailed check,0,Yes,No,No,No,Yes,No
CUST-06162,16,43.53,648.33,Two year,Fiber optic,Bank transfer,0,No,No,Yes,Yes,Yes,No
CUST-06163,17,77.8,1438.33,One year,DSL,Electronic check,0,Yes,No,Yes,Yes,Yes,No
CUST-06164,9,93.95,861.72,One year,Fiber optic,Mailed check,0,No,Yes,Yes,No,No,No
CUST-06165,18,75.96,1590.51,Month-to-month,DSL,Bank transfer,0,Yes,No,No,No,No,Yes
CUST-06166,48,56.45,2817.88,Two year,Fiber optic,Bank transfer,0,Yes,Yes,No,No,Yes,No
CUST-06167,22,66.29,1563.8,One year,DSL,Electronic check,0,Yes,Yes,No,No,Yes,No
CUST-06168,57,69.89,3928.65,One year,No,Credit card,0,Yes,No,No,No,No,No
CUST-06169,59,75.43,4423.04,One year,Fiber optic,Mailed check,0,Yes,Yes,No,Yes,Yes,No
CUST-06170,55,97.75,5429.08,Month-to-month,Fiber optic,Bank transfer,1,No,No,Yes,Yes,Yes,No
CUST-06171,39,76.8,2945.14,Two year,DSL,Electronic check,0,Yes,Yes,Yes,No,Yes,No
CUST-06172,23,34.93,804.93,Two year,DSL,Credit card,0,No,No,No,No,Yes,No
CUST-06173,67,55.94,3861.31,One year,Fiber optic,Credit card,0,Yes,No,No,Yes,Yes,No
CUST-06174,15,74.15,1126.53,Month-to-month,Fiber optic,Bank transfer,0,Yes,Yes,Yes,No,Yes,Yes
CUST-06175,34,98.1,3190.69,One year,Fiber optic,Electronic check,0,No,No,No,No,Yes,No
CUST-06176,33,102.45,3450.05,Month-to-month,Fiber optic,Credit card,0,No,Yes,No,No,No,No
CUST-06177,54,114.37,6133.65,One year,DSL,Mailed check,0,Yes,No,Yes,No,No,No
CUST-06178,40,73.27,2878.03,Month-to-month,No,Bank transfer,0,Yes,No,No,Yes,No,No
CUST-06179,58,89.08,5409.56,Two year,Fiber optic,Bank transfer,0,No,No,No,No,Yes,No
CUST-06180,67,33.64,2268.83,Two year,No,Credit card,0,Yes,Yes,No,No,Yes,No
CUST-06181,29,80.75,2551.63,Month-to-month,Fiber optic,Credit card,0,No,No,No,No,No,Yes
CUST-06182,63,43.12,2641.76,One year,DSL,Mailed check,0,Yes,No,Yes,Yes,No,No
CUST-06183,13,68.44,822.97,Two year,Fiber optic,Electronic check,0,No,No,No,No,Yes,No
CUST-06184,66,130.0,8532.76,Month-to-month,No,Mailed check,0,No,Yes,Yes,Yes,Yes,No
CUST-06185,13,77.59,998.86,Month-to-month,DSL,Mailed check,0,Yes,Yes,No,No,No,No
CUST-06186,62,48.4,2971.2,Month-to-month,Fiber optic,Mailed check,0,Yes,Yes,Yes,No,No,No
CUST-06187,29,80.19,2226.7,Two year,Fiber optic,Mailed check,0,No,Yes,No,No,Yes,Yes
CUST-06188,70,57.07,4089.48,Month-to-month,DSL,Bank transfer,0,Yes,No,No,No,Yes,No
CUST-06189,10,45.98,469.96,Month-to-month,DSL,Bank transfer,0,Yes,No,Yes,No,Yes,Yes
CUST-06190,34,122.58,4252.31,Month-to-month,Fiber optic,Mailed check,0,Yes,Yes,No,No,Yes,Yes
CUST-06191,65,96.67,6316.08,Month-to-month,No,Bank transfer,0,Yes,Yes,No,No,No,Yes
CUST-06192,4,78.64,570.59,Month-to-month,Fiber optic,Credit card,0,No,Yes,No,No,Yes,Yes
CUST-06193,20,60.2,1219.39,One year,No,Bank transfer,0,Yes,No,Yes,No,Yes,No
CUST-06194,7,62.23,534.16,Month-to-month,DSL,Bank transfer,0,No,Yes,No,No,Yes,No
CUST-06195,24,108.56,2735.65,One year,DSL,Mailed check,0,Yes,Yes,Yes,Yes,No,No
CUST-06196,29,77.66,2136.29,One year,DSL,Mailed check,0,No,No,No,Yes,Yes,No
CUST-06197,45,20.0,795.49,Two year,Fiber optic,Electronic check,1,No,No,No,Yes,No,No
CUST-06198,19,130.0,2371.06,Month-to-month,Fiber optic,Bank transfer,1,Yes,Yes,Yes,No,Yes,Yes
CUST-06199,12,74.58,858.83,One year,DSL,Electronic check,1,No,No,Yes,Yes,Yes,No
CUST-06200,13,78.58,992.0,One year,Fiber optic,Credit card,0,Yes,No,Yes,No,No,Yes
CUST-06201,68,97.17,6631.9,Month-to-month,Fiber optic,Credit card,1,Yes,No,No,Yes,Yes,Yes
CUST-06202,69,81.64,5793.23,Month-to-month,Fiber optic,Credit card,0,Yes,No,Yes,No,Yes,No
CUST-06203,16,88.67,1259.86,Month-to-month,Fiber optic,Electronic check,0,Yes,No,No,Yes,No,Yes
CUST-06204,15,59.41,737.58,One year,Fiber optic,Bank transfer,0,Yes,No,No,No,Yes,Yes
CUST-06205,4,39.26,99.93,Month-to-month,No,Mailed check,0,Yes,No,No,Yes,Yes,Yes
CUST-06206,70,77.01,5293.68,Two year,Fiber optic,Electronic check,0,Yes,Yes,No,Yes,No,No
CUST-06207,51,105.79,5245.35,Two year,No,Bank transfer,0,No,No,No,No,Yes,No
CUST-06208,55,53.8,2926.18,One year,No,Credit card,1,No,No,Yes,No,Yes,Yes
CUST-06209,21,51.8,1111.63,Two year,No,Mailed check,0,No,No,Yes,Yes,No,No
CUST-06210,47,100.53,4717.77,One year,DSL,Credit card,0,Yes,No,No,No,Yes,No
CUST-06211,5,58.57,237.54,Month-to-month,Fiber optic,Electronic check,0,No,No,No,No,No,Yes
CUST-06212,49,59.74,2928.7,Month-to-month,Fiber optic,Credit card,0,No,No,No,No,No,Yes
CUST-06213,42,60.67,2376.07,Two year,DSL,Bank transfer,0,No,No,No,No,No,No
CUST-06214,24,68.38,1711.89,Month-to-month,Fiber optic,Bank transfer,0,No,Yes,Yes,No,Yes,No
CUST-06215,52,30.66,1594.93,Two year,DSL,Bank transfer,0,Yes,No,Yes,Yes,No,No
CUST-06216,47,56.52,2692.94,Month-to-month,Fiber optic,Electronic check,1,No,No,No,No,Yes,Yes
CUST-06217,32,75.76,2432.07,Month-to-month,Fiber optic,Mailed check,0,No,No,Yes,No,No,Yes
CUST-06218,14,75.58,898.21,One year,Fiber optic,Credit card,0,No,No,No,No,Yes,No
CUST-06219,2,98.95,154.56,Two year,No,Mailed check,0,Yes,Yes,No,No,Yes,Yes
CUST-06220,68,115.98,8025.3,Two year,Fiber optic,Electronic check,0,Yes,Yes,No,No,Yes,No
CUST-06221,21,107.81,2324.93,Month-to-month,Fiber optic,Mailed check,1,No,No,No,Yes,No,Yes
CUST-06222,22,92.87,2023.44,Month-to-month,DSL,Electronic check,1,No,No,No,No,Yes,Yes
CUST-06223,50,66.28,3396.97,One year,No,Mailed check,0,No,No,No,No,Yes,No
CUST-06224,19,54.42,1137.14,Two year,DSL,Bank transfer,0,Yes,No,No,No,Yes,Yes
CUST-06225,28,70.45,2112.71,Month-to-month,Fiber optic,Electronic check,1,Yes,No,Yes,No,Yes,No
CUST-06226,52,84.64,4482.15,One year,DSL,Mailed check,0,Yes,No,Yes,No,Yes,No
CUST-06227,43,90.55,4042.76,Month-to-month,DSL,Bank transfer,0,No,No,No,No,Yes,No
CUST-06228,48,85.58,4115.0,One year,DSL,Credit card,1,No,No,Yes,No,Yes,No
CUST-06229,1,66.97,161.72,Month-to-month,Fiber optic,Electronic check,0,Yes,No,Yes,No,No,No
CUST-06230,33,89.67,2859.72,Two year,No,Bank transfer,0,Yes,No,No,No,Yes,No
CUST-06231,35,101.52,3633.64,Month-to-month,Fiber optic,Bank transfer,0,Yes,No,No,Yes,Yes,Yes
CUST-06232,46,92.0,4253.58,One year,Fiber optic,Electronic check,1,Yes,No,No,No,Yes,Yes
CUST-06233,11,69.2,823.41,One year,DSL,Electronic check,1,No,No,No,No,Yes,Yes
CUST-06234,12,49.15,716.5,Month-to-month,No,Bank transfer,1,No,Yes,No,No,Yes,Yes
CUST-06235,55,48.56,2581.43,Month-to-month,Fiber optic,Credit card,0,Yes,No,No,No,No,No
CUST-06236,49,52.97,2741.89,One year,No,Credit card,0,Yes,No,No,No,Yes,No
CUST-06237,59,76.43,4578.26,One year,Fiber optic,Credit card,0,No,No,Yes,No,Yes,No
CUST-06238,20,83.0,1690.5,One year,Fiber optic,Credit card,0,Yes,No,No,Yes,No,No
CUST-06239,72,34.64,2374.99,One year,DSL,Bank transfer,0,No,No,No,No,Yes,No
CUST-06240,20,57.4,1088.86,Month-to-month,Fiber optic,Electronic check,0,Yes,Yes,No,No,Yes,Yes
CUST-06241,47,76.08,3671.09,Two year,No,Bank transfer,0,Yes,No,No,No,Yes,No
CUST-06242,12,47.51,571.49,Month-to-month,Fiber optic,Mailed check,0,Yes,No,No,No,Yes,No
CUST-06243,67,80.85,5535.54,One year,No,Mailed check,1,Yes,No,No,No,No,No
CUST-06244,24,62.31,1579.52,Two year,No,Electronic check,0,Yes,No,No,No,Yes,No
CUST-06245,58,51.91,2937.79,Two year,DSL,Electronic check,0,Yes,No,Yes,No,No,No
CUST-06246,24,71.33,1710.09,Month-to-month,Fiber optic,Credit card,0,Yes,Yes,No,No,Yes,Yes
CUST-06247,57,79.81,4540.28,Month-to-month,Fiber optic,Electronic check,0,No,No,No,No,No,Yes
CUST-06248,33,48.79,1701.11,One year,DSL,Bank transfer,0,Yes,No,No,Yes,Yes,No
CUST-06249,5,63.93,329.2,Month-to-month,Fiber optic,Mailed check,1,Yes,No,No,No,Yes,Yes
CUST-06250,14,81.69,1140.0,One year,DSL,Mailed check,0,Yes,No,No,No,No,No
CUST-06251,50,50.95,2594.19,Month-to-month,Fiber optic,Mailed check,0,Yes,No,No,Yes,Yes,No
CUST-06252,14,28.56,375.53,Month-to-month,Fiber optic,Mailed check,0,Yes,Yes,No,Yes,No,No
CUST-06253,20,31.59,715.24,Month-to-month,Fiber optic,Mailed check,0,Yes,No,Yes,No,Yes,Yes
CUST-06254,40,59.55,2401.42,One year,Fiber optic,Credit card,0,No,Yes,No,No,Yes,Yes
CUST-06255,19,37.04,830.51,One year,Fiber optic,Bank transfer,0,Yes,No,No,Yes,Yes,No
CUST-06256,10,61.31,694.18,Month-to-month,DSL,Credit card,0,Yes,No,Yes,Yes,No,Yes
CUST-06257,45,111.62,5045.8,Month-to-month,Fiber optic,Credit card,0,No,No,Yes,No,Yes,Yes
CUST-06258,50,35.54,1925.98,Month-to-month,Fiber optic,Mailed check,0,Yes,No,No,Yes,Yes,No
CUST-06259,53,62.93,3280.87,One year,Fiber optic,Credit card,0,No,No,No,No,Yes,No
CUST-06260,68,123.31,8404.74,One year,Fiber optic,Electronic check,0,No,No,No,No,Yes,Yes
CUST-06261,9,80.2,738.07,Two year,Fiber optic,Bank transfer,0,Yes,No,Yes,No,Yes,No
CUST-06262,31,60.81,1928.97,Two year,DSL,Mailed check,0,Yes,No,No,Yes,Yes,No
CUST-06263,17,66.08,1071.58,Month-to-month,DSL,Electronic check,0,No,Yes,No,No,Yes,Yes
CUST-06264,65,80.73,5264.17,Two year,Fiber optic,Credit card,0,No,No,Yes,Yes,No,No
CUST-06265,39,112.39,4328.43,Month-to-month,DSL,Bank transfer,0,No,No,No,No,No,No
CUST-06266,8,56.73,315.06,One year,DSL,Bank transfer,0,No,No,No,No,Yes,Yes
CUST-06267,50,51.06,2541.04,Month-to-month,DSL,Bank transfer,0,Yes,No,Yes,No,No,No
CUST-06268,4,35.53,171.85,One year,Fiber optic,Credit card,0,No,No,No,No,No,No
CUST-06269,20,72.58,1351.52,One year,Fiber optic,Credit card,1,Yes,No,No,Yes,No,No
CUST-06270,52,34.86,1779.99,Month-to-month,Fiber optic,Mailed check,0,Yes,No,No,Yes,Yes,No
CUST-06271,37,58.41,2217.48,Two year,Fiber optic,Mailed check,0,No,No,No,Yes,No,No
CUST-06272,55,47.28,2670.05,Two year,Fiber optic,Mailed check,0,No,No,No,No,No,No
CUST-06273,42,96.85,4146.22,Two year,Fiber optic,Credit card,0,Yes,No,No,No,No,No
CUST-06274,61,57.29,3395.83,Month-to-month,No,Electronic check,0,Yes,No,No,Yes,Yes,No
CUST-06275,41,79.92,3504.09,Two year,Fiber optic,Credit card,0,Yes,No,No,No,Yes,No
CUST-06276,5,29.9,0.0,One year,Fiber optic,Mailed check,0,No,No,No,Yes,Yes,Yes
CUST-06277,6,73.29,422.56,One year,Fiber optic,Credit card,0,No,No,No,No,No,No
CUST-06278,56,39.92,2006.16,Month-to-month,Fiber optic,Electronic check,0,No,No,No,Yes,Yes,No
CUST-06279,3,59.36,79.97,Two year,Fiber optic,Credit card,0,No,No,No,No,No,No
CUST-06280,28,125.28,3420.65,One year,DSL,Bank transfer,0,No,No,Yes,No,No,No
CUST-06281,2,93.3,313.77,One year,No,Credit card,0,Yes,Yes,No,No,Yes,No
CUST-06282,22,66.79,1638.8,Two year,Fiber optic,Mailed check,0,Yes,Yes,Yes,Yes,Yes,No
CUST-06283,43,130.0,5613.96,Month-to-month,DSL,Credit card,0,Yes,Yes,No,No,Yes,No
CUST-06284,13,47.12,565.59,One year,Fiber optic,Credit card,0,Yes,Yes,Yes,No,Yes,No
CUST-06285,34,99.13,3113.44,Month-to-month,Fiber optic,Electronic check,0,Yes,Yes,No,No,Yes,Yes
CUST-06286,72,31.68,2201.05,Month-to-month,DSL,Mailed check,0,No,No,Yes,No,Yes,No
CUST-06287,6,63.9,200.96,Month-to-month,DSL,Mailed check,0,Yes,No,No,No,Yes,No
CUST-06288,5,36.31,114.86,Month-to-month,No,Electronic check,0,Yes,No,No,No,No,Yes
CUST-06289,20,76.43,1496.66,Month-to-month,Fiber optic,Credit card,0,No,No,No,No,Yes,Yes
CUST-06290,60,71.4,4305.32,Month-to-month,DSL,Electronic check,0,No,No,Yes,Yes,No,No
CUST-06291,30,62.31,1850.22,Month-to-month,DSL,Mailed check,0,Yes,No,No,Yes,No,No
CUST-06292,47,97.3,4527.48,One year,Fiber optic,Mailed check,0,Yes,Yes,Yes,Yes,Yes,No
CUST-06293,3,55.82,117.35,Month-to-month,Fiber optic,Mailed check,0,No,No,No,No,No,Yes
CUST-06294,53,78.17,4129.11,Month-to-month,Fiber optic,Bank transfer,0,Yes,No,Yes,No,Yes,Yes
CUST-06295,5,90.51,561.64,Month-to-month,No,Electronic check,0,Yes,No,Yes,No,Yes,Yes
CUST-06296,52,32.92,1779.92,Month-to-month,DSL,Bank transfer,1,No,No,No,Yes,Yes,No
CUST-06297,11,51.29,497.78,Month-to-month,DSL,Mailed check,1,Yes,No,Yes,No,Yes,Yes
CUST-06298,62,71.35,4390.29,Two year,DSL,Bank transfer,0,No,No,No,No,No,No
CUST-06299,22,85.75,2082.64,One year,Fiber optic,Electronic check,0,Yes,No,Yes,No,Yes,Yes
CUST-06300,14,105.53,1417.49,Month-to-month,DSL,Credit card,0,No,No,No,No,Yes,Yes
CUST-06301,25,64.6,1680.26,Month-to-month,Fiber optic,Bank transfer,0,No,Yes,Yes,Yes,No,Yes
CUST-06302,1,62.09,160.74,Month-to-month,Fiber optic,Mailed check,0,Yes,Yes,No,No,Yes,Yes
CUST-06303,12,48.19,580.67,One year,DSL,Credit card,0,Yes,No,Yes,Yes,Yes,Yes
CUST-06304,44,78.25,3378.18,Two year,No,Mailed check,0,Yes,No,No,No,Yes,No
CUST-06305,22,62.57,1189.15,Month-to-month,No,Mailed check,0,No,No,Yes,No,Yes,No
CUST-06306,26,63.15,1702.49,Month-to-month,Fiber optic,Electronic check,0,Yes,No,No,Yes,Yes,Yes
CUST-06307,59,67.65,4014.41,One year,No,Mailed check,0,No,No,No,Yes,Yes,No
CUST-06308,9,83.79,681.7,Month-to-month,Fiber optic,Electronic check,1,No,Yes,No,Yes,Yes,Yes
CUST-06309,29,55.91,1675.66,Month-to-month,Fiber optic,Bank transfer,0,Yes,No,Yes,No,Yes,No
CUST-06310,14,50.7,723.79,One year,Fiber optic,Mailed check,0,Yes,No,No,Yes,Yes,No
CUST-06311,35,80.79,2750.58,One year,DSL,Electronic check,0,Yes,Yes,No,No,Yes,No
CUST-06312,24,20.0,337.41,Month-to-month,Fiber optic,Bank transfer,0,Yes,Yes,Yes,No,Yes,No
CUST-06313,4,54.91,176.73,Two year,Fiber optic,Credit card,0,No,Yes,No,No,No,Yes
CUST-06314,6,41.22,390.47,Month-to-month,Fiber optic,Credit card,0,Yes,No,No,No,No,Yes
CUST-06315,62,100.08,6272.79,Month-to-month,Fiber optic,Mailed check,0,No,No,No,Yes,No,No
CUST-06316,5,58.98,333.42,One year,Fiber optic,Mailed check,0,Yes,No,No,Yes,Yes,No
CUST-06317,57,55.98,3233.98,One year,No,Electronic check,0,Yes,No,No,No,Yes,No
CUST-06318,66,68.78,4455.03,One year,DSL,Mailed check,0,Yes,No,No,No,Yes,No
CUST-06319,34,55.12,1825.93,One year,DSL,Electronic check,1,No,No,Yes,No,Yes,No
CUST-06320,23,59.93,1385.05,One year,DSL,Credit card,1,No,No,No,No,No,Yes
CUST-06321,56,72.43,4049.93,Two year,No,Electronic check,0,Yes,No,Yes,No,Yes,No
CUST-06322,71,59.45,4114.95,One year,Fiber optic,Credit card,0,No,Yes,No,Yes,Yes,No
CUST-06323,9,59.27,422.0,Month-to-month,DSL,Mailed check,0,Yes,Yes,No,No,Yes,Yes
CUST-06324,70,44.75,3124.16,One year,Fiber optic,Bank transfer,0,Yes,Yes,Yes,No,Yes,No
CUST-06325,68,41.16,2749.27,Month-to-month,Fiber optic,Credit card,0,Yes,No,No,No,No,Yes
CUST-06326,11,71.52,758.93,One year,DSL,Mailed check,0,Yes,No,Yes,No,Yes,No
CUST-06327,4,77.67,291.1,Month-to-month,No,Credit card,0,No,No,No,No,Yes,Yes
CUST-06328,52,34.3,1923.38,Month-to-month,Fiber optic,Mailed check,0,Yes,No,No,Yes,No,No
CUST-06329,6,89.0,488.62,One year,DSL,Mailed check,0,No,Yes,No,No,Yes,No
CUST-06330,44,89.1,3969.16,One year,No,Bank transfer,0,No,Yes,No,No,Yes,No
CUST-06331,5,94.37,366.04,Month-to-month,DSL,Electronic check,0,Yes,No,No,No,Yes,Yes
CUST-06332,50,77.5,4013.29,Month-to-month,DSL,Electronic check,0,No,No,Yes,No,No,No
CUST-06333,17,85.93,1636.51,Two year,Fiber optic,Mailed check,1,No,Yes,Yes,No,Yes,Yes
CUST-06334,7,124.63,833.27,Two year,DSL,Bank transfer,1,Yes,No,No,Yes,No,No
CUST-06335,5,62.46,187.0,Month-to-month,Fiber optic,Mailed check,0,Yes,Yes,No,No,No,Yes
CUST-06336,14,43.86,441.17,Month-to-month,DSL,Electronic check,0,Yes,Yes,Yes,Yes,Yes,Yes
CUST-06337,39,31.65,1252.66,Month-to-month,DSL,Bank transfer,0,No,Yes,No,Yes,No,Yes
CUST-06338,6,113.89,653.36,Month-to-month,No,Bank transfer,0,No,Yes,No,No,Yes,Yes
CUST-06339,58,114.22,6765.08,Month-to-month,DSL,Mailed check,0,Yes,No,No,No,Yes,No
CUST-06340,44,46.89,2092.52,Two year,Fiber optic,Bank transfer,0,Yes,No,No,No,Yes,No
CUST-06341,22,51.82,1071.96,Month-to-month,DSL,Mailed check,0,No,No,Yes,No,No,No
CUST-06342,72,61.9,4547.97,Month-to-month,Fiber optic,Electronic check,0,Yes,Yes,No,Yes,Yes,No
CUST-06343,48,100.61,4620.11,Month-to-month,DSL,Bank transfer,0,No,No,No,No,Yes,Yes
CUST-06344,49,37.82,1850.36,Month-to-month,DSL,Mailed check,0,No,No,Yes,Yes,No,No
CUST-06345,13,20.83,279.08,Month-to-month,No,Credit card,0,No,Yes,No,No,No,Yes
CUST-06346,52,124.19,6507.34,Month-to-month,DSL,Electronic check,1,Yes,No,No,Yes,No,Yes
CUST-06347,41,77.81,3136.27,Month-to-month,No,Electronic check,0,No,Yes,No,No,Yes,No
CUST-06348,71,81.36,5761.57,One year,Fiber optic,Credit card,0,No,Yes,No,No,Yes,No
CUST-06349,35,64.87,2218.65,Month-to-month,Fiber optic,Credit card,0,No,No,No,Yes,Yes,Yes
CUST-06350,49,81.64,4051.34,One year,DSL,Credit card,0,No,No,No,No,Yes,No
CUST-06351,25,32.14,878.14,Two year,No,Credit card,0,No,No,No,Yes,Yes,No
CUST-06352,3,48.98,62.51,Month-to-month,DSL,Mailed check,1,No,No,No,Yes,Yes,Yes
CUST-06353,10,72.63,798.72,Month-to-month,DSL,Bank transfer,1,Yes,No,No,Yes,Yes,No
CUST-06354,63,20.0,1140.01,Two year,Fiber optic,Electronic check,1,Yes,No,No,No,Yes,No
CUST-06355,54,62.44,3346.51,Month-to-month,DSL,Mailed check,0,No,Yes,No,No,Yes,No
CUST-06356,27,60.9,1733.4,Month-to-month,Fiber optic,Credit card,0,Yes,No,No,Yes,Yes,Yes
CUST-06357,51,62.43,3137.33,Two year,Fiber optic,Bank transfer,1,No,No,Yes,No,Yes,No
CUST-06358,1,56.22,7.84,One year,DSL,Credit card,0,No,No,No,No,No,No
CUST-06359,3,45.1,154.64,Two year,DSL,Credit card,0,No,No,No,Yes,No,No
CUST-06360,37,24.45,599.94,Month-to-month,Fiber optic,Credit card,0,Yes,No,Yes,No,No,Yes
CUST-06361,45,73.62,3242.31,Month-to-month,Fiber optic,Bank transfer,0,No,Yes,No,Yes,Yes,Yes
CUST-06362,68,62.5,4210.76,Month-to-month,Fiber optic,Mailed check,0,Yes,No,No,No,Yes,No
CUST-06363,55,35.62,1936.59,Month-to-month,Fiber optic,Bank transfer,0,No,Yes,No,No,No,No
CUST-06364,19,71.56,1380.72,Month-to-month,Fiber optic,Electronic check,1,Yes,Yes,No,No,Yes,No
CUST-06365,59,62.63,3690.75,Month-to-month,Fiber optic,Bank transfer,0,No,No,No,No,No,No
CUST-06366,36,58.47,2227.19,Month-to-month,DSL,Credit card,1,No,Yes,No,Yes,Yes,Yes
CUST-06367,60,20.0,1374.84,Month-to-month,DSL,Electronic check,0,No,No,No,No,Yes,No
CUST-06368,13,87.07,1121.3,Month-to-month,DSL,Mailed check,0,Yes,No,Yes,No,No,Yes
CUST-06369,2,39.17,12.45,Month-to-month,Fiber optic,Credit card,0,No,No,No,No,No,No
CUST-06370,5,71.58,482.71,One year,DSL,Mailed check,0,Yes,No,Yes,No,No,No
CUST-06371,72,49.79,3559.12,Month-to-month,Fiber optic,Bank transfer,0,Yes,No,No,Yes,Yes,No
CUST-06372,6,60.28,297.91,One year,DSL,Credit card,0,Yes,Yes,No,No,Yes,No
CUST-06373,68,98.81,6799.74,Month-to-month,DSL,Credit card,0,No,Yes,Yes,No,No,Yes
CUST-06374,53,83.29,4416.09,Month-to-month,DSL,Bank transfer,0,No,No,Yes,No,No,No
CUST-06375,11,98.25,1165.68,Two year,Fiber optic,Electronic check,0,No,No,No,No,Yes,No
CUST-06376,63,78.26,4859.45,Two year,Fiber optic,Electronic check,1,Yes,Yes,Yes,No,No,No
CUST-06377,11,79.9,850.74,Month-to-month,Fiber optic,Credit card,0,Yes,No,No,No,Yes,Yes
CUST-06378,11,25.47,364.57,Month-to-month,No,Credit card,0,Yes,No,No,No,Yes,No
CUST-06379,42,62.06,2385.56,Two year,Fiber optic,Mailed check,0,Yes,No,No,No,No,No
CUST-06380,21,64.38,1305.13,Month-to-month,DSL,Bank transfer,0,No,No,No,Yes,No,No
CUST-06381,21,100.59,2213.56,Month-to-month,No,Electronic check,1,Yes,No,Yes,Yes,Yes,Yes
CUST-06382,15,57.34,835.13,Month-to-month,Fiber optic,Electronic check,1,No,Yes,No,Yes,Yes,Yes
CUST-06383,44,76.62,3478.55,Month-to-month,DSL,Mailed check,0,Yes,No,No,No,Yes,No
CUST-06384,2,75.64,77.37,One year,DSL,Electronic check,0,Yes,No,Yes,No,No,No
CUST-06385,18,98.94,1805.51,One year,Fiber optic,Bank transfer,1,Yes,Yes,No,No,Yes,No
CUST-06386,40,66.66,2636.75,Month-to-month,DSL,Bank transfer,0,Yes,No,Yes,No,No,No
CUST-06387,36,90.69,3101.39,Month-to-month,Fiber optic,Electronic check,0,No,No,No,Yes,No,No
CUST-06388,51,27.38,1363.04,Month-to-month,DSL,Bank transfer,0,No,No,No,Yes,Yes,No
CUST-06389,16,29.65,428.09,One year,No,Mailed check,0,No,Yes,No,Yes,Yes,Yes
CUST-06390,47,20.0,875.67,Two year,Fiber optic,Electronic check,0,Yes,No,Yes,No,Yes,No
CUST-06391,55,89.65,4842.76,Month-to-month,Fiber optic,Electronic check,0,Yes,No,Yes,No,No,Yes
CUST-06392,28,86.84,2571.78,One year,DSL,Bank transfer,0,Yes,Yes,Yes,No,Yes,No
CUST-06393,19,92.42,1687.91,Month-to-month,Fiber optic,Credit card,0,No,No,No,Yes,No,Yes
CUST-06394,40,53.07,2155.38,One year,No,Mailed check,0,No,Yes,No,Yes,Yes,No
CUST-06395,42,55.91,2335.7,Month-to-month,DSL,Bank transfer,0,No,No,No,Yes,No,Yes
CUST-06396,7,66.97,551.95,Month-to-month,Fiber optic,Mailed check,1,Yes,No,Yes,No,No,Yes
CUST-06397,41,106.09,4523.16,Month-to-month,DSL,Credit card,0,No,Yes,No,Yes,No,Yes
CUST-06398,12,112.35,1502.77,Two year,Fiber optic,Credit card,0,No,No,No,No,No,Yes
CUST-06399,41,89.85,3630.64,Month-to-month,Fiber optic,Mailed check,0,Yes,Yes,No,No,Yes,Yes
CUST-06400,68,78.28,5378.83,Month-to-month,Fiber optic,Mailed check,0,Yes,No,No,No,Yes,No
CUST-06401,39,103.38,4150.13,Two year,Fiber optic,Bank transfer,0,Yes,No,Yes,No,Yes,No
CUST-06402,55,63.6,3469.23,One year,DSL,Credit card,0,Yes,No,No,No,No,No
CUST-06403,23,60.23,1486.37,Month-to-month,Fiber optic,Bank transfer,0,Yes,No,No,No,Yes,No
CUST-06404,67,66.77,4477.01,Month-to-month,Fiber optic,Mailed check,0,No,No,No,No,No,No
CUST-06405,59,45.53,2558.23,Two year,DSL,Credit card,0,Yes,No,No,Yes,No,No
CUST-06406,67,65.62,4595.55,Month-to-month,No,Electronic check,1,No,Yes,No,Yes,Yes,No
CUST-06407,54,42.06,2098.72,Month-to-month,DSL,Mailed check,0,No,Yes,No,No,No,No
CUST-06408,47,95.63,4356.88,Month-to-month,DSL,Electronic check,0,Yes,Yes,Yes,No,Yes,Yes
CUST-06409,38,83.59,3129.44,Month-to-month,Fiber optic,Credit card,0,No,Yes,No,No,No,No
CUST-06410,67,105.74,7176.32,One year,DSL,Credit card,0,Yes,No,No,Yes,Yes,No
CUST-06411,62,29.27,1873.29,Two year,DSL,Credit card,0,Yes,Yes,Yes,Yes,Yes,No
CUST-06412,31,117.54,3833.24,Month-to-month,DSL,Electronic check,0,No,Yes,No,No,Yes,Yes
CUST-06413,7,30.69,315.69,Two year,No,Credit card,1,Yes,Yes,No,No,No,No
CUST-06414,1,40.04,57.15,One year,DSL,Electronic check,0,Yes,No,No,No,No,Yes
CUST-06415,17,54.48,1047.48,One year,Fiber optic,Credit card,0,Yes,Yes,No,Yes,Yes,No
CUST-06416,5,102.69,485.4,Month-to-month,DSL,Mailed check,0,No,Yes,No,No,Yes,Yes
CUST-06417,16,75.64,1222.25,Month-to-month,DSL,Mailed check,0,No,No,Yes,No,No,Yes
CUST-06418,8,63.9,462.35,One year,DSL,Bank transfer,0,No,Yes,No,No,Yes,No
CUST-06419,71,50.18,3670.42,One year,No,Credit card,1,No,No,Yes,Yes,No,No
CUST-06420,7,35.6,213.43,Month-to-month,Fiber optic,Mailed check,0,No,No,No,No,No,Yes
CUST-06421,46,98.32,4389.99,Month-to-month,No,Credit card,0,No,No,No,Yes,Yes,Yes
CUST-06422,26,89.97,2205.75,Month-to-month,Fiber optic,Electronic check,0,Yes,No,Yes,No,No,Yes
CUST-06423,13,103.81,1237.69,Month-to-month,DSL,Credit card,0,No,No,No,No,No,Yes
CUST-06424,51,79.92,4123.59,Month-to-month,DSL,Bank transfer,0,Yes,No,No,Yes,Yes,No
CUST-06425,70,20.0,1383.2,Month-to-month,Fiber optic,Bank transfer,1,Yes,No,No,No,No,No
CUST-06426,57,38.89,2218.41,Month-to-month,Fiber optic,Credit card,0,No,No,Yes,No,Yes,No
CUST-06427,71,81.62,5833.78,Two year,Fiber optic,Electronic check,0,Yes,No,No,No,No,No
CUST-06428,43,60.76,2662.99,Two year,DSL,Credit card,0,Yes,No,No,Yes,No,No
CUST-06429,49,56.03,2712.34,Month-to-month,Fiber optic,Electronic check,0,No,No,No,No,Yes,Yes
CUST-06430,11,42.42,455.93,Month-to-month,DSL,Credit card,0,Yes,Yes,No,Yes,Yes,Yes
CUST-06431,62,93.69,5762.19,Month-to-month,Fiber optic,Bank transfer,0,No,No,Yes,Yes,No,No
CUST-06432,54,81.4,4431.5,Month-to-month,No,Mailed check,0,No,No,No,Yes,Yes,Yes
CUST-06433,19,82.53,1556.92,Two year,DSL,Electronic check,0,Yes,No,No,Yes,No,Yes
CUST-06434,26,54.16,1319.17,Month-to-month,DSL,Electronic check,0,No,No,Yes,No,Yes,No
CUST-06435,44,74.41,3282.28,Two year,DSL,Electronic check,0,No,Yes,No,Yes,No,No
CUST-06436,1,36.56,103.17,Month-to-month,Fiber optic,Electronic check,0,No,Yes,No,No,No,Yes
CUST-06437,59,66.75,4114.1,Two year,Fiber optic,Bank transfer,0,Yes,No,No,No,Yes,No
CUST-06438,21,20.0,301.66,One year,No,Credit card,0,No,No,No,No,Yes,No
CUST-06439,6,30.8,55.23,One year,No,Credit card,0,No,No,Yes,Yes,Yes,No
CUST-06440,24,61.94,1342.74,Two year,Fiber optic,Bank transfer,0,No,No,No,No,Yes,No
CUST-06441,61,129.38,7827.92,Month-to-month,Fiber optic,Credit card,0,No,No,Yes,Yes,Yes,No
CUST-06442,20,24.98,479.93,Month-to-month,DSL,Bank transfer,0,Yes,Yes,No,No,Yes,Yes
CUST-06443,39,38.91,1471.64,Month-to-month,No,Electronic check,0,No,No,No,Yes,Yes,Yes
CUST-06444,59,75.42,4305.06,Two year,Fiber optic,Mailed check,0,Yes,Yes,No,No,Yes,No
CUST-06445,3,114.24,485.57,Two year,DSL,Credit card,0,No,No,No,No,No,No
CUST-06446,55,75.05,3941.06,Month-to-month,No,Mailed check,0,Yes,No,No,No,Yes,Yes
CUST-06447,21,87.55,2015.43,One year,Fiber optic,Mailed check,0,Yes,No,Yes,Yes,No,No
CUST-06448,51,61.56,3195.79,Month-to-month,DSL,Mailed check,0,No,No,Yes,Yes,Yes,No
CUST-06449,14,57.23,943.9,Month-to-month,Fiber optic,Credit card,0,Yes,No,No,No,Yes,No
CUST-06450,11,72.05,693.16,One year,DSL,Mailed check,0,No,No,No,No,Yes,No
CUST-06451,57,53.54,3015.95,Month-to-month,DSL,Mailed check,0,Yes,No,Yes,Yes,No,No
CUST-06452,59,88.11,5177.33,Month-to-month,DSL,Mailed check,0,No,No,No,No,No,No
CUST-06453,71,29.84,2073.57,One year,Fiber optic,Mailed check,0,No,No,No,Yes,No,No
CUST-06454,49,92.25,4544.29,Month-to-month,DSL,Electronic check,1,Yes,Yes,No,Yes,No,No
CUST-06455,34,70.98,2438.72,Month-to-month,DSL,Mailed check,0,No,No,No,Yes,Yes,No
CUST-06456,15,64.63,880.41,Month-to-month,Fiber optic,Electronic check,0,Yes,Yes,No,No,No,Yes
CUST-06457,22,28.93,825.74,Month-to-month,DSL,Credit card,0,No,Yes,No,No,Yes,Yes
CUST-06458,47,45.51,2027.29,One year,Fiber optic,Electronic check,0,No,No,No,No,Yes,Yes
CUST-06459,25,99.97,2548.29,Two year,Fiber optic,Credit card,0,No,No,No,No,Yes,No
CUST-06460,35,64.79,2292.47,Month-to-month,DSL,Credit card,0,No,Yes,Yes,Yes,No,No
CUST-06461,13,76.96,1028.19,Two year,DSL,Bank transfer,0,No,No,No,No,No,No
CUST-06462,32,48.01,1287.9,One year,DSL,Credit card,1,No,Yes,Yes,No,Yes,No
CUST-06463,18,69.27,1228.27,Two year,Fiber optic,Credit card,0,No,Yes,No,No,Yes,No
CUST-06464,9,35.7,303.35,One year,Fiber optic,Credit card,0,No,No,No,No,No,Yes
CUST-06465,10,72.5,762.67,Month-to-month,DSL,Mailed check,0,No,No,No,No,No,No
CUST-06466,38,79.27,2879.01,One year,DSL,Credit card,0,No,No,Yes,Yes,Yes,No
CUST-06467,27,78.02,2138.71,Month-to-month,DSL,Mailed check,0,No,No,No,No,Yes,Yes
CUST-06468,8,47.41,461.32,Month-to-month,Fiber optic,Electronic check,0,No,No,No,Yes,Yes,Yes
CUST-06469,38,61.45,2401.8,Month-to-month,DSL,Bank transfer,0,No,No,No,No,Yes,No
CUST-06470,12,83.43,1005.34,Month-to-month,Fiber optic,Electronic check,1,Yes,No,Yes,Yes,Yes,Yes
CUST-06471,2,64.71,248.64,Month-to-month,Fiber optic,Electronic check,0,Yes,No,No,No,Yes,Yes
CUST-06472,10,62.82,717.97,Two year,DSL,Electronic check,0,No,No,No,Yes,No,No
CUST-06473,33,117.59,3810.85,Month-to-month,Fiber optic,Credit card,0,Yes,No,Yes,No,No,Yes
CUST-06474,69,46.23,3209.62,Month-to-month,No,Electronic check,0,No,No,No,Yes,No,No
CUST-06475,18,97.01,1845.8,Two year,DSL,Mailed check,1,Yes,No,Yes,No,Yes,No
CUST-06476,21,41.13,1027.95,Month-to-month,Fiber optic,Bank transfer,0,Yes,No,No,No,Yes,No
CUST-06477,18,86.37,1493.38,Month-to-month,Fiber optic,Credit card,0,No,No,No,Yes,No,Yes
CUST-06478,26,87.7,2194.51,Two year,DSL,Electronic check,0,Yes,No,Yes,No,No,Yes
CUST-06479,52,57.24,2874.13,Two year,Fiber optic,Credit card,0,No,Yes,No,Yes,No,No
CUST-06480,24,39.56,821.6,One year,DSL,Credit card,0,No,No,No,Yes,Yes,No
CUST-06481,48,20.74,998.1,Month-to-month,DSL,Credit card,1,No,No,No,No,No,No
CUST-06482,65,54.62,3486.2,Month-to-month,Fiber optic,Bank transfer,0,No,No,Yes,No,No,No
CUST-06483,69,83.16,5797.02,Two year,No,Bank transfer,0,Yes,Yes,Yes,No,No,No
CUST-06484,41,43.06,1706.73,Two year,DSL,Electronic check,0,Yes,No,Yes,No,No,No
CUST-06485,52,72.42,3654.7,Month-to-month,Fiber optic,Electronic check,1,No,Yes,No,No,Yes,No
CUST-06486,67,33.09,2314.05,Two year,DSL,Credit card,1,No,No,Yes,No,Yes,No
CUST-06487,57,64.15,3653.19,One year,Fiber optic,Credit card,1,Yes,No,No,Yes,Yes,No
CUST-06488,22,41.32,994.81,Month-to-month,Fiber optic,Credit card,0,No,No,No,Yes,Yes,No
CUST-06489,10,68.05,631.16,Month-to-month,Fiber optic,Bank transfer,0,No,No,Yes,No,Yes,Yes
CUST-06490,9,57.47,691.88,Month-to-month,No,Bank transfer,0,Yes,No,No,No,Yes,Yes
CUST-06491,64,40.24,2612.49,Two year,Fiber optic,Electronic check,0,Yes,No,No,Yes,Yes,No
CUST-06492,41,53.53,2084.81,Month-to-month,DSL,Electronic check,0,No,Yes,No,No,No,No
CUST-06493,22,46.65,863.23,One year,No,Electronic check,0,Yes,Yes,No,No,Yes,No
CUST-06494,25,37.15,959.93,Month-to-month,DSL,Mailed check,0,No,Yes,No,Yes,Yes,Yes
CUST-06495,21,97.07,2082.5,One year,Fiber optic,Mailed check,0,Yes,No,Yes,No,No,No
CUST-06496,58,61.0,3609.76,Month-to-month,Fiber optic,Bank transfer,0,Yes,Yes,No,No,Yes,Yes
CUST-06497,45,20.0,722.01,Two year,Fiber optic,Credit card,0,Yes,No,Yes,Yes,Yes,No
CUST-06498,64,54.42,3307.6,Month-to-month,Fiber optic,Bank transfer,0,No,No,No,Yes,No,No
CUST-06499,22,92.87,1863.09,One year,Fiber optic,Credit card,0,Yes,Yes,No,No,No,No
CUST-06500,35,50.97,1691.51,One year,Fiber optic,Mailed check,0,No,No,No,No,Yes,Yes
CUST-06501,9,107.44,1028.37,Month-to-month,Fiber optic,Credit card,0,Yes,No,No,No,Yes,Yes
CUST-06502,70,48.58,3403.07,Two year,No,Credit card,0,No,No,Yes,No,Yes,No
CUST-06503,37,82.59,2886.02,Month-to-month,DSL,Mailed check,0,Yes,No,No,Yes,Yes,No
CUST-06504,40,95.92,3685.27,Two year,DSL,Mailed check,0,No,Yes,No,No,Yes,No
CUST-06505,30,81.25,2471.86,Month-to-month,Fiber optic,Credit card,0,Yes,Yes,No,Yes,Yes,Yes
CUST-06506,20,35.64,827.82,One year,DSL,Credit card,0,Yes,No,No,Yes,No,No
CUST-06507,69,46.44,3256.0,Two year,Fiber optic,Mailed check,0,No,No,No,Yes,Yes,No
CUST-06508,36,99.25,3729.13,Two year,DSL,Electronic check,0,Yes,No,No,Yes,Yes,No
CUST-06509,49,49.88,2484.93,Month-to-month,Fiber optic,Bank transfer,0,No,No,Yes,No,Yes,Yes
CUST-06510,3,94.39,437.26,Month-to-month,Fiber optic,Credit card,0,No,Yes,Yes,No,Yes,Yes
CUST-06511,20,59.24,1427.76,Two year,No,Mailed check,0,No,No,No,Yes,Yes,No
CUST-06512,58,73.54,4245.41,Month-to-month,Fiber optic,Electronic check,0,Yes,No,No,No,Yes,No
CUST-06513,7,35.35,319.46,Two year,DSL,Bank transfer,1,No,No,Yes,No,No,No
CUST-06514,8,54.79,223.22,Month-to-month,DSL,Credit card,0,No,No,No,Yes,Yes,Yes
CUST-06515,59,48.12,2912.41,Month-to-month,Fiber optic,Credit card,0,No,No,Yes,No,No,No
CUST-06516,23,75.64,1633.72,One year,No,Credit card,0,Yes,No,No,Yes,No,Yes
CUST-06517,20,72.33,1508.7,Month-to-month,Fiber optic,Mailed check,0,Yes,No,Yes,No,Yes,No
CUST-06518,41,81.57,3300.0,Month-to-month,Fiber optic,Mailed check,0,No,No,Yes,No,No,Yes
CUST-06519,15,57.74,911.78,Month-to-month,Fiber optic,Electronic check,0,No,No,Yes,No,Yes,Yes
CUST-06520,4,46.74,69.13,Two year,Fiber optic,Electronic check,0,Yes,No,No,No,Yes,No
CUST-06521,1,74.57,39.54,One year,Fiber optic,Credit card,0,Yes,No,Yes,No,Yes,No
CUST-06522,6,44.26,341.6,Two year,DSL,Credit card,1,Yes,Yes,No,No,Yes,No
CUST-06523,12,96.96,1199.84,Month-to-month,DSL,Bank transfer,0,No,No,Yes,Yes,Yes,No
CUST-06524,51,67.14,3230.72,Month-to-month,Fiber optic,Credit card,1,No,No,Yes,No,No,Yes
CUST-06525,22,61.85,1346.63,Month-to-month,Fiber optic,Mailed check,0,Yes,No,Yes,No,No,Yes
CUST-06526,6,81.55,426.62,Month-to-month,DSL,Credit card,0,Yes,No,Yes,No,Yes,Yes
CUST-06527,2,68.09,36.92,Month-to-month,No,Mailed check,0,Yes,No,No,Yes,Yes,Yes
CUST-06528,35,28.55,928.24,Month-to-month,DSL,Mailed check,1,Yes,No,No,Yes,No,Yes
CUST-06529,61,43.46,2728.72,Month-to-month,Fiber optic,Bank transfer,0,Yes,No,Yes,Yes,No,No
CUST-06530,25,96.44,2567.68,One year,Fiber optic,Electronic check,0,No,No,No,Yes,No,No
CUST-06531,5,72.1,422.24,Month-to-month,Fiber optic,Mailed check,0,No,No,No,No,Yes,Yes
CUST-06532,17,27.96,412.11,Month-to-month,Fiber optic,Mailed check,0,Yes,Yes,No,No,No,Yes
CUST-06533,36,78.8,2841.88,Month-to-month,Fiber optic,Mailed check,0,No,No,No,No,Yes,Yes
CUST-06534,14,56.02,788.77,Month-to-month,Fiber optic,Bank transfer,0,No,No,Yes,No,Yes,Yes
CUST-06535,71,48.14,3509.45,One year,Fiber optic,Mailed check,0,No,Yes,Yes,No,Yes,No
CUST-06536,55,41.38,2278.48,Two year,No,Electronic check,0,Yes,No,Yes,Yes,Yes,No
CUST-06537,25,95.0,2436.53,Two year,Fiber optic,Bank transfer,0,No,Yes,No,No,No,No
CUST-06538,69,20.86,1446.11,Month-to-month,Fiber optic,Electronic check,0,No,No,No,No,No,No
CUST-06539,24,49.06,1231.08,Month-to-month,DSL,Credit card,0,No,No,Yes,Yes,Yes,No
CUST-06540,11,73.0,893.05,Two year,Fiber optic,Credit card,0,Yes,No,No,No,No,No
CUST-06541,68,109.46,7334.83,Two year,DSL,Mailed check,0,Yes,Yes,No,No,No,No
CUST-06542,70,83.85,5853.45,Month-to-month,Fiber optic,Bank transfer,1,No,No,Yes,No,Yes,Yes
CUST-06543,23,48.85,1098.69,Month-to-month,Fiber optic,Bank transfer,0,Yes,No,No,No,No,Yes
CUST-06544,43,108.23,4731.18,One year,DSL,Bank transfer,0,No,No,No,No,Yes,Yes
CUST-06545,13,36.12,467.76,Two year,Fiber optic,Electronic check,0,Yes,No,No,Yes,Yes,No
CUST-06546,47,76.63,3527.82,Month-to-month,Fiber optic,Credit card,0,Yes,No,No,Yes,Yes,No
CUST-06547,50,82.19,4066.93,Month-to-month,No,Credit card,0,Yes,No,No,Yes,Yes,Yes
CUST-06548,52,47.97,2508.84,Two year,DSL,Bank transfer,1,No,Yes,No,No,No,No
CUST-06549,41,87.44,3645.26,One year,DSL,Credit card,0,No,No,No,No,No,No
CUST-06550,51,57.15,2844.96,Month-to-month,Fiber optic,Mailed check,1,No,No,No,No,No,Yes
CUST-06551,40,87.38,3439.14,Month-to-month,Fiber optic,Credit card,1,No,No,No,No,Yes,Yes
CUST-06552,60,24.01,1380.67,One year,DSL,Credit card,1,No,No,No,No,Yes,No
CUST-06553,13,78.37,963.1,One year,Fiber optic,Bank transfer,0,No,No,No,No,Yes,No
CUST-06554,35,59.7,2047.33,One year,No,Credit card,0,Yes,Yes,Yes,Yes,Yes,No
CUST-06555,30,98.74,3000.65,Month-to-month,DSL,Electronic check,0,No,No,No,Yes,No,No
CUST-06556,39,68.9,2780.32,Month-to-month,Fiber optic,Electronic check,1,No,Yes,No,No,Yes,Yes
CUST-06557,11,101.23,1055.47,One year,DSL,Bank transfer,1,No,No,No,No,Yes,Yes
CUST-06558,24,82.69,1811.6,Month-to-month,No,Mailed check,1,Yes,No,No,No,No,No
CUST-06559,69,66.81,4638.78,Month-to-month,Fiber optic,Bank transfer,0,Yes,Yes,No,Yes,No,Yes
CUST-06560,8,89.69,559.09,Month-to-month,Fiber optic,Mailed check,0,No,Yes,No,No,Yes,Yes
CUST-06561,46,89.85,4266.4,Month-to-month,No,Credit card,0,No,No,No,Yes,No,Yes
CUST-06562,48,81.8,3917.54,One year,DSL,Electronic check,0,Yes,No,No,Yes,Yes,No
CUST-06563,35,20.0,719.53,Month-to-month,Fiber optic,Credit card,0,No,Yes,Yes,No,No,Yes
CUST-06564,3,45.44,238.91,One year,Fiber optic,Electronic check,0,Yes,No,No,No,No,No
CUST-06565,3,104.6,286.87,One year,Fiber optic,Mailed check,0,Yes,No,No,No,Yes,No
CUST-06566,20,38.6,809.59,Month-to-month,Fiber optic,Electronic check,0,No,No,No,No,Yes,Yes
CUST-06567,8,92.06,775.02,Two year,DSL,Bank transfer,0,No,No,No,No,Yes,No
CUST-06568,7,87.66,782.74,Month-to-month,DSL,Bank transfer,0,No,No,No,No,Yes,Yes
CUST-06569,12,51.86,827.09,Two year,DSL,Credit card,0,Yes,No,Yes,Yes,Yes,No
CUST-06570,14,20.12,276.02,Month-to-month,No,Electronic check,0,Yes,No,No,No,Yes,Yes
CUST-06571,61,55.78,3551.8,Two year,Fiber optic,Mailed check,0,No,No,No,No,Yes,Yes
CUST-06572,46,121.95,5399.51,Month-to-month,Fiber optic,Credit card,0,Yes,No,No,No,No,No
CUST-06573,3,48.42,119.39,One year,DSL,Electronic check,0,Yes,No,Yes,Yes,Yes,No
CUST-06574,46,50.14,2369.81,Month-to-month,Fiber optic,Bank transfer,0,No,No,No,No,Yes,Yes
CUST-06575,10,45.06,308.54,Month-to-month,Fiber optic,Electronic check,0,No,Yes,No,No,Yes,Yes
CUST-06576,31,100.37,3326.52,Month-to-month,Fiber optic,Mailed check,0,No,Yes,No,No,Yes,Yes
CUST-06577,3,63.93,339.56,Month-to-month,Fiber optic,Credit card,0,No,No,No,No,Yes,Yes
CUST-06578,7,54.35,344.02,Month-to-month,DSL,Credit card,0,Yes,No,No,Yes,Yes,No
CUST-06579,10,105.34,1268.53,Month-to-month,DSL,Electronic check,0,No,No,No,Yes,No,Yes
CUST-06580,32,84.49,2782.28,One year,No,Bank transfer,0,Yes,No,No,No,No,No
CUST-06581,34,47.02,1622.52,Month-to-month,Fiber optic,Mailed check,0,Yes,No,No,No,No,No
CUST-06582,26,39.41,1069.2,Month-to-month,Fiber optic,Credit card,0,Yes,Yes,No,No,Yes,Yes
CUST-06583,45,98.95,4376.78,Two year,No,Credit card,1,Yes,No,No,Yes,No,No
CUST-06584,52,70.42,3678.49,One year,Fiber optic,Credit card,0,Yes,No,No,Yes,No,No
CUST-06585,53,31.27,1576.15,Month-to-month,Fiber optic,Electronic check,1,No,Yes,Yes,Yes,No,No
CUST-06586,42,25.42,1067.87,Month-to-month,Fiber optic,Credit card,1,No,No,No,No,No,No
CUST-06587,40,42.1,1694.43,Month-to-month,DSL,Credit card,0,Yes,No,No,Yes,No,Yes
CUST-06588,36,39.01,1426.07,One year,DSL,Credit card,1,Yes,No,Yes,Yes,Yes,No
CUST-06589,18,20.0,358.72,Two year,No,Mailed check,0,Yes,No,Yes,No,Yes,Yes
CUST-06590,36,42.51,1765.67,One year,Fiber optic,Bank transfer,0,No,No,No,No,Yes,No
CUST-06591,1,47.02,0.0,Two year,DSL,Electronic check,0,No,No,No,No,Yes,Yes
CUST-06592,70,58.43,3910.05,One year,Fiber optic,Mailed check,1,No,No,Yes,No,No,No
CUST-06593,27,112.32,2945.01,Two year,DSL,Credit card,0,Yes,No,No,Yes,No,Yes
CUST-06594,55,63.33,3481.33,One year,Fiber optic,Bank transfer,0,No,No,Yes,No,Yes,No
CUST-06595,69,65.81,4501.22,One year,Fiber optic,Mailed check,0,No,No,No,Yes,No,No
CUST-06596,36,82.73,2836.88,One year,DSL,Bank transfer,0,No,Yes,No,Yes,Yes,No
CUST-06597,63,64.07,4227.03,One year,DSL,Electronic check,0,No,No,No,Yes,No,No
CUST-06598,35,80.0,2854.07,Month-to-month,Fiber optic,Credit card,0,No,No,Yes,Yes,No,No
CUST-06599,10,77.02,736.89,Month-to-month,Fiber optic,Bank transfer,0,Yes,Yes,Yes,No,Yes,Yes
CUST-06600,2,73.06,53.82,Month-to-month,No,Bank transfer,0,Yes,No,No,Yes,Yes,No
CUST-06601,10,130.0,1273.05,Month-to-month,Fiber optic,Mailed check,0,No,No,Yes,No,Yes,No
CUST-06602,68,92.78,6258.11,Two year,DSL,Electronic check,0,Yes,Yes,No,No,Yes,No
CUST-06603,35,42.96,1541.91,One year,DSL,Mailed check,1,No,No,Yes,Yes,No,No
CUST-06604,23,79.26,1692.85,Month-to-month,Fiber optic,Mailed check,0,No,Yes,Yes,No,No,No
CUST-06605,33,50.21,1578.45,Month-to-month,Fiber optic,Mailed check,0,Yes,Yes,No,No,No,No
CUST-06606,19,81.16,1627.23,Month-to-month,DSL,Mailed check,0,Yes,Yes,No,No,Yes,Yes
CUST-06607,63,35.62,2183.55,Two year,DSL,Bank transfer,0,No,No,Yes,No,Yes,No
CUST-06608,72,42.31,3109.06,Two year,DSL,Mailed check,0,Yes,No,No,Yes,Yes,No
CUST-06609,7,78.6,543.0,Month-to-month,DSL,Mailed check,0,Yes,No,No,Yes,Yes,Yes
CUST-06610,52,94.94,4910.34,Month-to-month,Fiber optic,Bank transfer,0,Yes,Yes,No,No,No,No
CUST-06611,25,82.57,1993.46,Two year,No,Electronic check,0,Yes,Yes,No,No,Yes,No
CUST-06612,4,91.35,372.21,One year,DSL,Credit card,0,Yes,Yes,No,No,No,Yes
CUST-06613,67,79.35,5295.36,Two year,Fiber optic,Bank transfer,1,No,Yes,No,No,Yes,No
CUST-06614,5,74.31,130.94,Month-to-month,Fiber optic,Mailed check,0,No,No,No,No,Yes,Yes
CUST-06615,15,57.41,972.8,Month-to-month,Fiber optic,Bank transfer,0,Yes,No,Yes,Yes,Yes,Yes
CUST-06616,2,90.33,213.21,One year,DSL,Credit card,1,Yes,No,Yes,No,No,No
CUST-06617,34,95.62,3107.73,Month-to-month,DSL,Credit card,1,No,Yes,No,Yes,Yes,Yes
CUST-06618,44,68.42,2991.8,Two year,DSL,Credit card,0,No,Yes,No,No,No,No
CUST-06619,24,67.08,1575.49,One year,Fiber optic,Electronic check,0,Yes,No,No,No,Yes,No
CUST-06620,6,109.79,562.98,Month-to-month,Fiber optic,Electronic check,0,No,No,No,No,Yes,Yes
CUST-06621,9,69.49,690.01,Month-to-month,Fiber optic,Bank transfer,1,No,Yes,Yes,Yes,Yes,Yes
CUST-06622,68,71.89,5029.72,One year,Fiber optic,Mailed check,0,No,No,No,No,Yes,No
CUST-06623,59,82.11,4798.69,Two year,DSL,Electronic check,1,Yes,No,No,Yes,Yes,No
CUST-06624,68,67.55,4551.41,Month-to-month,DSL,Credit card,0,No,No,Yes,No,Yes,No
CUST-06625,39,49.49,1835.59,One year,DSL,Mailed check,0,No,No,No,No,Yes,No
CUST-06626,40,79.45,2955.37,Month-to-month,DSL,Credit card,0,No,No,No,Yes,Yes,Yes
CUST-06627,57,69.03,3976.89,Two year,DSL,Bank transfer,1,No,No,No,Yes,Yes,No
CUST-06628,45,116.06,5412.55,One year,No,Electronic check,0,Yes,No,No,No,No,Yes
CUST-06629,32,89.71,2854.98,Month-to-month,No,Electronic check,0,Yes,No,No,No,Yes,Yes
CUST-06630,22,55.11,1194.36,One year,Fiber optic,Bank transfer,0,No,Yes,Yes,No,Yes,No
CUST-06631,35,88.23,3081.11,One year,Fiber optic,Bank transfer,0,No,Yes,No,No,No,Yes
CUST-06632,5,77.7,337.44,One year,Fiber optic,Mailed check,0,No,No,No,No,No,No
CUST-06633,14,102.74,1323.63,Month-to-month,Fiber optic,Electronic check,0,Yes,Yes,Yes,No,No,Yes
CUST-06634,54,56.89,3327.84,One year,Fiber optic,Bank transfer,1,No,No,No,No,No,No
CUST-06635,63,74.72,4753.76,Two year,DSL,Electronic check,0,Yes,No,Yes,Yes,Yes,No
CUST-06636,8,67.52,599.25,Month-to-month,No,Electronic check,0,No,Yes,No,No,Yes,No
CUST-06637,7,71.46,726.05,Month-to-month,Fiber optic,Mailed check,0,No,Yes,No,No,Yes,Yes
CUST-06638,7,47.87,355.18,Two year,DSL,Mailed check,0,Yes,No,Yes,No,Yes,No
CUST-06639,57,84.4,4726.01,One year,Fiber optic,Mailed check,0,Yes,No,No,No,No,No
CUST-06640,23,80.45,1741.46,Month-to-month,Fiber optic,Mailed check,0,Yes,No,Yes,No,No,Yes
CUST-06641,24,102.13,2643.18,Two year,No,Bank transfer,0,Yes,No,No,No,Yes,Yes
CUST-06642,1,69.75,149.44,Month-to-month,Fiber optic,Bank transfer,0,Yes,No,Yes,No,Yes,Yes
CUST-06643,71,59.7,4228.96,Two year,Fiber optic,Electronic check,0,No,No,No,No,No,No
CUST-06644,32,89.73,2816.65,Month-to-month,DSL,Electronic check,1,Yes,Yes,No,No,Yes,Yes
CUST-06645,58,50.14,2879.63,Month-to-month,Fiber optic,Bank transfer,0,No,No,Yes,No,Yes,Yes
CUST-06646,51,97.12,4992.89,Two year,DSL,Bank transfer,1,Yes,No,No,Yes,Yes,No
CUST-06647,11,97.07,1250.9,One year,DSL,Electronic check,0,No,Yes,No,Yes,Yes,No
CUST-06648,58,101.43,5876.4,Month-to-month,Fiber optic,Credit card,0,No,No,No,No,Yes,No
CUST-06649,40,79.42,3090.85,Two year,Fiber optic,Electronic check,0,Yes,No,No,No,Yes,No
CUST-06650,44,57.84,2416.59,Two year,Fiber optic,Bank transfer,1,Yes,No,No,Yes,Yes,No
CUST-06651,15,72.73,1153.97,Two year,Fiber optic,Electronic check,0,No,No,No,Yes,Yes,Yes
CUST-06652,61,79.5,4957.77,Month-to-month,DSL,Credit card,0,Yes,No,No,No,Yes,No
CUST-06653,68,56.0,3991.61,Month-to-month,Fiber optic,Bank transfer,0,Yes,Yes,No,No,No,No
CUST-06654,30,103.33,3368.9,One year,Fiber optic,Credit card,0,No,No,No,No,No,No
CUST-06655,7,84.5,441.04,Two year,Fiber optic,Credit card,1,Yes,Yes,No,Yes,Yes,No
CUST-06656,62,47.69,2960.18,Month-to-month,Fiber optic,Electronic check,0,Yes,No,No,No,Yes,No
CUST-06657,64,117.07,7453.53,Month-to-month,DSL,Credit card,0,Yes,No,Yes,No,Yes,Yes
CUST-06658,37,72.43,2661.07,Month-to-month,DSL,Electronic check,0,No,No,No,Yes,No,No
CUST-06659,42,42.65,1708.14,Month-to-month,No,Bank transfer,1,No,Yes,No,No,No,Yes
CUST-06660,17,49.24,871.32,One year,DSL,Bank transfer,1,Yes,No,Yes,No,Yes,No
CUST-06661,5,107.19,409.9,Month-to-month,DSL,Credit card,0,No,Yes,No,No,Yes,Yes
CUST-06662,68,115.62,7911.15,One year,DSL,Bank transfer,0,Yes,No,Yes,Yes,Yes,No
CUST-06663,35,95.24,3450.05,One year,Fiber optic,Bank transfer,0,No,No,No,No,Yes,No
CUST-06664,20,102.98,2008.46,Month-to-month,Fiber optic,Credit card,0,No,No,No,Yes,Yes,Yes
CUST-06665,50,100.42,5134.36,Two year,Fiber optic,Electronic check,0,Yes,Yes,Yes,Yes,Yes,No
CUST-06666,2,83.92,181.39,Month-to-month,No,Electronic check,1,Yes,No,No,No,No,Yes
CUST-06667,6,78.23,563.99,Month-to-month,DSL,Electronic check,1,No,No,No,No,No,Yes
CUST-06668,18,83.5,1534.42,Month-to-month,DSL,Electronic check,0,No,No,No,Yes,Yes,Yes
CUST-06669,33,88.4,2824.56,Month-to-month,No,Mailed check,0,No,No,Yes,No,Yes,No
CUST-06670,27,51.46,1387.05,Month-to-month,Fiber optic,Credit card,1,Yes,Yes,No,No,No,No
CUST-06671,14,88.3,1192.1,Two year,Fiber optic,Mailed check,0,Yes,No,No,No,Yes,No
CUST-06672,26,106.47,2852.4,Month-to-month,Fiber optic,Credit card,0,Yes,No,No,Yes,Yes,Yes
CUST-06673,25,64.84,1597.37,Month-to-month,DSL,Bank transfer,0,No,No,No,Yes,Yes,No
CUST-06674,38,62.17,2467.98,Two year,No,Mailed check,0,No,No,Yes,No,Yes,No
CUST-06675,41,81.91,3410.16,Two year,DSL,Credit card,0,Yes,No,No,No,Yes,No
CUST-06676,64,53.76,3460.69,Month-to-month,Fiber optic,Mailed check,0,No,No,Yes,No,No,No
CUST-06677,59,37.08,2212.51,Month-to-month,DSL,Electronic check,0,No,No,Yes,No,No,No
CUST-06678,22,98.69,2269.73,Month-to-month,Fiber optic,Credit card,0,No,No,No,No,No,Yes
CUST-06679,65,58.73,3883.9,Month-to-month,Fiber optic,Electronic check,0,No,No,No,Yes,Yes,Yes
CUST-06680,38,70.46,2773.09,Month-to-month,DSL,Mailed check,0,No,No,Yes,Yes,Yes,No
CUST-06681,14,54.75,663.21,One year,No,Electronic check,0,No,No,No,Yes,Yes,Yes
CUST-06682,25,101.92,2493.6,Month-to-month,DSL,Credit card,0,Yes,No,Yes,No,Yes,Yes
CUST-06683,54,91.33,4932.36,Month-to-month,Fiber optic,Bank transfer,0,No,No,Yes,No,Yes,Yes
CUST-06684,60,63.98,3812.4,One year,DSL,Credit card,0,No,No,No,No,Yes,No
CUST-06685,27,40.5,999.73,Month-to-month,Fiber optic,Credit card,1,No,Yes,No,Yes,Yes,Yes
CUST-06686,12,61.33,861.23,Month-to-month,Fiber optic,Mailed check,0,No,No,No,Yes,No,Yes
CUST-06687,14,84.25,1065.46,Two year,Fiber optic,Mailed check,0,Yes,No,No,Yes,No,No
CUST-06688,8,74.72,695.6,Month-to-month,Fiber optic,Mailed check,1,No,Yes,Yes,Yes,Yes,Yes
CUST-06689,51,72.73,3887.21,Month-to-month,Fiber optic,Electronic check,0,Yes,Yes,No,No,No,Yes
CUST-06690,37,75.29,2735.39,Month-to-month,No,Credit card,0,No,Yes,Yes,No,Yes,Yes
CUST-06691,33,88.97,2714.49,One year,No,Electronic check,0,No,No,No,Yes,Yes,No
CUST-06692,49,68.95,3330.99,One year,DSL,Mailed check,1,No,No,No,No,Yes,No
CUST-06693,60,81.25,4798.14,Month-to-month,Fiber optic,Mailed check,0,Yes,Yes,Yes,Yes,No,No
CUST-06694,58,45.33,2488.25,Month-to-month,DSL,Electronic check,0,Yes,Yes,Yes,Yes,Yes,No
CUST-06695,10,130.0,1341.89,Month-to-month,DSL,Credit card,0,No,No,No,No,No,Yes
CUST-06696,43,62.9,2748.91,Month-to-month,Fiber optic,Bank transfer,0,Yes,No,No,No,No,Yes
CUST-06697,64,75.09,4852.09,Two year,Fiber optic,Credit card,0,No,Yes,Yes,No,Yes,No
CUST-06698,56,84.16,4620.2,Two year,Fiber optic,Bank transfer,0,Yes,No,No,Yes,Yes,No
CUST-06699,24,59.73,1541.66,Month-to-month,Fiber optic,Mailed check,0,No,No,Yes,Yes,No,Yes
CUST-06700,29,70.2,1969.97,Month-to-month,Fiber optic,Electronic check,0,Yes,No,Yes,No,Yes,Yes
CUST-06701,65,69.89,4437.8,One year,No,Bank transfer,0,No,No,No,No,Yes,No
CUST-06702,3,47.15,32.59,Month-to-month,DSL,Bank transfer,1,Yes,No,Yes,No,No,Yes
CUST-06703,38,80.96,3002.38,Month-to-month,Fiber optic,Electronic check,0,No,No,No,No,No,Yes
CUST-06704,9,28.77,270.01,Two year,DSL,Electronic check,0,No,Yes,Yes,No,Yes,No
CUST-06705,65,113.82,7292.93,Month-to-month,DSL,Mailed check,1,No,No,Yes,No,Yes,No
CUST-06706,3,89.82,188.06,Month-to-month,No,Electronic check,0,Yes,No,No,No,No,Yes
CUST-06707,2,85.98,330.67,Month-to-month,DSL,Electronic check,0,No,Yes,Yes,No,Yes,Yes
CUST-06708,24,26.58,573.7,One year,DSL,Electronic check,0,Yes,No,Yes,Yes,Yes,No
CUST-06709,15,50.19,840.86,One year,Fiber optic,Mailed check,0,Yes,No,No,No,Yes,No
CUST-06710,36,104.73,3778.72,Month-to-month,DSL,Bank transfer,0,Yes,No,Yes,No,Yes,Yes
CUST-06711,22,130.0,2955.42,One year,Fiber optic,Credit card,0,No,No,No,Yes,Yes,Yes
CUST-06712,26,99.87,2617.65,Month-to-month,No,Credit card,1,No,No,No,No,Yes,No
CUST-06713,41,95.92,3934.0,Two year,Fiber optic,Mailed check,0,Yes,Yes,No,No,Yes,No
CUST-06714,41,83.12,3375.27,Month-to-month,Fiber optic,Bank transfer,1,No,No,Yes,No,No,Yes
CUST-06715,68,48.81,3239.87,Month-to-month,Fiber optic,Electronic check,1,Yes,Yes,Yes,Yes,Yes,Yes
CUST-06716,35,94.88,3346.27,One year,No,Credit card,0,No,Yes,No,No,No,No
CUST-06717,41,42.47,1686.6,Month-to-month,DSL,Electronic check,1,No,Yes,No,No,Yes,Yes
CUST-06718,49,39.74,1752.29,One year,Fiber optic,Electronic check,1,No,No,Yes,No,No,Yes
CUST-06719,13,38.16,530.72,Month-to-month,Fiber optic,Bank transfer,0,Yes,No,Yes,Yes,No,Yes
CUST-06720,49,94.39,4614.62,Month-to-month,Fiber optic,Mailed check,1,No,No,No,No,No,Yes
CUST-06721,63,68.56,4357.41,Month-to-month,DSL,Mailed check,1,No,Yes,Yes,Yes,No,No
CUST-06722,23,72.52,1668.01,Month-to-month,Fiber optic,Mailed check,0,No,No,No,Yes,Yes,Yes
CUST-06723,13,69.61,983.41,Month-to-month,Fiber optic,Bank transfer,0,No,Yes,No,No,Yes,Yes
CUST-06724,25,41.86,1091.53,Month-to-month,Fiber optic,Credit card,0,Yes,Yes,No,Yes,No,No
CUST-06725,20,53.23,1051.86,Month-to-month,DSL,Bank transfer,0,No,Yes,Yes,No,Yes,Yes
CUST-06726,43,54.49,2382.97,Two year,DSL,Bank transfer,0,No,Yes,Yes,No,No,No
CUST-06727,63,34.87,2328.86,One year,Fiber optic,Credit card,0,Yes,No,No,No,No,No
CUST-06728,43,57.39,2382.87,Month-to-month,Fiber optic,Credit card,0,No,No,No,No,Yes,No
CUST-06729,10,42.97,230.54,Month-to-month,No,Electronic check,0,Yes,No,Yes,No,Yes,Yes
CUST-06730,23,84.44,2037.29,Month-to-month,Fiber optic,Mailed check,0,Yes,No,Yes,No,No,Yes
CUST-06731,50,86.52,4387.71,Month-to-month,DSL,Mailed check,0,Yes,No,No,No,Yes,No
CUST-06732,24,37.66,1182.12,Month-to-month,Fiber optic,Credit card,1,Yes,Yes,No,No,No,Yes
CUST-06733,43,62.58,2702.14,Month-to-month,Fiber optic,Bank transfer,0,No,Yes,No,No,Yes,No
CUST-06734,50,116.4,5794.29,Two year,Fiber optic,Credit card,0,No,Yes,No,Yes,No,No
CUST-06735,24,45.48,1136.73,One year,Fiber optic,Credit card,0,Yes,No,Yes,Yes,No,No
CUST-06736,47,80.67,3877.92,Month-to-month,DSL,Credit card,0,Yes,Yes,No,Yes,No,Yes
CUST-06737,29,72.64,2167.89,Month-to-month,DSL,Bank transfer,0,Yes,No,Yes,No,No,No
CUST-06738,10,97.32,950.4,Month-to-month,DSL,Mailed check,0,No,Yes,No,Yes,No,No
CUST-06739,27,77.39,2217.83,Month-to-month,DSL,Mailed check,0,Yes,No,No,No,No,Yes
CUST-06740,32,59.22,1797.43,Month-to-month,Fiber optic,Electronic check,0,No,No,No,No,Yes,Yes
CUST-06741,1,71.67,4.98,Month-to-month,DSL,Bank transfer,0,Yes,No,Yes,Yes,Yes,Yes
CUST-06742,65,72.03,4840.61,Month-to-month,No,Bank transfer,0,No,No,No,No,Yes,Yes
CUST-06743,39,67.71,2710.52,Month-to-month,DSL,Electronic check,1,No,No,No,No,Yes,Yes
CUST-06744,3,37.02,69.15,One year,Fiber optic,Mailed check,0,No,No,Yes,Yes,No,Yes
CUST-06745,63,101.08,6381.79,Month-to-month,Fiber optic,Bank transfer,0,No,No,No,No,Yes,No
CUST-06746,62,96.66,6200.08,Two year,DSL,Credit card,0,No,Yes,No,No,Yes,No
CUST-06747,1,43.9,22.52,Month-to-month,Fiber optic,Credit card,0,Yes,Yes,No,No,Yes,No
CUST-06748,12,62.48,680.48,Month-to-month,No,Electronic check,1,No,Yes,Yes,No,Yes,Yes
CUST-06749,27,64.37,1745.56,Month-to-month,No,Mailed check,0,Yes,Yes,Yes,No,No,No
CUST-06750,37,41.09,1610.04,Month-to-month,DSL,Bank transfer,0,No,No,Yes,No,No,Yes
CUST-06751,53,23.33,1275.01,Month-to-month,Fiber optic,Electronic check,0,No,No,Yes,No,Yes,Yes
CUST-06752,31,53.24,1756.53,Month-to-month,DSL,Electronic check,0,No,No,No,No,No,No
CUST-06753,45,61.09,2665.8,Month-to-month,Fiber optic,Credit card,0,No,No,Yes,No,Yes,Yes
CUST-06754,1,33.97,0.0,Month-to-month,DSL,Bank transfer,0,Yes,No,Yes,No,Yes,No
CUST-06755,48,74.42,3683.34,Month-to-month,No,Bank transfer,1,Yes,No,Yes,No,No,No
CUST-06756,66,99.07,6424.97,One year,Fiber optic,Electronic check,1,Yes,No,No,No,No,No
CUST-06757,38,91.05,3345.24,One year,DSL,Bank transfer,0,Yes,Yes,No,No,No,No
CUST-06758,33,66.83,2132.61,One year,No,Credit card,0,No,No,No,No,No,No
CUST-06759,22,23.99,436.14,Two year,Fiber optic,Credit card,0,Yes,No,No,No,No,No
CUST-06760,69,87.89,6001.44,Month-to-month,DSL,Electronic check,0,Yes,Yes,No,No,Yes,Yes
CUST-06761,3,73.66,49.32,Two year,Fiber optic,Electronic check,0,Yes,No,Yes,No,No,No
CUST-06762,21,80.61,1833.05,Month-to-month,Fiber optic,Bank transfer,0,Yes,No,No,Yes,Yes,Yes
CUST-06763,10,118.4,1031.05,Month-to-month,Fiber optic,Credit card,0,Yes,No,No,No,No,Yes
CUST-06764,63,49.38,3339.26,One year,DSL,Electronic check,0,No,Yes,No,No,No,No
CUST-06765,35,20.0,783.28,Month-to-month,DSL,Electronic check,0,Yes,No,No,No,Yes,No
CUST-06766,67,43.66,3200.06,Month-to-month,DSL,Electronic check,0,No,Yes,No,Yes,Yes,Yes
CUST-06767,48,82.15,3872.44,Month-to-month,Fiber optic,Credit card,0,Yes,Yes,No,No,No,No
CUST-06768,41,70.67,2857.98,Month-to-month,DSL,Mailed check,0,Yes,No,No,No,Yes,No
CUST-06769,38,39.61,1644.29,Month-to-month,Fiber optic,Bank transfer,0,Yes,Yes,No,Yes,Yes,Yes
CUST-06770,15,34.51,420.52,One year,No,Electronic check,0,Yes,No,No,No,Yes,No
CUST-06771,41,61.13,2591.5,Month-to-month,No,Electronic check,0,No,Yes,No,No,No,No
CUST-06772,50,38.85,1935.91,Month-to-month,Fiber optic,Bank transfer,1,No,No,No,No,Yes,Yes
CUST-06773,70,83.02,5909.72,Month-to-month,Fiber optic,Mailed check,0,Yes,No,No,Yes,No,Yes
CUST-06774,40,59.71,2529.82,Two year,No,Electronic check,0,No,Yes,No,Yes,Yes,No
CUST-06775,68,54.32,3644.52,Two year,Fiber optic,Mailed check,1,No,Yes,No,No,Yes,No
CUST-06776,69,51.04,3447.37,One year,Fiber optic,Bank transfer,0,No,No,Yes,Yes,No,No
CUST-06777,38,76.58,2783.46,Month-to-month,DSL,Electronic check,0,Yes,Yes,No,No,No,Yes
CUST-06778,32,71.07,2130.22,Month-to-month,DSL,Credit card,0,Yes,No,No,Yes,Yes,Yes
CUST-06779,11,75.05,774.23,Month-to-month,Fiber optic,Electronic check,0,Yes,No,Yes,Yes,No,Yes
CUST-06780,20,74.5,1493.22,One year,DSL,Credit card,0,Yes,Yes,No,No,No,No
CUST-06781,64,68.2,4311.28,Month-to-month,DSL,Bank transfer,0,No,No,No,No,No,No
CUST-06782,10,44.17,472.07,One year,DSL,Electronic check,0,Yes,No,No,Yes,Yes,No
CUST-06783,29,51.74,1577.23,Month-to-month,Fiber optic,Credit card,0,Yes,Yes,No,Yes,Yes,Yes
CUST-06784,51,60.13,3014.89,Two year,Fiber optic,Mailed check,0,No,No,No,Yes,No,No
CUST-06785,18,121.63,2148.2,Month-to-month,DSL,Mailed check,0,No,No,No,Yes,No,Yes
CUST-06786,71,36.28,2699.9,Month-to-month,Fiber optic,Electronic check,0,No,Yes,No,No,Yes,Yes
CUST-06787,47,59.53,2838.55,Month-to-month,DSL,Electronic check,0,Yes,No,No,No,No,No
CUST-06788,3,72.46,202.91,One year,Fiber optic,Mailed check,1,Yes,No,No,Yes,No,No
CUST-06789,18,62.42,1060.57,Two year,DSL,Mailed check,0,Yes,No,No,No,Yes,No
CUST-06790,54,96.85,5321.54,Month-to-month,Fiber optic,Credit card,1,No,No,No,No,Yes,Yes
CUST-06791,63,62.29,3900.48,Two year,No,Bank transfer,0,Yes,Yes,Yes,No,No,No
CUST-06792,67,64.14,4107.57,Month-to-month,DSL,Electronic check,0,No,Yes,Yes,No,Yes,No
CUST-06793,62,90.37,5401.79,Month-to-month,Fiber optic,Credit card,0,No,Yes,No,No,Yes,No
CUST-06794,6,115.27,614.36,Month-to-month,No,Mailed check,0,No,No,No,No,No,Yes
CUST-06795,53,105.19,5476.19,Month-to-month,No,Bank transfer,0,No,Yes,No,Yes,No,No
CUST-06796,8,66.58,539.92,Two year,Fiber optic,Credit card,0,No,No,No,No,Yes,Yes
CUST-06797,6,68.76,228.3,Month-to-month,Fiber optic,Bank transfer,0,No,Yes,No,No,Yes,Yes
CUST-06798,50,71.17,3564.85,Month-to-month,DSL,Mailed check,0,Yes,No,No,No,No,No
CUST-06799,35,73.67,2482.4,Month-to-month,DSL,Electronic check,0,Yes,No,No,Yes,Yes,No
CUST-06800,47,48.82,2399.15,One year,DSL,Electronic check,0,No,Yes,Yes,Yes,Yes,No
CUST-06801,62,93.41,5716.97,Two year,Fiber optic,Bank transfer,0,Yes,Yes,No,No,Yes,No
CUST-06802,5,75.17,465.18,Two year,No,Credit card,0,No,Yes,Yes,No,No,Yes
CUST-06803,38,68.88,2610.52,Month-to-month,DSL,Electronic check,0,Yes,No,No,No,No,Yes
CUST-06804,61,38.22,2283.31,Month-to-month,Fiber optic,Electronic check,0,Yes,No,No,Yes,No,Yes
CUST-06805,32,71.56,2162.24,Month-to-month,No,Mailed check,0,Yes,Yes,Yes,No,Yes,No
CUST-06806,38,22.67,780.9,Two year,DSL,Credit card,0,No,Yes,No,Yes,Yes,No
CUST-06807,36,55.46,2133.65,Month-to-month,DSL,Credit card,0,No,No,No,Yes,Yes,Yes
CUST-06808,66,55.92,3680.99,Two year,DSL,Electronic check,0,No,No,No,Yes,No,No
CUST-06809,4,77.17,222.31,Two year,DSL,Bank transfer,0,No,No,Yes,Yes,No,No
CUST-06810,64,117.0,7518.54,One year,Fiber optic,Credit card,0,No,Yes,No,Yes,No,No
CUST-06811,59,84.3,4925.15,One year,Fiber optic,Credit card,1,Yes,Yes,Yes,Yes,Yes,No
CUST-06812,59,106.21,6194.95,Month-to-month,Fiber optic,Credit card,1,No,No,No,No,Yes,Yes
CUST-06813,30,86.13,2541.05,Month-to-month,DSL,Credit card,1,Yes,Yes,No,Yes,No,No
CUST-06814,38,98.13,3824.19,Month-to-month,Fiber optic,Mailed check,0,No,No,No,No,No,Yes
CUST-06815,27,116.43,3139.44,Month-to-month,DSL,Mailed check,1,No,No,No,No,Yes,Yes
CUST-06816,19,51.7,1051.66,One year,Fiber optic,Credit card,0,No,No,Yes,Yes,No,No
CUST-06817,64,50.07,3160.49,Month-to-month,DSL,Bank transfer,0,No,Yes,Yes,No,No,No
CUST-06818,37,86.72,3146.07,Two year,Fiber optic,Electronic check,0,No,No,No,No,No,No
CUST-06819,53,69.91,3850.92,Two year,Fiber optic,Electronic check,0,Yes,No,No,Yes,Yes,No
CUST-06820,8,75.51,496.67,Month-to-month,DSL,Credit card,0,Yes,No,No,Yes,Yes,No
CUST-06821,57,63.78,3603.31,Month-to-month,Fiber optic,Electronic check,0,No,No,No,Yes,No,Yes
CUST-06822,48,55.09,2755.69,Month-to-month,Fiber optic,Bank transfer,0,No,No,No,No,Yes,No
CUST-06823,72,110.52,7910.67,Month-to-month,Fiber optic,Mailed check,0,Yes,Yes,No,Yes,No,No
CUST-06824,10,42.5,610.08,One year,No,Electronic check,1,Yes,No,Yes,No,Yes,Yes
CUST-06825,39,87.16,3309.66,One year,DSL,Electronic check,0,No,Yes,No,Yes,No,No
CUST-06826,37,83.11,3138.12,One year,Fiber optic,Bank transfer,0,Yes,No,Yes,No,No,No
CUST-06827,39,30.52,1361.03,Month-to-month,DSL,Credit card,0,Yes,No,No,Yes,Yes,No
CUST-06828,4,49.23,215.72,Two year,Fiber optic,Electronic check,0,No,No,Yes,No,No,No
CUST-06829,35,53.43,1910.76,One year,DSL,Bank transfer,0,Yes,No,No,No,Yes,No
CUST-06830,22,84.11,1933.07,Two year,Fiber optic,Bank transfer,0,No,No,Yes,No,Yes,No
CUST-06831,45,60.82,2481.29,Two year,No,Credit card,0,No,Yes,Yes,No,Yes,No
CUST-06832,17,67.86,1296.42,One year,Fiber optic,Bank transfer,1,Yes,No,No,Yes,Yes,No
CUST-06833,32,33.56,1107.97,Month-to-month,Fiber optic,Electronic check,0,Yes,No,No,No,Yes,Yes
CUST-06834,45,128.15,5772.7,Two year,DSL,Mailed check,0,Yes,No,No,No,Yes,Yes
CUST-06835,5,71.78,374.56,Month-to-month,No,Credit card,0,No,Yes,No,Yes,No,No
CUST-06836,57,82.48,4496.42,Month-to-month,Fiber optic,Credit card,0,Yes,No,No,No,No,Yes
CUST-06837,52,56.48,3027.69,Month-to-month,Fiber optic,Mailed check,0,No,No,No,No,Yes,Yes
CUST-06838,5,53.68,305.96,Month-to-month,DSL,Credit card,0,No,Yes,No,No,No,Yes
CUST-06839,5,117.82,493.42,Month-to-month,Fiber optic,Electronic check,0,Yes,Yes,No,No,Yes,Yes
CUST-06840,62,22.08,1410.18,Month-to-month,Fiber optic,Bank transfer,0,Yes,Yes,Yes,No,No,No
CUST-06841,21,76.97,1670.92,Two year,DSL,Credit card,0,Yes,No,No,No,No,No
CUST-06842,62,39.71,2406.79,One year,No,Bank transfer,0,No,No,Yes,No,No,No
CUST-06843,36,59.87,2283.14,Two year,Fiber optic,Electronic check,0,No,No,Yes,Yes,Yes,No
CUST-06844,25,54.05,1338.83,Two year,No,Electronic check,0,No,No,Yes,No,Yes,Yes
CUST-06845,20,45.35,879.2,Month-to-month,DSL,Bank transfer,0,Yes,Yes,No,Yes,Yes,No
CUST-06846,48,70.89,3469.54,One year,Fiber optic,Credit card,1,No,No,No,Yes,No,No
CUST-06847,8,20.0,73.03,One year,DSL,Credit card,0,No,Yes,No,No,No,No
CUST-06848,29,62.11,1754.67,Month-to-month,DSL,Credit card,0,No,No,Yes,No,Yes,No
CUST-06849,25,67.74,1578.78,Two year,DSL,Credit card,0,No,Yes,No,No,Yes,No
CUST-06850,12,36.02,414.73,Two year,DSL,Credit card,0,Yes,No,No,Yes,No,No
CUST-06851,26,107.83,2770.45,Month-to-month,Fiber optic,Credit card,0,Yes,No,Yes,Yes,Yes,Yes
CUST-06852,39,55.14,2163.38,Two year,DSL,Credit card,0,No,No,No,No,Yes,No
CUST-06853,49,64.06,3241.0,Month-to-month,DSL,Credit card,0,No,No,No,No,No,No
CUST-06854,7,55.19,454.34,Two year,Fiber optic,Mailed check,0,Yes,No,No,No,No,No
CUST-06855,63,67.96,4294.42,One year,Fiber optic,Bank transfer,0,No,Yes,Yes,No,Yes,No
CUST-06856,64,102.7,6701.81,Month-to-month,Fiber optic,Electronic check,0,No,Yes,No,No,No,No
CUST-06857,50,130.0,6437.73,Two year,Fiber optic,Bank transfer,0,Yes,No,No,No,Yes,No
CUST-06858,67,88.64,5988.45,Month-to-month,DSL,Bank transfer,0,Yes,Yes,No,No,Yes,No
CUST-06859,31,97.2,3104.71,Month-to-month,Fiber optic,Electronic check,0,Yes,No,No,No,Yes,Yes
CUST-06860,60,112.91,6963.91,One year,Fiber optic,Electronic check,0,No,Yes,No,No,Yes,No
CUST-06861,53,76.22,4054.37,One year,DSL,Credit card,1,No,No,No,Yes,No,No
CUST-06862,41,109.26,4440.74,Month-to-month,DSL,Bank transfer,0,No,Yes,No,No,Yes,Yes
CUST-06863,13,89.81,1169.07,One year,No,Electronic check,0,Yes,Yes,No,Yes,No,Yes
CUST-06864,41,73.6,3024.19,Month-to-month,DSL,Mailed check,0,Yes,Yes,No,Yes,Yes,No
CUST-06865,65,78.76,5052.01,Month-to-month,DSL,Credit card,0,Yes,Yes,No,No,No,No
CUST-06866,71,24.46,1738.93,One year,DSL,Bank transfer,0,Yes,No,No,Yes,No,No
CUST-06867,33,77.3,2728.31,Month-to-month,No,Credit card,0,No,Yes,No,No,Yes,Yes
CUST-06868,18,31.41,397.54,Month-to-month,Fiber optic,Bank transfer,0,No,No,Yes,No,No,No
CUST-06869,54,29.37,1343.64,Two year,No,Bank transfer,0,No,No,No,No,No,No
CUST-06870,6,74.82,297.25,Two year,Fiber optic,Electronic check,0,No,Yes,No,No,Yes,Yes
CUST-06871,11,42.15,370.39,One year,Fiber optic,Credit card,0,Yes,No,Yes,No,Yes,No
CUST-06872,41,69.82,2743.48,One year,DSL,Bank transfer,0,Yes,Yes,No,No,No,No
CUST-06873,72,73.46,5208.43,Two year,DSL,Electronic check,0,No,Yes,No,No,Yes,No
CUST-06874,24,74.58,1686.54,Two year,Fiber optic,Mailed check,1,No,No,No,No,No,Yes
CUST-06875,32,47.4,1561.78,Month-to-month,No,Credit card,0,Yes,No,No,Yes,Yes,No
CUST-06876,24,92.47,2124.75,Month-to-month,No,Electronic check,0,No,No,No,No,No,No
CUST-06877,32,67.77,2053.16,Month-to-month,No,Bank transfer,0,No,No,No,Yes,Yes,No
CUST-06878,1,81.03,0.0,Month-to-month,Fiber optic,Mailed check,0,No,Yes,Yes,No,Yes,No
CUST-06879,43,40.09,1823.33,Month-to-month,Fiber optic,Mailed check,0,Yes,No,Yes,No,Yes,No
CUST-06880,43,65.54,2952.26,One year,Fiber optic,Electronic check,0,Yes,No,No,Yes,Yes,No
CUST-06881,23,97.43,2266.39,One year,Fiber optic,Bank transfer,0,No,No,Yes,No,No,No
CUST-06882,20,94.25,1897.81,Two year,DSL,Mailed check,1,Yes,No,No,No,Yes,No
CUST-06883,55,50.07,2819.56,Month-to-month,DSL,Bank transfer,0,Yes,No,Yes,No,No,No
CUST-06884,14,56.36,870.44,Month-to-month,DSL,Mailed check,1,No,No,Yes,Yes,No,No
CUST-06885,4,45.28,65.64,Month-to-month,DSL,Electronic check,0,Yes,No,Yes,No,Yes,Yes
CUST-06886,3,53.59,135.92,Month-to-month,DSL,Electronic check,0,Yes,No,Yes,No,Yes,Yes
CUST-06887,64,35.02,2339.43,Month-to-month,Fiber optic,Credit card,1,Yes,No,No,Yes,No,No
CUST-06888,27,66.55,1742.39,Two year,Fiber optic,Mailed check,0,Yes,No,Yes,No,No,No
CUST-06889,8,85.83,702.4,Month-to-month,Fiber optic,Bank transfer,0,No,No,No,No,Yes,Yes
CUST-06890,64,50.37,3345.12,One year,Fiber optic,Mailed check,0,No,No,No,No,Yes,No
CUST-06891,11,67.73,984.33,Month-to-month,Fiber optic,Mailed check,0,Yes,No,No,No,Yes,Yes
CUST-06892,25,64.49,1710.75,Month-to-month,Fiber optic,Credit card,1,Yes,No,No,No,Yes,No
CUST-06893,2,96.38,65.96,Two year,Fiber optic,Credit card,0,Yes,Yes,No,Yes,Yes,No
CUST-06894,49,54.71,2611.32,Two year,DSL,Electronic check,0,Yes,Yes,No,No,No,No
CUST-06895,51,55.62,2957.84,Month-to-month,Fiber optic,Electronic check,1,Yes,No,Yes,No,Yes,No
CUST-06896,55,48.85,2612.04,Two year,Fiber optic,Mailed check,0,Yes,No,Yes,No,Yes,No
CUST-06897,19,41.56,876.78,Month-to-month,DSL,Electronic check,0,No,Yes,No,No,Yes,Yes
CUST-06898,24,83.23,2169.69,Two year,No,Electronic check,0,No,Yes,No,No,No,No
CUST-06899,68,66.62,4637.11,Month-to-month,DSL,Credit card,0,Yes,No,No,No,Yes,No
CUST-06900,60,71.37,4461.53,Month-to-month,Fiber optic,Electronic check,0,Yes,No,Yes,No,Yes,No
CUST-06901,3,101.87,191.72,One year,No,Electronic check,0,No,No,Yes,Yes,Yes,Yes
CUST-06902,50,103.3,4971.17,Two year,Fiber optic,Mailed check,0,No,No,Yes,No,No,No
CUST-06903,59,28.84,1623.17,Two year,Fiber optic,Bank transfer,1,Yes,No,No,No,No,No
CUST-06904,41,86.2,3534.49,Month-to-month,Fiber optic,Mailed check,0,No,No,No,No,Yes,Yes
CUST-06905,47,75.64,3463.81,Two year,DSL,Bank transfer,0,Yes,No,No,No,Yes,No
CUST-06906,1,58.46,0.0,Month-to-month,Fiber optic,Bank transfer,0,No,No,No,Yes,No,Yes
CUST-06907,3,78.19,220.23,Month-to-month,Fiber optic,Electronic check,0,No,No,No,No,No,Yes
CUST-06908,3,26.84,34.16,Month-to-month,DSL,Credit card,0,No,No,No,No,No,Yes
CUST-06909,12,106.57,1362.18,Month-to-month,DSL,Electronic check,1,Yes,No,No,Yes,Yes,Yes
CUST-06910,72,82.87,5968.33,Month-to-month,No,Credit card,0,Yes,No,No,Yes,No,No
CUST-06911,46,48.37,2165.7,One year,DSL,Mailed check,0,Yes,No,Yes,No,Yes,No
CUST-06912,57,55.36,3251.19,Month-to-month,No,Credit card,0,No,No,No,No,Yes,Yes
CUST-06913,22,27.42,889.0,One year,DSL,Credit card,0,Yes,No,Yes,Yes,Yes,No
CUST-06914,68,62.15,4272.27,Month-to-month,Fiber optic,Electronic check,0,Yes,Yes,No,No,Yes,Yes
CUST-06915,15,57.93,815.34,One year,Fiber optic,Mailed check,0,Yes,No,Yes,No,Yes,No
CUST-06916,65,36.87,2230.53,Month-to-month,Fiber optic,Electronic check,0,Yes,No,No,Yes,Yes,No
CUST-06917,3,89.42,240.71,Month-to-month,Fiber optic,Credit card,0,No,No,Yes,Yes,No,Yes
CUST-06918,2,101.92,84.05,One year,DSL,Mailed check,0,No,No,No,No,Yes,No
CUST-06919,6,69.32,465.81,Two year,Fiber optic,Credit card,0,Yes,No,No,Yes,Yes,No
CUST-06920,58,62.36,3784.09,Two year,Fiber optic,Bank transfer,0,Yes,No,No,No,No,No
CUST-06921,19,80.87,1450.11,Month-to-month,Fiber optic,Credit card,0,No,Yes,Yes,Yes,No,Yes
CUST-06922,33,69.51,2234.88,Two year,Fiber optic,Bank transfer,0,No,Yes,No,Yes,No,Yes
CUST-06923,34,42.95,1531.31,One year,Fiber optic,Electronic check,0,Yes,No,Yes,No,Yes,Yes
CUST-06924,57,53.68,2986.41,Two year,DSL,Mailed check,0,Yes,Yes,No,No,Yes,No
CUST-06925,26,62.59,1451.49,Month-to-month,DSL,Bank transfer,0,Yes,Yes,No,Yes,Yes,No
CUST-06926,1,76.2,194.57,Month-to-month,DSL,Credit card,0,Yes,No,No,No,Yes,Yes
CUST-06927,28,70.23,1825.83,Month-to-month,Fiber optic,Credit card,0,No,No,Yes,No,Yes,No
CUST-06928,21,75.26,1570.26,Two year,No,Bank transfer,0,No,No,No,No,No,No
CUST-06929,53,31.88,1674.44,Month-to-month,DSL,Credit card,0,No,No,No,No,No,No
CUST-06930,55,86.63,4720.22,Month-to-month,DSL,Credit card,0,No,No,No,No,No,No
CUST-06931,7,70.09,549.5,One year,No,Credit card,1,Yes,No,Yes,No,No,Yes
CUST-06932,58,130.0,7385.52,Two year,DSL,Credit card,0,No,No,No,Yes,Yes,No
CUST-06933,6,60.31,395.51,One year,Fiber optic,Mailed check,0,No,No,No,No,No,No
CUST-06934,45,78.09,3426.42,One year,Fiber optic,Mailed check,0,No,Yes,No,Yes,Yes,No
CUST-06935,29,130.0,3772.97,Month-to-month,Fiber optic,Electronic check,1,Yes,Yes,No,Yes,No,Yes
CUST-06936,22,74.85,1561.93,Two year,Fiber optic,Electronic check,0,No,Yes,No,No,Yes,No
CUST-06937,35,68.31,2400.2,Month-to-month,No,Credit card,0,No,Yes,Yes,No,Yes,No
CUST-06938,23,45.33,1123.41,Month-to-month,Fiber optic,Mailed check,0,No,No,Yes,Yes,No,Yes
CUST-06939,58,108.21,6257.29,Month-to-month,Fiber optic,Mailed check,1,Yes,No,No,No,No,Yes
CUST-06940,70,41.02,2837.27,Month-to-month,DSL,Mailed check,1,Yes,Yes,Yes,No,Yes,No
CUST-06941,59,80.68,4678.03,One year,DSL,Credit card,0,No,Yes,Yes,No,Yes,No
CUST-06942,32,58.16,1868.85,One year,No,Credit card,0,Yes,No,Yes,No,Yes,No
CUST-06943,37,65.27,2511.85,Month-to-month,No,Bank transfer,0,Yes,No,No,Yes,Yes,No
CUST-06944,33,34.4,1125.21,Month-to-month,Fiber optic,Credit card,0,Yes,No,No,No,No,Yes
CUST-06945,58,103.58,6144.77,Month-to-month,DSL,Bank transfer,0,No,Yes,No,Yes,Yes,No
CUST-06946,40,63.06,2494.19,Month-to-month,Fiber optic,Electronic check,0,Yes,No,No,No,Yes,Yes
CUST-06947,34,39.62,1536.77,Two year,DSL,Bank transfer,0,Yes,No,No,No,Yes,Yes
CUST-06948,30,101.32,2841.56,One year,Fiber optic,Electronic check,0,No,No,No,No,Yes,Yes
CUST-06949,28,57.4,1550.58,Month-to-month,Fiber optic,Mailed check,0,Yes,No,Yes,Yes,Yes,Yes
CUST-06950,40,78.37,3050.19,Month-to-month,Fiber optic,Credit card,0,Yes,No,No,Yes,No,No
CUST-06951,50,91.04,4539.98,Two year,Fiber optic,Electronic check,0,Yes,No,No,Yes,No,No
CUST-06952,32,81.85,2676.75,Two year,Fiber optic,Bank transfer,0,No,No,No,Yes,Yes,No
CUST-06953,59,20.0,1436.3,Two year,No,Credit card,0,Yes,No,No,No,No,No
CUST-06954,60,87.38,5252.56,Month-to-month,DSL,Credit card,0,No,No,Yes,No,Yes,No
CUST-06955,31,67.48,2176.79,Month-to-month,DSL,Bank transfer,0,No,Yes,No,Yes,No,No
CUST-06956,66,61.77,3995.35,Month-to-month,Fiber optic,Mailed check,0,No,No,No,No,Yes,Yes
CUST-06957,13,67.27,843.37,One year,DSL,Electronic check,0,No,No,No,No,Yes,Yes
CUST-06958,68,29.75,2090.79,Month-to-month,DSL,Electronic check,0,Yes,No,No,Yes,Yes,No
CUST-06959,22,74.8,1493.98,One year,DSL,Bank transfer,0,No,No,Yes,Yes,No,No
CUST-06960,41,35.89,1357.08,Month-to-month,DSL,Mailed check,0,No,Yes,No,No,No,Yes
CUST-06961,21,62.85,1327.84,One year,Fiber optic,Bank transfer,0,No,Yes,No,No,No,No
CUST-06962,32,73.91,2348.58,Month-to-month,No,Electronic check,0,Yes,No,Yes,Yes,Yes,No
CUST-06963,25,96.85,2442.97,Two year,Fiber optic,Mailed check,0,No,No,No,No,No,No
CUST-06964,51,49.51,2356.72,Month-to-month,Fiber optic,Mailed check,0,No,No,No,Yes,Yes,Yes
CUST-06965,6,106.29,603.63,One year,DSL,Credit card,0,No,No,No,Yes,Yes,No
CUST-06966,61,93.67,5688.37,Month-to-month,Fiber optic,Electronic check,1,Yes,Yes,No,Yes,Yes,Yes
CUST-06967,66,59.26,3930.74,One year,Fiber optic,Mailed check,0,Yes,No,Yes,No,Yes,No
CUST-06968,41,42.28,1818.24,One year,Fiber optic,Mailed check,0,No,No,No,No,No,No
CUST-06969,40,33.9,1360.71,Month-to-month,Fiber optic,Mailed check,0,No,No,No,No,Yes,Yes
CUST-06970,51,76.79,3806.7,Month-to-month,Fiber optic,Credit card,0,Yes,No,No,No,No,Yes
CUST-06971,15,51.57,805.9,Month-to-month,DSL,Credit card,0,No,No,No,No,Yes,Yes
CUST-06972,54,99.98,5223.94,Month-to-month,Fiber optic,Electronic check,0,Yes,No,No,No,Yes,Yes
CUST-06973,16,53.01,857.94,One year,Fiber optic,Credit card,1,No,No,Yes,Yes,Yes,No
CUST-06974,49,47.48,2374.92,Month-to-month,Fiber optic,Credit card,0,Yes,No,No,Yes,No,No
CUST-06975,23,75.84,1737.95,Month-to-month,No,Credit card,0,No,Yes,No,Yes,No,No
CUST-06976,54,52.85,2919.24,Month-to-month,DSL,Electronic check,0,Yes,No,No,No,No,No
CUST-06977,57,70.21,3869.98,Month-to-month,DSL,Mailed check,0,Yes,No,Yes,No,No,No
CUST-06978,16,94.65,1741.08,Month-to-month,Fiber optic,Bank transfer,1,No,No,No,Yes,No,Yes
CUST-06979,45,72.93,3189.52,One year,Fiber optic,Electronic check,0,Yes,Yes,Yes,Yes,Yes,No
CUST-06980,36,73.02,2368.21,Month-to-month,DSL,Electronic check,0,Yes,Yes,No,No,Yes,No
CUST-06981,22,75.13,1524.76,Two year,DSL,Bank transfer,0,Yes,Yes,No,No,Yes,No
CUST-06982,43,27.67,1483.23,One year,DSL,Credit card,0,Yes,Yes,No,Yes,Yes,No
CUST-06983,72,79.8,5854.31,Month-to-month,DSL,Electronic check,0,Yes,Yes,Yes,No,Yes,No
CUST-06984,1,74.0,0.0,Two year,Fiber optic,Electronic check,0,No,No,No,Yes,No,No
CUST-06985,69,92.32,6487.69,One year,DSL,Credit card,0,Yes,Yes,No,Yes,Yes,No
CUST-06986,62,85.15,5406.87,One year,Fiber optic,Mailed check,0,No,Yes,No,Yes,Yes,No
CUST-06987,39,64.95,2387.87,Month-to-month,Fiber optic,Electronic check,0,Yes,No,Yes,No,No,No
CUST-06988,44,95.81,4337.65,One year,Fiber optic,Credit card,0,Yes,No,No,Yes,No,No
CUST-06989,27,62.68,1651.24,Month-to-month,No,Mailed check,0,Yes,Yes,No,No,Yes,Yes
CUST-06990,10,76.18,831.57,Month-to-month,DSL,Electronic check,0,Yes,No,No,No,Yes,No
CUST-06991,42,62.22,2709.31,Month-to-month,DSL,Bank transfer,0,Yes,No,No,Yes,Yes,No
CUST-06992,59,81.54,4904.87,Month-to-month,DSL,Credit card,0,Yes,No,Yes,No,Yes,Yes
CUST-06993,17,60.59,1009.88,One year,DSL,Electronic check,0,No,Yes,No,Yes,No,No
CUST-06994,52,111.19,5699.53,Month-to-month,Fiber optic,Bank transfer,0,Yes,No,No,No,Yes,Yes
CUST-06995,54,120.43,6555.96,Month-to-month,DSL,Mailed check,0,No,No,No,No,Yes,No
CUST-06996,55,91.85,5133.75,Two year,Fiber optic,Mailed check,0,Yes,Yes,No,Yes,No,No
CUST-06997,25,108.53,2759.94,Month-to-month,No,Bank transfer,0,No,No,Yes,No,Yes,No
CUST-06998,29,31.52,907.76,Month-to-month,DSL,Electronic check,0,Yes,Yes,Yes,No,Yes,Yes
CUST-06999,30,34.47,1101.18,Month-to-month,DSL,Electronic check,0,Yes,No,Yes,No,No,Yes
CUST-07000,62,61.96,3678.51,Two year,Fiber optic,Credit card,0,Yes,No,Yes,Yes,Yes,No
CUST-07001,65,71.03,4690.12,One year,Fiber optic,Credit card,0,No,No,No,Yes,Yes,No
CUST-07002,30,65.04,1930.82,One year,DSL,Credit card,0,No,No,Yes,Yes,No,No
CUST-07003,70,28.95,2137.38,Two year,Fiber optic,Credit card,0,Yes,No,No,No,Yes,No
CUST-07004,42,98.79,4165.19,One year,DSL,Electronic check,1,Yes,No,Yes,No,No,No
CUST-07005,28,123.85,3528.15,Two year,Fiber optic,Mailed check,1,No,No,No,No,Yes,Yes
CUST-07006,1,102.02,160.36,One year,Fiber optic,Credit card,0,No,No,No,Yes,No,No
CUST-07007,44,97.14,4236.79,Two year,DSL,Bank transfer,0,Yes,Yes,No,No,Yes,No
CUST-07008,47,75.65,3480.61,One year,DSL,Credit card,0,Yes,No,No,No,Yes,No
CUST-07009,70,48.93,3518.31,Month-to-month,Fiber optic,Mailed check,1,Yes,No,No,No,Yes,No
CUST-07010,52,71.81,3766.72,Month-to-month,Fiber optic,Bank transfer,0,Yes,No,Yes,No,Yes,Yes
CUST-07011,3,122.64,395.53,Month-to-month,No,Bank transfer,0,Yes,No,Yes,No,No,Yes
CUST-07012,41,61.2,2601.43,Month-to-month,Fiber optic,Credit card,0,Yes,No,No,No,Yes,Yes
CUST-07013,54,58.63,3227.74,Two year,Fiber optic,Bank transfer,1,Yes,Yes,No,No,Yes,No
CUST-07014,36,97.68,3652.57,One year,Fiber optic,Electronic check,1,No,No,Yes,No,Yes,Yes
CUST-07015,31,99.34,3044.56,One year,Fiber optic,Electronic check,0,Yes,No,Yes,No,Yes,Yes
CUST-07016,59,48.8,2932.8,One year,DSL,Mailed check,0,Yes,No,Yes,Yes,Yes,No
CUST-07017,45,63.46,2989.43,Two year,DSL,Bank transfer,0,No,No,No,Yes,Yes,No
CUST-07018,50,57.45,2810.82,One year,Fiber optic,Credit card,0,Yes,No,No,No,Yes,No
CUST-07019,34,71.74,2342.58,Month-to-month,DSL,Mailed check,1,Yes,No,Yes,Yes,Yes,No
CUST-07020,21,97.59,2039.68,Month-to-month,DSL,Credit card,0,Yes,No,Yes,Yes,No,Yes
CUST-07021,38,49.9,1899.84,Month-to-month,DSL,Bank transfer,0,Yes,No,No,Yes,No,No
CUST-07022,70,97.24,6829.72,Month-to-month,No,Mailed check,0,Yes,Yes,No,No,Yes,No
CUST-07023,44,72.54,3270.9,Month-to-month,Fiber optic,Electronic check,1,Yes,Yes,No,No,Yes,Yes
CUST-07024,51,128.15,6589.08,Month-to-month,Fiber optic,Bank transfer,0,Yes,No,Yes,Yes,Yes,No
CUST-07025,9,77.97,963.07,Month-to-month,No,Mailed check,1,No,Yes,No,No,Yes,No
CUST-07026,72,67.58,4993.36,Month-to-month,Fiber optic,Electronic check,0,No,No,No,No,Yes,Yes
CUST-07027,18,84.37,1458.02,Two year,Fiber optic,Electronic check,0,Yes,No,No,Yes,No,No
CUST-07028,70,61.57,4399.64,Month-to-month,Fiber optic,Electronic check,0,No,No,No,Yes,Yes,No
CUST-07029,33,25.12,825.28,Two year,Fiber optic,Electronic check,0,No,Yes,Yes,No,Yes,No
CUST-07030,67,63.99,4351.6,Month-to-month,No,Electronic check,0,Yes,No,No,No,Yes,No
CUST-07031,65,63.59,4165.87,Two year,Fiber optic,Credit card,0,Yes,No,No,Yes,No,No
CUST-07032,55,30.19,1484.23,One year,Fiber optic,Electronic check,0,Yes,Yes,Yes,Yes,Yes,No
CUST-07033,66,68.17,4428.5,Two year,Fiber optic,Mailed check,0,No,No,No,Yes,Yes,No
CUST-07034,44,20.0,895.29,Month-to-month,Fiber optic,Mailed check,0,No,Yes,No,No,Yes,Yes
CUST-07035,62,61.31,3876.63,One year,Fiber optic,Bank transfer,0,No,No,No,No,No,No
CUST-07036,13,76.09,878.96,Month-to-month,DSL,Mailed check,0,No,No,No,Yes,Yes,Yes
CUST-07037,6,72.42,573.42,Month-to-month,DSL,Credit card,0,Yes,No,No,Yes,Yes,No
CUST-07038,40,59.72,2478.97,One year,DSL,Credit card,0,Yes,No,No,No,No,No
CUST-07039,59,67.86,3905.75,Month-to-month,Fiber optic,Bank transfer,0,Yes,No,Yes,No,Yes,Yes
CUST-07040,56,50.4,2821.82,Month-to-month,DSL,Credit card,1,Yes,No,No,No,Yes,No
CUST-07041,39,70.27,2831.0,Two year,No,Mailed check,0,No,No,Yes,Yes,No,No
CUST-07042,38,71.45,2834.21,Month-to-month,DSL,Mailed check,1,Yes,No,Yes,No,Yes,No
CUST-07043,44,47.49,1954.55,One year,DSL,Bank transfer,0,No,No,No,No,Yes,No
CUST-07044,63,76.69,4766.59,Month-to-month,Fiber optic,Electronic check,0,Yes,No,No,Yes,No,Yes
CUST-07045,61,76.54,4772.39,Month-to-month,DSL,Electronic check,0,No,Yes,Yes,No,No,No
CUST-07046,8,65.84,413.28,Month-to-month,DSL,Credit card,0,No,No,No,No,Yes,No
CUST-07047,43,130.0,5650.22,Month-to-month,DSL,Electronic check,1,Yes,No,No,Yes,No,No
CUST-07048,28,66.48,1860.85,Two year,Fiber optic,Electronic check,0,No,No,Yes,No,Yes,No
CUST-07049,58,63.02,3634.55,Two year,DSL,Electronic check,0,No,Yes,No,No,Yes,No
CUST-07050,37,59.44,1964.79,Month-to-month,Fiber optic,Bank transfer,1,No,No,No,No,No,Yes
CUST-07051,72,45.73,3398.98,Month-to-month,DSL,Mailed check,0,Yes,No,No,No,Yes,No
CUST-07052,32,87.15,2714.98,Two year,DSL,Electronic check,0,No,No,No,No,No,Yes
CUST-07053,49,52.84,2529.76,Month-to-month,DSL,Credit card,0,No,Yes,Yes,No,Yes,No
CUST-07054,8,55.8,494.68,Month-to-month,DSL,Credit card,0,Yes,No,No,Yes,Yes,No
CUST-07055,68,56.54,3845.56,Month-to-month,Fiber optic,Credit card,0,No,Yes,Yes,Yes,Yes,No
CUST-07056,12,45.38,544.56,One year,Fiber optic,Mailed check,0,No,No,No,No,No,No
CUST-07057,28,26.22,719.45,Month-to-month,Fiber optic,Electronic check,0,Yes,No,No,Yes,Yes,Yes
CUST-07058,61,58.43,3508.33,Month-to-month,No,Credit card,0,Yes,No,No,Yes,No,No
CUST-07059,70,91.83,6366.09,Two year,DSL,Bank transfer,1,Yes,No,No,No,No,No
CUST-07060,35,74.92,2681.7,Two year,No,Credit card,0,No,No,Yes,Yes,Yes,No
CUST-07061,35,109.01,3721.05,One year,Fiber optic,Electronic check,0,No,No,Yes,Yes,Yes,Yes
CUST-07062,4,88.77,289.86,One year,Fiber optic,Credit card,1,No,Yes,No,Yes,Yes,No
CUST-07063,71,83.1,5904.98,Two year,No,Mailed check,0,Yes,Yes,No,No,Yes,No
CUST-07064,2,117.07,296.38,One year,DSL,Credit card,0,No,Yes,No,No,Yes,No
CUST-07065,2,67.57,59.63,One year,Fiber optic,Electronic check,1,Yes,No,No,No,Yes,Yes
CUST-07066,35,71.58,2423.3,Month-to-month,Fiber optic,Bank transfer,0,No,No,Yes,Yes,No,No
CUST-07067,1,69.71,40.5,Month-to-month,Fiber optic,Mailed check,0,No,Yes,No,Yes,No,Yes
CUST-07068,12,108.59,1213.5,Two year,DSL,Credit card,0,Yes,No,Yes,No,No,No
CUST-07069,46,70.06,3210.32,One year,DSL,Electronic check,0,Yes,No,No,No,Yes,No
CUST-07070,51,53.79,2518.83,Month-to-month,No,Electronic check,0,No,Yes,No,No,Yes,Yes
CUST-07071,22,84.69,2013.21,One year,Fiber optic,Bank transfer,0,Yes,No,Yes,No,Yes,Yes
CUST-07072,58,49.59,2869.22,Two year,DSL,Credit card,0,No,No,No,Yes,No,No
CUST-07073,44,83.34,3487.43,Month-to-month,DSL,Credit card,0,Yes,Yes,No,No,Yes,No
CUST-07074,17,80.35,1307.59,One year,Fiber optic,Electronic check,1,No,No,Yes,No,No,Yes
CUST-07075,52,65.26,3398.96,Month-to-month,DSL,Electronic check,0,Yes,Yes,No,No,Yes,No
CUST-07076,43,84.15,3605.18,One year,DSL,Mailed check,0,No,Yes,No,Yes,Yes,No
CUST-07077,59,32.81,1801.67,Two year,No,Electronic check,1,Yes,No,No,Yes,No,No
CUST-07078,12,74.07,1011.6,Two year,DSL,Mailed check,0,Yes,No,No,No,Yes,No
CUST-07079,17,58.43,1077.93,Two year,DSL,Mailed check,0,No,No,No,Yes,No,No
CUST-07080,22,130.0,2727.98,One year,Fiber optic,Credit card,0,No,Yes,No,Yes,No,No
CUST-07081,25,73.9,1878.71,Month-to-month,DSL,Electronic check,0,No,Yes,No,Yes,Yes,Yes
CUST-07082,64,55.09,3432.24,One year,DSL,Mailed check,0,Yes,No,No,No,No,No
CUST-07083,53,35.54,1745.95,Month-to-month,Fiber optic,Mailed check,1,Yes,No,No,No,Yes,No
CUST-07084,40,102.64,4011.83,One year,Fiber optic,Bank transfer,0,No,No,No,No,Yes,Yes
CUST-07085,39,61.25,2460.26,Month-to-month,Fiber optic,Mailed check,1,No,No,No,No,No,Yes
CUST-07086,64,50.22,3110.28,Month-to-month,Fiber optic,Bank transfer,0,No,No,No,Yes,No,No
CUST-07087,33,78.41,2611.47,Month-to-month,Fiber optic,Credit card,1,Yes,No,No,Yes,Yes,Yes
CUST-07088,17,86.24,1320.24,Month-to-month,Fiber optic,Bank transfer,0,No,No,No,Yes,Yes,Yes
CUST-07089,10,85.85,923.91,Month-to-month,Fiber optic,Bank transfer,0,No,Yes,Yes,No,Yes,Yes
CUST-07090,24,70.49,1659.5,Month-to-month,Fiber optic,Electronic check,0,Yes,Yes,Yes,No,No,No
CUST-07091,48,73.98,3589.72,Month-to-month,DSL,Credit card,0,Yes,No,No,Yes,Yes,Yes
CUST-07092,34,75.8,2450.35,Month-to-month,Fiber optic,Bank transfer,0,Yes,No,No,No,Yes,Yes
CUST-07093,31,78.41,2641.61,Two year,DSL,Electronic check,0,No,No,No,No,Yes,No
CUST-07094,35,80.62,3011.27,Month-to-month,DSL,Bank transfer,0,No,No,No,No,Yes,Yes
CUST-07095,71,97.36,6654.59,Two year,No,Mailed check,0,Yes,No,No,No,Yes,No
CUST-07096,72,71.41,5266.26,Month-to-month,DSL,Credit card,0,No,Yes,No,Yes,No,Yes
CUST-07097,12,49.58,607.86,Two year,DSL,Bank transfer,0,No,No,No,No,No,No
CUST-07098,9,66.39,643.31,One year,DSL,Credit card,0,No,No,No,Yes,Yes,Yes
CUST-07099,18,88.84,1639.17,Two year,Fiber optic,Credit card,0,No,No,Yes,Yes,No,No
CUST-07100,62,25.34,1660.29,Two year,Fiber optic,Electronic check,0,Yes,No,No,Yes,No,No
CUST-07101,34,25.48,804.91,One year,Fiber optic,Mailed check,0,No,No,No,Yes,No,No
CUST-07102,63,92.96,5704.17,Month-to-month,Fiber optic,Electronic check,0,No,No,No,Yes,Yes,Yes
CUST-07103,47,108.0,5008.16,Month-to-month,Fiber optic,Electronic check,0,No,No,Yes,No,No,Yes
CUST-07104,40,38.37,1454.04,Month-to-month,No,Bank transfer,0,Yes,No,No,No,Yes,No
CUST-07105,21,72.51,1523.24,Two year,Fiber optic,Credit card,0,No,Yes,No,No,No,No
CUST-07106,25,60.01,1497.69,Two year,DSL,Mailed check,0,Yes,Yes,Yes,No,Yes,No
CUST-07107,11,63.48,645.84,Month-to-month,No,Credit card,0,No,No,No,No,Yes,No
CUST-07108,38,77.64,2879.96,One year,DSL,Bank transfer,0,No,No,Yes,Yes,Yes,No
CUST-07109,21,37.68,857.62,Month-to-month,Fiber optic,Mailed check,0,Yes,No,Yes,Yes,Yes,No
CUST-07110,22,42.32,823.8,One year,DSL,Credit card,0,Yes,Yes,No,No,Yes,No
CUST-07111,3,62.47,262.54,One year,Fiber optic,Mailed check,1,Yes,Yes,No,No,No,Yes
CUST-07112,58,66.37,3843.41,Month-to-month,No,Electronic check,0,No,No,No,Yes,Yes,No
CUST-07113,68,41.85,2789.28,Two year,Fiber optic,Bank transfer,0,No,No,No,No,No,No
CUST-07114,36,89.74,3129.96,Month-to-month,Fiber optic,Credit card,0,Yes,No,No,No,Yes,No
CUST-07115,39,59.56,2461.79,One year,No,Electronic check,0,No,Yes,No,No,Yes,No
CUST-07116,67,59.45,3808.82,One year,Fiber optic,Mailed check,0,No,No,No,No,No,No
CUST-07117,37,77.07,2894.56,Month-to-month,DSL,Bank transfer,0,No,No,No,No,No,No
CUST-07118,45,66.78,2991.16,Month-to-month,Fiber optic,Credit card,0,No,No,No,No,Yes,Yes
CUST-07119,31,90.94,2792.41,Month-to-month,DSL,Mailed check,1,No,Yes,No,Yes,Yes,No
CUST-07120,38,46.66,1644.07,One year,Fiber optic,Mailed check,0,Yes,Yes,No,No,Yes,No
CUST-07121,38,35.07,1255.1,Two year,DSL,Bank transfer,0,Yes,Yes,No,No,Yes,No
CUST-07122,52,62.26,3469.42,Month-to-month,DSL,Credit card,0,No,No,Yes,No,No,No
CUST-07123,44,71.51,3255.35,Month-to-month,Fiber optic,Electronic check,0,Yes,Yes,No,Yes,No,No
CUST-07124,37,38.98,1542.79,Month-to-month,DSL,Electronic check,0,Yes,Yes,Yes,Yes,No,No
CUST-07125,6,35.31,282.84,Month-to-month,DSL,Credit card,0,Yes,No,No,No,No,No
CUST-07126,66,74.56,4947.13,Month-to-month,DSL,Bank transfer,0,Yes,No,No,Yes,Yes,No
CUST-07127,64,51.06,3412.48,One year,DSL,Credit card,0,No,No,No,Yes,No,No
CUST-07128,14,33.69,494.02,Month-to-month,Fiber optic,Electronic check,0,No,No,Yes,No,Yes,Yes
CUST-07129,22,94.13,2307.8,Two year,Fiber optic,Electronic check,0,Yes,No,No,No,Yes,No
CUST-07130,71,54.21,3977.12,Month-to-month,DSL,Bank transfer,0,No,Yes,Yes,No,No,No
CUST-07131,24,98.75,2406.71,One year,DSL,Mailed check,0,No,No,No,No,Yes,No
CUST-07132,59,70.71,4238.51,Month-to-month,DSL,Credit card,0,No,Yes,Yes,No,Yes,No
CUST-07133,57,77.37,4405.61,Month-to-month,Fiber optic,Mailed check,0,Yes,No,Yes,No,Yes,No
CUST-07134,62,64.71,4188.01,Month-to-month,Fiber optic,Credit card,0,No,No,Yes,No,Yes,No
CUST-07135,2,20.0,0.0,One year,DSL,Bank transfer,0,No,No,No,Yes,No,No
CUST-07136,35,41.58,1523.06,Two year,No,Bank transfer,0,No,No,Yes,Yes,Yes,No
CUST-07137,41,66.86,2755.5,Month-to-month,DSL,Bank transfer,0,Yes,No,No,No,No,No
CUST-07138,61,79.12,4748.8,Month-to-month,Fiber optic,Electronic check,1,No,No,Yes,No,No,Yes
CUST-07139,17,25.26,473.46,One year,Fiber optic,Credit card,1,No,No,No,No,Yes,Yes
CUST-07140,23,68.66,1306.75,Month-to-month,DSL,Credit card,0,Yes,No,Yes,No,Yes,No
CUST-07141,13,41.94,636.44,Two year,DSL,Mailed check,0,No,Yes,Yes,No,Yes,No
CUST-07142,55,75.87,4329.68,Month-to-month,Fiber optic,Mailed check,0,Yes,No,No,No,Yes,No
CUST-07143,72,69.51,4954.29,Two year,Fiber optic,Bank transfer,0,Yes,Yes,Yes,No,Yes,No
CUST-07144,11,88.59,940.33,One year,Fiber optic,Bank transfer,0,Yes,Yes,Yes,No,Yes,No
CUST-07145,17,96.67,1626.27,Month-to-month,Fiber optic,Mailed check,1,Yes,No,No,Yes,Yes,No
CUST-07146,23,81.47,1978.22,One year,No,Mailed check,0,Yes,No,Yes,No,Yes,No
CUST-07147,65,91.51,6103.08,Month-to-month,Fiber optic,Credit card,1,No,Yes,Yes,No,Yes,No
CUST-07148,33,61.24,2153.81,One year,Fiber optic,Credit card,1,Yes,No,Yes,No,Yes,No
CUST-07149,21,130.0,2849.67,Two year,DSL,Bank transfer,0,Yes,No,No,Yes,No,No
CUST-07150,24,39.53,988.3,One year,No,Mailed check,0,No,No,No,Yes,No,No
CUST-07151,44,56.81,2299.56,Month-to-month,DSL,Mailed check,0,No,No,No,Yes,Yes,No
CUST-07152,28,92.53,2572.25,Month-to-month,DSL,Mailed check,0,No,Yes,Yes,Yes,Yes,No
CUST-07153,11,88.82,1071.16,Month-to-month,Fiber optic,Bank transfer,1,No,Yes,No,No,Yes,Yes
CUST-07154,60,82.18,5023.65,One year,No,Electronic check,0,No,No,Yes,No,No,No
CUST-07155,31,86.88,2675.22,One year,DSL,Bank transfer,0,No,No,Yes,No,No,No
CUST-07156,19,20.0,194.52,Month-to-month,DSL,Bank transfer,0,Yes,Yes,Yes,No,Yes,No
CUST-07157,53,109.73,5905.74,One year,No,Electronic check,0,No,No,No,Yes,Yes,No
CUST-07158,54,64.9,3418.33,One year,Fiber optic,Mailed check,0,No,Yes,Yes,No,Yes,No
CUST-07159,12,101.15,1127.69,One year,Fiber optic,Mailed check,0,Yes,No,Yes,Yes,No,No
CUST-07160,6,20.0,224.39,Month-to-month,Fiber optic,Credit card,0,Yes,Yes,No,No,No,Yes
CUST-07161,4,76.41,323.23,Month-to-month,Fiber optic,Credit card,0,Yes,No,Yes,Yes,No,Yes
CUST-07162,56,55.91,3222.65,Month-to-month,No,Credit card,0,Yes,Yes,No,Yes,Yes,No
CUST-07163,46,84.3,3741.28,Two year,DSL,Bank transfer,0,Yes,No,No,No,Yes,No
CUST-07164,58,77.93,4512.1,Two year,Fiber optic,Credit card,0,No,No,Yes,No,Yes,No
CUST-07165,46,79.15,3476.52,Two year,Fiber optic,Bank transfer,0,No,No,No,No,Yes,No
CUST-07166,29,43.53,1365.78,Month-to-month,No,Mailed check,0,Yes,No,Yes,Yes,Yes,No
CUST-07167,43,68.58,3031.34,One year,Fiber optic,Mailed check,0,No,No,Yes,Yes,No,No
CUST-07168,53,65.5,3375.75,Two year,DSL,Bank transfer,0,Yes,No,No,Yes,Yes,No
CUST-07169,29,82.38,2365.89,Month-to-month,Fiber optic,Mailed check,0,No,No,No,No,Yes,Yes
CUST-07170,66,94.73,6314.12,Month-to-month,No,Mailed check,0,Yes,No,No,No,Yes,No
CUST-07171,65,73.76,4695.82,Month-to-month,No,Credit card,0,No,No,No,No,No,No
CUST-07172,58,38.1,2037.66,One year,DSL,Credit card,0,Yes,No,Yes,No,Yes,No
CUST-07173,72,72.69,5229.85,Month-to-month,DSL,Bank transfer,0,No,No,Yes,No,Yes,No
CUST-07174,29,130.0,3847.51,Month-to-month,Fiber optic,Mailed check,0,Yes,Yes,No,Yes,No,No
CUST-07175,9,111.15,901.17,Month-to-month,Fiber optic,Mailed check,0,No,Yes,No,No,No,Yes
CUST-07176,35,20.0,834.45,One year,DSL,Mailed check,0,Yes,No,Yes,No,No,No
CUST-07177,54,71.58,3905.92,Two year,DSL,Mailed check,0,No,No,No,No,No,No
CUST-07178,57,93.3,5448.08,One year,DSL,Mailed check,1,No,No,No,Yes,No,No
CUST-07179,28,65.44,1727.69,Two year,DSL,Mailed check,0,No,No,Yes,No,Yes,No
CUST-07180,22,58.5,1186.49,One year,DSL,Mailed check,0,No,Yes,Yes,No,Yes,No
CUST-07181,33,63.33,2023.47,Two year,No,Bank transfer,0,Yes,No,No,No,Yes,No
CUST-07182,58,83.8,5007.01,Month-to-month,Fiber optic,Credit card,0,Yes,No,No,No,Yes,No
CUST-07183,5,41.29,213.61,Two year,DSL,Bank transfer,0,No,No,No,Yes,No,No
CUST-07184,24,99.72,2373.92,Two year,Fiber optic,Electronic check,0,No,Yes,No,No,Yes,No
CUST-07185,17,68.6,1303.21,One year,Fiber optic,Electronic check,1,No,No,Yes,No,Yes,Yes
CUST-07186,59,46.62,2629.0,Month-to-month,Fiber optic,Bank transfer,0,Yes,Yes,No,No,No,No
CUST-07187,34,98.11,3362.05,Month-to-month,No,Credit card,0,Yes,No,No,No,Yes,No
CUST-07188,7,31.37,209.85,Month-to-month,DSL,Mailed check,0,Yes,No,No,Yes,No,Yes
CUST-07189,19,56.12,1227.42,Month-to-month,No,Electronic check,0,Yes,No,No,Yes,No,No
CUST-07190,4,55.71,317.7,Month-to-month,DSL,Electronic check,0,No,No,No,Yes,Yes,Yes
CUST-07191,35,123.6,4277.05,Month-to-month,Fiber optic,Mailed check,0,Yes,Yes,Yes,Yes,Yes,Yes
CUST-07192,72,52.87,3977.88,Month-to-month,No,Credit card,0,Yes,No,No,No,Yes,No
CUST-07193,41,20.0,838.45,Two year,Fiber optic,Credit card,0,Yes,Yes,Yes,No,Yes,Yes
CUST-07194,63,55.45,3551.95,One year,DSL,Credit card,0,Yes,No,No,Yes,No,No
CUST-07195,54,81.39,4434.92,Two year,DSL,Mailed check,0,No,No,Yes,Yes,No,No
CUST-07196,64,89.6,5905.46,Month-to-month,DSL,Credit card,1,Yes,No,Yes,No,Yes,Yes
CUST-07197,23,126.91,2677.53,Month-to-month,DSL,Mailed check,0,No,No,No,No,Yes,Yes
CUST-07198,69,105.17,7310.71,Month-to-month,DSL,Mailed check,0,Yes,No,No,No,Yes,No
CUST-07199,18,74.7,1571.44,Two year,DSL,Credit card,0,No,No,No,Yes,No,No
CUST-07200,32,47.71,1400.64,Month-to-month,Fiber optic,Credit card,0,Yes,No,No,No,Yes,Yes
CUST-07201,50,110.6,5432.53,One year,DSL,Mailed check,0,No,No,No,No,No,No
CUST-07202,21,60.79,1300.24,Month-to-month,Fiber optic,Bank transfer,0,No,No,No,No,Yes,Yes
CUST-07203,20,53.55,1197.0,Month-to-month,Fiber optic,Mailed check,0,Yes,No,No,No,No,Yes
CUST-07204,10,59.57,629.65,Month-to-month,DSL,Bank transfer,0,No,No,Yes,No,Yes,No
CUST-07205,1,38.69,17.27,Month-to-month,Fiber optic,Electronic check,0,No,No,No,No,No,Yes
CUST-07206,37,58.37,2158.89,Month-to-month,Fiber optic,Electronic check,0,Yes,No,No,No,Yes,Yes
CUST-07207,72,64.17,4584.06,Two year,Fiber optic,Credit card,0,No,Yes,No,No,No,No
CUST-07208,16,88.27,1366.02,Month-to-month,Fiber optic,Electronic check,0,No,No,No,No,Yes,Yes
CUST-07209,32,60.3,1793.59,Month-to-month,Fiber optic,Mailed check,0,No,No,No,Yes,No,Yes
CUST-07210,68,38.31,2817.87,Month-to-month,Fiber optic,Electronic check,0,Yes,Yes,No,Yes,No,Yes
CUST-07211,56,29.91,1692.52,Two year,Fiber optic,Electronic check,1,No,Yes,No,No,Yes,No
CUST-07212,1,75.24,0.0,One year,Fiber optic,Bank transfer,0,No,No,Yes,No,Yes,No
CUST-07213,37,71.82,2769.69,One year,Fiber optic,Mailed check,0,No,No,No,No,Yes,No
CUST-07214,11,56.14,384.36,Month-to-month,Fiber optic,Credit card,0,Yes,No,No,Yes,No,Yes
CUST-07215,18,58.31,920.62,Two year,Fiber optic,Bank transfer,0,Yes,No,No,Yes,No,No
CUST-07216,18,79.71,1464.97,Month-to-month,Fiber optic,Bank transfer,0,Yes,No,Yes,No,Yes,Yes
CUST-07217,45,104.76,4709.66,One year,Fiber optic,Bank transfer,0,Yes,No,No,Yes,Yes,Yes
CUST-07218,15,50.5,814.2,Two year,Fiber optic,Electronic check,1,Yes,Yes,Yes,No,Yes,No
CUST-07219,19,72.22,1280.95,Month-to-month,DSL,Mailed check,0,Yes,Yes,No,No,Yes,No
CUST-07220,17,93.96,1554.12,Month-to-month,DSL,Credit card,0,No,Yes,Yes,Yes,No,No
CUST-07221,26,50.6,1295.76,Month-to-month,Fiber optic,Electronic check,1,No,No,No,No,No,Yes
CUST-07222,48,69.61,3259.19,Month-to-month,Fiber optic,Electronic check,0,Yes,No,Yes,No,No,No
CUST-07223,29,69.05,1890.51,Month-to-month,DSL,Mailed check,0,Yes,No,No,No,Yes,No
CUST-07224,24,37.22,1049.22,Month-to-month,No,Credit card,0,No,No,No,No,Yes,Yes
CUST-07225,38,74.21,2714.92,Month-to-month,Fiber optic,Mailed check,0,Yes,No,No,No,No,No
CUST-07226,45,70.79,3159.51,One year,Fiber optic,Mailed check,0,Yes,No,No,No,No,No
CUST-07227,2,83.88,70.77,Month-to-month,Fiber optic,Electronic check,0,No,No,No,No,Yes,Yes
CUST-07228,65,40.33,2559.78,One year,DSL,Bank transfer,0,No,No,No,Yes,Yes,No
CUST-07229,66,70.25,4491.38,Month-to-month,DSL,Mailed check,0,No,No,Yes,No,Yes,No
CUST-07230,44,104.54,4470.77,Month-to-month,DSL,Electronic check,0,No,No,No,No,No,Yes
CUST-07231,42,121.94,5084.78,Month-to-month,Fiber optic,Electronic check,0,No,Yes,No,No,Yes,Yes
CUST-07232,51,102.0,5168.57,Two year,DSL,Mailed check,0,No,Yes,Yes,No,Yes,No
CUST-07233,32,40.57,1324.76,Month-to-month,Fiber optic,Electronic check,1,No,No,No,No,Yes,No
CUST-07234,27,81.28,2403.96,One year,Fiber optic,Mailed check,1,Yes,No,No,No,No,Yes
CUST-07235,26,57.92,1527.81,Two year,DSL,Mailed check,0,Yes,No,No,No,Yes,No
CUST-07236,12,77.1,874.13,One year,Fiber optic,Mailed check,1,No,Yes,No,No,No,Yes
CUST-07237,61,50.69,2855.51,Month-to-month,Fiber optic,Mailed check,0,Yes,Yes,Yes,Yes,No,No
CUST-07238,24,27.16,521.09,Month-to-month,Fiber optic,Electronic check,0,No,No,No,Yes,No,Yes
CUST-07239,21,61.39,1464.89,One year,No,Credit card,0,No,No,No,No,Yes,No
CUST-07240,70,88.07,6236.33,One year,DSL,Bank transfer,0,No,Yes,No,No,Yes,No
CUST-07241,37,77.2,2887.57,One year,DSL,Electronic check,0,Yes,Yes,No,No,Yes,No
CUST-07242,45,80.07,3657.91,One year,No,Electronic check,0,Yes,Yes,No,No,No,No
CUST-07243,18,75.41,1239.81,Month-to-month,DSL,Credit card,0,Yes,No,No,No,No,No
CUST-07244,20,80.11,1636.57,One year,Fiber optic,Credit card,0,Yes,No,No,No,Yes,No
CUST-07245,53,83.24,4387.47,One year,DSL,Electronic check,0,Yes,No,No,No,Yes,Yes
CUST-07246,33,63.13,2194.29,Two year,Fiber optic,Mailed check,0,Yes,Yes,Yes,Yes,No,No
CUST-07247,11,72.07,777.11,One year,Fiber optic,Bank transfer,0,No,No,No,No,Yes,No
CUST-07248,61,113.58,6846.98,Month-to-month,Fiber optic,Mailed check,0,Yes,No,No,No,Yes,No
CUST-07249,29,73.55,2163.18,One year,DSL,Credit card,0,No,No,No,Yes,Yes,No
CUST-07250,49,71.06,3436.9,One year,Fiber optic,Bank transfer,0,Yes,Yes,No,No,Yes,No
CUST-07251,25,72.57,1872.4,Month-to-month,No,Mailed check,0,Yes,Yes,No,No,Yes,Yes
CUST-07252,41,64.55,2648.35,Month-to-month,Fiber optic,Credit card,0,No,Yes,No,Yes,Yes,No
CUST-07253,56,59.12,3408.1,Month-to-month,No,Credit card,0,No,No,No,Yes,Yes,No
CUST-07254,64,75.22,4719.26,Month-to-month,No,Electronic check,0,Yes,No,Yes,Yes,Yes,No
CUST-07255,15,57.36,1015.92,One year,Fiber optic,Credit card,0,Yes,Yes,No,No,No,Yes
CUST-07256,49,66.36,3291.0,Month-to-month,Fiber optic,Bank transfer,0,Yes,No,No,No,Yes,No
CUST-07257,66,50.24,3318.23,One year,Fiber optic,Credit card,0,No,Yes,No,No,No,No
CUST-07258,47,72.7,3516.4,Month-to-month,No,Credit card,0,No,Yes,No,No,Yes,No
CUST-07259,11,84.6,1000.2,Two year,Fiber optic,Electronic check,0,No,No,No,No,Yes,No
CUST-07260,14,64.7,970.64,One year,DSL,Mailed check,0,Yes,No,Yes,No,Yes,No
CUST-07261,15,20.0,344.99,One year,DSL,Electronic check,0,Yes,No,No,Yes,Yes,No
CUST-07262,8,84.76,749.42,Month-to-month,Fiber optic,Electronic check,0,Yes,No,Yes,No,Yes,Yes
CUST-07263,55,73.0,3990.63,Two year,No,Credit card,1,No,Yes,No,Yes,Yes,No
CUST-07264,70,45.17,3220.7,Month-to-month,DSL,Electronic check,0,No,No,No,No,Yes,No
CUST-07265,38,89.33,3340.84,One year,No,Electronic check,0,Yes,No,No,No,Yes,No
CUST-07266,44,35.04,1462.84,Month-to-month,DSL,Credit card,0,No,No,No,No,Yes,Yes
CUST-07267,56,96.14,5332.8,Month-to-month,Fiber optic,Mailed check,0,No,No,Yes,No,Yes,Yes
CUST-07268,30,68.57,1884.24,One year,No,Electronic check,0,Yes,Yes,No,No,No,No
CUST-07269,35,20.0,576.52,Month-to-month,No,Mailed check,0,No,No,No,Yes,No,No
CUST-07270,43,74.46,3168.99,Month-to-month,Fiber optic,Electronic check,1,No,No,No,Yes,Yes,Yes
CUST-07271,22,59.85,1155.38,Month-to-month,No,Bank transfer,1,No,Yes,No,No,No,No
CUST-07272,5,56.08,240.91,Month-to-month,Fiber optic,Credit card,0,No,No,No,Yes,Yes,No
CUST-07273,41,51.56,2197.08,Two year,No,Mailed check,0,Yes,No,No,Yes,Yes,No
CUST-07274,60,66.82,3976.39,One year,No,Credit card,1,Yes,No,Yes,No,Yes,No
CUST-07275,6,57.87,307.86,Month-to-month,Fiber optic,Mailed check,1,No,No,Yes,No,No,Yes
CUST-07276,16,23.58,360.27,One year,DSL,Mailed check,0,Yes,No,No,Yes,Yes,No
CUST-07277,19,101.8,1671.49,One year,DSL,Electronic check,0,Yes,No,No,No,Yes,Yes
CUST-07278,58,63.89,3715.95,One year,DSL,Electronic check,0,No,No,Yes,No,No,No
CUST-07279,37,51.7,1982.45,One year,DSL,Electronic check,0,Yes,Yes,No,No,No,No
CUST-07280,39,41.79,1723.3,Month-to-month,DSL,Bank transfer,0,No,No,No,No,Yes,No
CUST-07281,47,89.27,4146.21,Month-to-month,DSL,Electronic check,0,No,Yes,No,No,Yes,Yes
CUST-07282,20,37.54,897.09,One year,Fiber optic,Credit card,1,Yes,No,Yes,Yes,Yes,Yes
CUST-07283,52,73.35,3838.06,One year,DSL,Credit card,0,Yes,No,Yes,No,Yes,No
CUST-07284,3,55.41,264.01,One year,DSL,Mailed check,0,Yes,Yes,Yes,No,Yes,No
CUST-07285,9,56.86,478.54,Month-to-month,DSL,Mailed check,0,Yes,No,Yes,Yes,No,Yes
CUST-07286,59,42.41,2646.45,Two year,DSL,Electronic check,0,Yes,Yes,Yes,Yes,No,No
CUST-07287,48,54.49,2565.36,Month-to-month,Fiber optic,Mailed check,0,No,No,No,No,No,No
CUST-07288,13,70.22,948.29,One year,No,Credit card,0,No,No,No,No,No,No
CUST-07289,32,75.88,2430.23,Month-to-month,Fiber optic,Mailed check,0,Yes,No,No,No,No,No
CUST-07290,4,50.36,76.31,One year,Fiber optic,Credit card,0,No,Yes,No,No,No,No
CUST-07291,49,67.73,3472.88,Two year,No,Mailed check,0,Yes,No,No,Yes,Yes,No
CUST-07292,55,92.21,5037.39,Month-to-month,Fiber optic,Mailed check,0,Yes,No,No,Yes,No,No
CUST-07293,21,28.43,475.55,One year,DSL,Mailed check,1,No,Yes,No,Yes,Yes,No
CUST-07294,26,69.84,1732.01,One year,DSL,Credit card,0,Yes,Yes,No,No,Yes,No
CUST-07295,18,46.23,911.58,Month-to-month,Fiber optic,Mailed check,0,No,Yes,No,Yes,No,Yes
CUST-07296,29,43.68,1428.66,Month-to-month,Fiber optic,Bank transfer,0,Yes,Yes,No,Yes,No,No
CUST-07297,20,76.53,1440.66,One year,Fiber optic,Credit card,0,No,Yes,Yes,No,Yes,No
CUST-07298,18,56.37,1059.16,Month-to-month,DSL,Credit card,0,No,No,Yes,No,Yes,Yes
CUST-07299,31,39.58,1177.06,Month-to-month,No,Credit card,0,No,Yes,Yes,Yes,No,No
CUST-07300,62,103.11,6157.67,Two year,Fiber optic,Electronic check,0,No,No,No,Yes,Yes,Yes
CUST-07301,55,93.0,5185.82,One year,No,Electronic check,0,Yes,No,Yes,No,No,No
CUST-07302,22,21.69,372.86,One year,Fiber optic,Mailed check,0,No,No,No,Yes,No,No
CUST-07303,68,33.14,2322.59,One year,DSL,Mailed check,0,Yes,No,No,Yes,No,No
CUST-07304,16,84.84,1412.5,Month-to-month,Fiber optic,Bank transfer,1,Yes,No,No,Yes,No,No
CUST-07305,66,62.88,4105.72,One year,DSL,Mailed check,0,Yes,Yes,No,No,Yes,No
CUST-07306,23,107.51,2509.83,Month-to-month,DSL,Mailed check,0,No,Yes,No,No,No,Yes
CUST-07307,39,85.41,3416.03,Month-to-month,No,Electronic check,0,No,No,No,No,Yes,Yes
CUST-07308,15,77.49,991.59,One year,Fiber optic,Mailed check,0,Yes,No,No,No,Yes,Yes
CUST-07309,55,44.45,2476.22,Two year,DSL,Bank transfer,0,No,No,No,No,No,No
CUST-07310,23,82.29,1940.89,Month-to-month,Fiber optic,Bank transfer,0,Yes,No,No,No,Yes,Yes
CUST-07311,63,38.11,2379.09,Two year,Fiber optic,Electronic check,1,No,No,No,Yes,No,Yes
CUST-07312,6,102.63,773.98,One year,DSL,Bank transfer,0,No,No,No,Yes,No,No
CUST-07313,37,80.55,3002.2,Month-to-month,DSL,Bank transfer,0,Yes,Yes,Yes,No,No,No
CUST-07314,12,49.38,815.2,Month-to-month,No,Mailed check,1,No,No,No,Yes,Yes,Yes
CUST-07315,65,90.12,6004.64,Month-to-month,DSL,Credit card,1,No,No,Yes,Yes,No,No
CUST-07316,31,126.04,4091.22,One year,No,Mailed check,0,No,Yes,No,Yes,No,No
CUST-07317,49,64.56,3239.55,Month-to-month,DSL,Mailed check,1,No,No,No,Yes,Yes,Yes
CUST-07318,64,83.76,5477.84,Month-to-month,Fiber optic,Bank transfer,0,Yes,Yes,Yes,No,Yes,No
CUST-07319,39,59.2,2284.79,Month-to-month,Fiber optic,Electronic check,0,Yes,Yes,No,No,Yes,No
CUST-07320,5,72.13,572.71,Two year,DSL,Bank transfer,0,No,Yes,No,Yes,No,No
CUST-07321,16,32.32,409.08,Month-to-month,Fiber optic,Bank transfer,0,No,Yes,No,No,Yes,Yes
CUST-07322,16,69.99,1302.88,Month-to-month,Fiber optic,Mailed check,0,Yes,Yes,No,Yes,Yes,No
CUST-07323,66,71.09,4678.31,Month-to-month,Fiber optic,Electronic check,0,Yes,No,No,No,No,No
CUST-07324,66,114.97,7453.91,Month-to-month,No,Mailed check,0,No,Yes,Yes,No,Yes,No
CUST-07325,35,25.12,942.65,Month-to-month,No,Electronic check,0,No,No,No,No,No,Yes
CUST-07326,65,62.98,4087.17,One year,DSL,Electronic check,0,No,No,No,Yes,Yes,No
CUST-07327,18,102.2,1905.53,One year,Fiber optic,Credit card,0,No,No,No,No,Yes,No
CUST-07328,49,63.96,3331.82,Month-to-month,DSL,Credit card,0,No,No,Yes,Yes,Yes,No
CUST-07329,29,65.72,1791.67,Two year,DSL,Bank transfer,0,No,Yes,Yes,Yes,Yes,No
CUST-07330,18,49.17,1042.43,Month-to-month,DSL,Credit card,0,Yes,No,Yes,No,No,No
CUST-07331,19,46.68,964.73,Two year,Fiber optic,Bank transfer,0,No,No,No,No,Yes,Yes
CUST-07332,31,24.35,842.94,Month-to-month,Fiber optic,Bank transfer,0,No,No,No,Yes,No,No
CUST-07333,25,54.27,1179.96,Two year,Fiber optic,Bank transfer,1,No,Yes,No,No,No,No
CUST-07334,16,45.27,778.03,Two year,No,Bank transfer,1,No,No,No,No,No,No
CUST-07335,25,72.95,1937.65,Two year,Fiber optic,Bank transfer,0,No,Yes,Yes,No,Yes,No
CUST-07336,10,50.31,708.22,Month-to-month,DSL,Electronic check,0,Yes,No,No,Yes,Yes,Yes
CUST-07337,70,58.01,3907.62,Month-to-month,DSL,Bank transfer,1,No,Yes,Yes,Yes,No,No
CUST-07338,28,58.69,1614.73,Two year,Fiber optic,Mailed check,0,Yes,Yes,Yes,No,No,No
CUST-07339,8,68.8,830.5,Month-to-month,DSL,Electronic check,0,No,No,No,No,Yes,Yes
CUST-07340,42,56.79,2179.86,Month-to-month,DSL,Mailed check,0,No,Yes,No,No,No,Yes
CUST-07341,64,43.46,2901.17,Month-to-month,DSL,Credit card,0,Yes,No,Yes,Yes,Yes,No
CUST-07342,26,72.14,1908.46,Month-to-month,Fiber optic,Mailed check,1,Yes,Yes,No,Yes,Yes,No
CUST-07343,61,96.69,5836.15,Month-to-month,Fiber optic,Mailed check,0,Yes,No,No,Yes,Yes,No
CUST-07344,44,73.21,3186.45,Month-to-month,Fiber optic,Electronic check,1,No,No,No,Yes,Yes,Yes
CUST-07345,54,54.75,3216.53,One year,Fiber optic,Credit card,0,No,Yes,Yes,No,Yes,No
CUST-07346,22,66.92,1565.32,Month-to-month,No,Electronic check,1,Yes,No,No,Yes,No,No
CUST-07347,3,20.0,50.61,Month-to-month,Fiber optic,Credit card,0,Yes,No,Yes,No,No,Yes
CUST-07348,25,66.51,1590.05,Month-to-month,Fiber optic,Credit card,0,Yes,No,No,No,No,Yes
CUST-07349,67,59.99,4115.53,Two year,Fiber optic,Electronic check,0,Yes,No,No,No,Yes,No
CUST-07350,57,46.66,2634.34,One year,DSL,Bank transfer,1,No,Yes,No,No,Yes,No
CUST-07351,57,51.2,2834.19,One year,No,Bank transfer,0,No,No,No,No,Yes,No
CUST-07352,64,59.74,3807.23,One year,Fiber optic,Credit card,0,Yes,No,Yes,Yes,No,No
CUST-07353,27,94.81,2609.2,One year,DSL,Mailed check,0,No,No,No,No,Yes,Yes
CUST-07354,24,97.3,2322.42,Month-to-month,Fiber optic,Bank transfer,0,No,No,Yes,Yes,No,No
CUST-07355,67,46.8,3320.07,One year,Fiber optic,Electronic check,0,No,No,No,Yes,Yes,No
CUST-07356,42,57.05,2482.69,Month-to-month,No,Credit card,0,Yes,No,No,No,No,No
CUST-07357,22,57.69,1244.12,One year,DSL,Credit card,0,No,Yes,No,Yes,Yes,Yes
CUST-07358,21,90.24,1979.86,Month-to-month,DSL,Electronic check,0,Yes,Yes,Yes,Yes,No,No
CUST-07359,64,73.64,4686.86,Two year,No,Electronic check,0,Yes,No,No,No,Yes,No
CUST-07360,4,72.32,276.08,Month-to-month,Fiber optic,Electronic check,0,Yes,Yes,Yes,No,Yes,Yes
CUST-07361,5,83.41,421.6,Month-to-month,DSL,Credit card,0,No,No,No,No,Yes,Yes
CUST-07362,54,55.09,2931.0,One year,Fiber optic,Bank transfer,0,No,Yes,Yes,No,Yes,No
CUST-07363,1,104.1,220.86,Month-to-month,Fiber optic,Mailed check,1,No,No,Yes,No,No,Yes
CUST-07364,13,69.96,1020.08,Month-to-month,DSL,Bank transfer,0,Yes,No,Yes,No,Yes,Yes
CUST-07365,72,48.6,3405.66,Two year,DSL,Bank transfer,0,Yes,No,No,No,Yes,No
CUST-07366,31,64.26,2165.7,One year,DSL,Electronic check,0,Yes,Yes,Yes,No,Yes,No
CUST-07367,53,100.8,5395.95,One year,DSL,Mailed check,0,No,No,No,No,No,Yes
CUST-07368,36,59.37,1928.36,Month-to-month,Fiber optic,Bank transfer,0,Yes,No,No,No,No,No
CUST-07369,7,93.74,680.32,Month-to-month,DSL,Bank transfer,0,Yes,Yes,No,No,Yes,No
CUST-07370,14,54.37,825.85,Month-to-month,Fiber optic,Electronic check,0,No,Yes,No,No,Yes,Yes
CUST-07371,55,50.86,2729.16,One year,Fiber optic,Credit card,0,Yes,No,No,Yes,Yes,No
CUST-07372,7,86.49,847.06,One year,Fiber optic,Electronic check,0,Yes,Yes,Yes,Yes,Yes,Yes
CUST-07373,43,48.15,1982.21,Month-to-month,DSL,Credit card,0,No,No,No,Yes,Yes,No
CUST-07374,26,90.56,2411.61,Month-to-month,Fiber optic,Credit card,0,Yes,Yes,Yes,No,Yes,No
CUST-07375,27,78.79,2059.16,Month-to-month,DSL,Credit card,0,Yes,No,No,Yes,No,No
CUST-07376,69,48.16,3259.68,Month-to-month,No,Bank transfer,0,Yes,No,No,Yes,Yes,No
CUST-07377,44,68.21,3013.46,Month-to-month,DSL,Electronic check,0,Yes,Yes,Yes,Yes,No,Yes
CUST-07378,45,56.28,2451.58,Month-to-month,No,Mailed check,0,No,Yes,No,No,No,No
CUST-07379,26,78.72,2012.41,Month-to-month,Fiber optic,Bank transfer,0,No,No,No,Yes,Yes,Yes
CUST-07380,28,117.19,3215.11,Month-to-month,Fiber optic,Electronic check,0,No,No,Yes,No,No,Yes
CUST-07381,50,60.73,2877.23,Month-to-month,No,Bank transfer,0,Yes,No,No,No,No,No
CUST-07382,3,83.34,218.26,Month-to-month,Fiber optic,Credit card,0,Yes,Yes,No,Yes,No,Yes
CUST-07383,18,70.61,1480.02,Two year,Fiber optic,Bank transfer,1,No,No,No,Yes,Yes,Yes
CUST-07384,44,70.6,3049.22,Month-to-month,DSL,Credit card,0,Yes,No,Yes,No,Yes,Yes
CUST-07385,45,65.87,2958.13,Month-to-month,Fiber optic,Mailed check,0,Yes,Yes,Yes,No,No,Yes
CUST-07386,7,48.56,349.71,Month-to-month,DSL,Mailed check,0,Yes,No,Yes,No,No,Yes
CUST-07387,57,78.38,4642.51,Month-to-month,Fiber optic,Electronic check,0,No,No,No,No,Yes,Yes
CUST-07388,40,62.78,2555.62,Month-to-month,No,Mailed check,0,No,No,No,Yes,No,No
CUST-07389,18,47.38,762.69,Month-to-month,Fiber optic,Electronic check,0,Yes,No,Yes,Yes,Yes,Yes
CUST-07390,55,95.35,5073.74,Month-to-month,DSL,Bank transfer,0,Yes,No,No,No,Yes,No
CUST-07391,72,72.48,5124.65,Two year,No,Credit card,0,No,No,No,Yes,No,No
CUST-07392,31,64.3,2005.46,Two year,DSL,Electronic check,0,Yes,No,Yes,Yes,Yes,No
CUST-07393,21,103.5,2055.37,Month-to-month,No,Bank transfer,0,Yes,Yes,Yes,No,Yes,No
CUST-07394,22,24.1,662.93,Month-to-month,Fiber optic,Bank transfer,1,Yes,No,Yes,No,Yes,No
CUST-07395,43,101.82,4343.94,Two year,DSL,Mailed check,0,Yes,No,No,Yes,Yes,No
CUST-07396,4,48.0,326.72,Month-to-month,DSL,Electronic check,0,Yes,No,Yes,No,No,No
CUST-07397,35,75.29,2595.98,Two year,No,Bank transfer,0,No,Yes,No,No,No,No
CUST-07398,2,55.3,26.71,One year,DSL,Electronic check,1,Yes,No,No,No,Yes,Yes
CUST-07399,3,46.92,43.21,Month-to-month,No,Electronic check,0,Yes,No,No,No,Yes,Yes
CUST-07400,31,102.85,3238.43,Month-to-month,Fiber optic,Bank transfer,0,No,No,No,No,Yes,No
CUST-07401,54,116.41,6413.33,Month-to-month,Fiber optic,Electronic check,0,No,No,No,No,Yes,Yes
CUST-07402,64,64.47,4170.83,Two year,Fiber optic,Mailed check,0,No,No,No,No,Yes,No
CUST-07403,7,78.39,428.18,Month-to-month,Fiber optic,Electronic check,1,Yes,No,No,Yes,Yes,Yes
CUST-07404,18,71.42,1293.93,One year,Fiber optic,Bank transfer,0,Yes,No,No,No,Yes,Yes
CUST-07405,31,113.26,3493.36,Month-to-month,Fiber optic,Electronic check,0,No,No,Yes,No,No,Yes
CUST-07406,42,20.0,623.52,Two year,Fiber optic,Mailed check,0,No,Yes,Yes,No,Yes,No
CUST-07407,72,79.43,5722.72,One year,DSL,Mailed check,0,Yes,No,No,No,No,No
CUST-07408,50,51.82,2679.64,Month-to-month,Fiber optic,Mailed check,0,No,No,No,Yes,Yes,No
CUST-07409,39,20.0,943.01,Month-to-month,Fiber optic,Bank transfer,0,No,No,No,No,Yes,Yes
CUST-07410,5,60.99,386.83,Month-to-month,Fiber optic,Credit card,0,Yes,No,No,No,Yes,Yes
CUST-07411,6,116.2,537.83,Two year,Fiber optic,Bank transfer,0,No,Yes,Yes,No,No,No
CUST-07412,12,53.6,556.14,One year,Fiber optic,Mailed check,0,No,No,Yes,Yes,Yes,No
CUST-07413,48,89.77,4403.2,Month-to-month,DSL,Bank transfer,0,Yes,No,No,No,Yes,No
CUST-07414,24,99.97,2285.08,Two year,No,Bank transfer,0,No,Yes,No,No,No,No
CUST-07415,18,69.68,1314.75,Month-to-month,Fiber optic,Electronic check,1,No,No,Yes,Yes,No,Yes
CUST-07416,49,73.01,3528.96,Month-to-month,No,Mailed check,1,No,No,No,No,No,No
CUST-07417,59,27.09,1592.12,Two year,Fiber optic,Bank transfer,0,Yes,Yes,No,No,No,No
CUST-07418,32,52.1,1555.22,Month-to-month,Fiber optic,Credit card,0,No,Yes,No,Yes,No,No
CUST-07419,64,92.68,5966.21,Two year,Fiber optic,Electronic check,0,Yes,No,Yes,No,No,No
CUST-07420,53,71.52,3747.87,Month-to-month,DSL,Bank transfer,0,Yes,Yes,No,No,Yes,No
CUST-07421,52,79.18,4294.7,One year,DSL,Electronic check,1,Yes,No,No,Yes,Yes,No
CUST-07422,63,73.33,4574.18,Month-to-month,Fiber optic,Electronic check,0,No,No,No,Yes,Yes,Yes
CUST-07423,14,124.8,1982.62,Month-to-month,DSL,Electronic check,0,Yes,No,No,No,Yes,Yes
CUST-07424,55,59.24,3308.76,Month-to-month,DSL,Electronic check,0,No,No,No,No,No,Yes
CUST-07425,69,110.14,7579.71,One year,Fiber optic,Electronic check,1,Yes,No,No,No,Yes,No
CUST-07426,72,73.34,5211.21,Month-to-month,DSL,Bank transfer,0,No,Yes,No,No,Yes,No
CUST-07427,42,112.35,4700.2,Month-to-month,DSL,Credit card,1,Yes,No,No,No,No,No
CUST-07428,55,39.38,2121.82,Month-to-month,Fiber optic,Credit card,1,Yes,No,No,No,Yes,Yes
CUST-07429,64,74.62,4775.91,Month-to-month,DSL,Bank transfer,0,Yes,No,Yes,Yes,Yes,No
CUST-07430,62,60.16,3705.48,One year,DSL,Electronic check,0,Yes,Yes,Yes,Yes,Yes,No
CUST-07431,65,73.49,4933.79,One year,DSL,Credit card,0,No,No,No,No,Yes,No
CUST-07432,60,100.56,6106.71,One year,Fiber optic,Bank transfer,0,No,No,No,No,Yes,No
CUST-07433,28,79.47,2324.69,Month-to-month,No,Electronic check,0,No,No,Yes,Yes,Yes,Yes
CUST-07434,53,100.51,5445.41,Month-to-month,DSL,Bank transfer,1,Yes,Yes,No,No,No,No
CUST-07435,30,53.24,1554.78,Month-to-month,Fiber optic,Bank transfer,0,No,No,No,Yes,Yes,No
CUST-07436,58,49.43,2743.12,Month-to-month,DSL,Mailed check,0,Yes,No,No,No,Yes,No
CUST-07437,59,70.4,4193.52,Two year,Fiber optic,Bank transfer,0,No,Yes,No,No,Yes,No
CUST-07438,68,69.03,4696.13,Month-to-month,DSL,Bank transfer,0,Yes,No,No,No,Yes,No
CUST-07439,43,65.35,2796.15,Two year,Fiber optic,Bank transfer,0,No,No,Yes,No,Yes,No
CUST-07440,35,46.03,1848.21,Month-to-month,Fiber optic,Mailed check,0,Yes,Yes,No,No,Yes,No
CUST-07441,12,99.97,1259.75,One year,Fiber optic,Credit card,0,No,No,Yes,Yes,Yes,Yes
CUST-07442,46,60.93,2700.01,One year,DSL,Bank transfer,0,No,Yes,No,No,Yes,No
CUST-07443,41,105.65,4360.22,One year,Fiber optic,Mailed check,0,No,Yes,Yes,Yes,Yes,No
CUST-07444,38,70.32,2719.05,One year,DSL,Credit card,0,No,No,No,No,Yes,No
CUST-07445,49,86.21,4153.99,Month-to-month,Fiber optic,Electronic check,0,No,No,No,Yes,No,Yes
CUST-07446,62,83.94,5283.67,One year,Fiber optic,Credit card,0,Yes,Yes,Yes,No,Yes,No
CUST-07447,11,49.39,429.96,Month-to-month,Fiber optic,Bank transfer,0,Yes,Yes,No,Yes,Yes,Yes
CUST-07448,32,79.18,2453.28,Month-to-month,Fiber optic,Bank transfer,0,Yes,Yes,Yes,Yes,Yes,Yes
CUST-07449,53,118.21,6234.92,Month-to-month,Fiber optic,Mailed check,1,Yes,Yes,Yes,No,No,No
CUST-07450,60,76.29,4536.2,Month-to-month,Fiber optic,Mailed check,0,Yes,No,Yes,Yes,Yes,No
CUST-07451,57,92.53,5286.13,Two year,DSL,Credit card,0,No,No,No,No,No,No
CUST-07452,58,87.33,4990.52,Month-to-month,Fiber optic,Bank transfer,0,No,No,No,No,No,Yes
CUST-07453,62,77.68,4856.02,Month-to-month,Fiber optic,Electronic check,0,Yes,No,No,No,Yes,Yes
CUST-07454,70,74.66,5259.84,Month-to-month,Fiber optic,Credit card,0,No,Yes,No,No,No,Yes
CUST-07455,44,83.68,3360.37,One year,Fiber optic,Electronic check,1,No,No,No,Yes,No,No
CUST-07456,18,89.08,1737.11,One year,Fiber optic,Mailed check,0,No,Yes,No,No,No,No
CUST-07457,41,36.2,1533.91,Two year,Fiber optic,Mailed check,0,No,No,Yes,No,Yes,No
CUST-07458,52,76.18,3943.83,One year,DSL,Mailed check,0,No,No,Yes,Yes,No,No
CUST-07459,8,65.4,440.3,Month-to-month,Fiber optic,Mailed check,0,Yes,No,No,No,No,Yes
CUST-07460,55,60.21,3381.17,Month-to-month,No,Electronic check,0,No,No,No,No,Yes,Yes
CUST-07461,40,102.4,4032.76,Month-to-month,DSL,Bank transfer,0,Yes,No,No,No,Yes,No
CUST-07462,68,51.67,3470.44,One year,DSL,Bank transfer,0,Yes,Yes,Yes,Yes,Yes,No
CUST-07463,16,35.13,532.07,Two year,Fiber optic,Credit card,0,No,No,No,Yes,No,No
CUST-07464,66,89.89,5894.47,Month-to-month,DSL,Mailed check,0,Yes,No,Yes,No,Yes,No
CUST-07465,33,34.49,1112.2,Month-to-month,Fiber optic,Bank transfer,0,Yes,Yes,No,No,Yes,No
CUST-07466,42,21.8,749.62,One year,Fiber optic,Electronic check,0,Yes,No,No,No,Yes,No
CUST-07467,48,92.71,4492.06,One year,Fiber optic,Mailed check,0,Yes,No,No,Yes,No,No
CUST-07468,42,73.97,3024.3,One year,No,Bank transfer,0,Yes,No,No,No,No,No
CUST-07469,66,81.82,5384.84,Month-to-month,No,Mailed check,0,Yes,Yes,No,No,No,No
CUST-07470,13,58.94,716.84,Month-to-month,Fiber optic,Credit card,0,Yes,No,No,No,No,Yes
CUST-07471,53,35.39,1873.61,Month-to-month,No,Mailed check,0,No,No,Yes,Yes,No,No
CUST-07472,71,40.36,2847.34,Month-to-month,DSL,Electronic check,0,Yes,Yes,No,No,Yes,No
CUST-07473,16,63.2,968.94,One year,DSL,Credit card,0,No,No,No,No,No,No
CUST-07474,19,38.19,739.46,Month-to-month,Fiber optic,Bank transfer,0,No,Yes,No,Yes,Yes,Yes
CUST-07475,35,77.68,2806.62,Month-to-month,Fiber optic,Electronic check,0,No,No,No,No,Yes,No
CUST-07476,53,58.44,3127.81,Two year,DSL,Credit card,0,Yes,No,No,Yes,Yes,No
CUST-07477,70,74.63,5329.9,Month-to-month,Fiber optic,Electronic check,1,No,Yes,Yes,No,No,Yes
CUST-07478,58,73.88,4407.88,Month-to-month,DSL,Credit card,0,Yes,No,Yes,No,No,No
CUST-07479,58,79.67,4575.75,Two year,DSL,Mailed check,1,No,No,No,No,No,No
CUST-07480,32,82.49,2801.8,Month-to-month,Fiber optic,Mailed check,0,Yes,No,No,No,No,No
CUST-07481,47,61.4,2846.07,One year,No,Electronic check,0,Yes,No,No,No,Yes,No
CUST-07482,16,74.6,1064.31,Month-to-month,Fiber optic,Electronic check,0,Yes,No,No,Yes,No,Yes
CUST-07483,34,75.9,2602.47,Two year,Fiber optic,Credit card,0,No,Yes,No,No,Yes,No
CUST-07484,14,20.0,336.36,Month-to-month,Fiber optic,Mailed check,0,Yes,No,Yes,Yes,Yes,Yes
CUST-07485,2,86.16,369.0,Month-to-month,DSL,Bank transfer,1,Yes,No,No,No,Yes,Yes
CUST-07486,62,73.75,4658.12,Two year,Fiber optic,Mailed check,0,Yes,Yes,No,Yes,Yes,No
CUST-07487,58,84.1,5006.2,One year,Fiber optic,Mailed check,0,No,No,No,No,Yes,No
CUST-07488,37,37.83,1525.56,Month-to-month,Fiber optic,Mailed check,0,Yes,No,No,No,Yes,Yes
CUST-07489,2,62.11,66.41,Month-to-month,Fiber optic,Mailed check,0,No,Yes,No,No,No,Yes
CUST-07490,7,42.71,352.19,Month-to-month,No,Bank transfer,0,No,No,No,Yes,Yes,Yes
CUST-07491,9,88.62,735.6,Month-to-month,Fiber optic,Mailed check,0,No,Yes,Yes,Yes,Yes,Yes
CUST-07492,52,34.87,1824.22,Month-to-month,DSL,Credit card,0,Yes,Yes,Yes,Yes,Yes,No
CUST-07493,15,46.78,708.63,Month-to-month,No,Credit card,0,No,No,Yes,Yes,Yes,No
CUST-07494,19,83.36,1617.93,Two year,DSL,Bank transfer,0,Yes,No,No,No,No,No
CUST-07495,62,54.27,3528.11,One year,No,Electronic check,0,Yes,No,No,Yes,Yes,No
CUST-07496,64,46.79,3129.23,Two year,Fiber optic,Credit card,0,No,Yes,No,No,No,No
CUST-07497,55,92.67,5097.85,Month-to-month,Fiber optic,Bank transfer,0,No,Yes,No,No,Yes,Yes
CUST-07498,23,93.69,2119.42,Month-to-month,Fiber optic,Bank transfer,0,No,No,No,No,No,Yes
CUST-07499,42,88.05,3820.02,One year,Fiber optic,Bank transfer,0,No,Yes,Yes,No,No,No
CUST-07500,15,91.22,1392.29,Month-to-month,Fiber optic,Bank transfer,0,Yes,Yes,No,Yes,Yes,Yes
CUST-07501,62,64.21,4113.98,Month-to-month,Fiber optic,Bank transfer,0,Yes,Yes,Yes,No,Yes,No
CUST-07502,7,64.89,221.18,Two year,Fiber optic,Electronic check,0,No,No,No,No,No,Yes
CUST-07503,54,53.8,2908.77,One year,Fiber optic,Credit card,0,Yes,No,No,No,Yes,No
CUST-07504,37,74.19,2874.17,Month-to-month,Fiber optic,Credit card,0,No,No,No,No,Yes,No
CUST-07505,55,56.8,3003.2,Month-to-month,Fiber optic,Credit card,0,Yes,No,Yes,Yes,Yes,No
CUST-07506,33,59.17,1805.29,Month-to-month,DSL,Bank transfer,0,Yes,No,Yes,Yes,Yes,No
CUST-07507,12,85.0,876.77,One year,Fiber optic,Mailed check,0,No,No,No,No,Yes,No
CUST-07508,55,99.61,5491.74,Month-to-month,Fiber optic,Mailed check,0,No,No,No,Yes,No,Yes
CUST-07509,46,79.96,3610.16,Two year,Fiber optic,Credit card,1,No,No,No,Yes,Yes,Yes
CUST-07510,34,114.86,3945.32,Month-to-month,Fiber optic,Electronic check,1,No,No,Yes,No,Yes,Yes
CUST-07511,27,52.36,1511.03,Month-to-month,No,Bank transfer,0,No,No,No,No,No,No
CUST-07512,25,24.05,536.63,One year,DSL,Bank transfer,0,Yes,No,No,Yes,No,No
CUST-07513,35,87.87,3128.33,Two year,Fiber optic,Electronic check,0,No,No,No,No,No,No
CUST-07514,19,50.7,972.27,Two year,Fiber optic,Electronic check,0,Yes,Yes,No,No,Yes,No
CUST-07515,21,63.16,1125.19,Month-to-month,DSL,Electronic check,1,Yes,No,No,No,Yes,Yes
CUST-07516,21,25.76,444.66,Month-to-month,DSL,Credit card,0,No,Yes,No,No,Yes,Yes
CUST-07517,1,47.52,99.79,One year,Fiber optic,Mailed check,0,No,Yes,Yes,No,No,Yes
CUST-07518,67,32.44,2234.37,Two year,DSL,Electronic check,0,Yes,Yes,No,No,Yes,Yes
CUST-07519,18,59.14,924.5,Two year,Fiber optic,Credit card,0,No,No,No,Yes,Yes,Yes
CUST-07520,12,60.14,708.41,Month-to-month,No,Bank transfer,0,Yes,No,No,Yes,Yes,No
CUST-07521,11,72.25,579.64,One year,DSL,Electronic check,1,Yes,Yes,No,Yes,Yes,Yes
CUST-07522,72,100.99,7269.11,Month-to-month,Fiber optic,Mailed check,0,No,No,No,Yes,Yes,No
CUST-07523,35,86.92,3102.33,Month-to-month,DSL,Mailed check,0,Yes,No,No,No,No,Yes
CUST-07524,24,29.45,549.36,Month-to-month,Fiber optic,Mailed check,0,No,No,Yes,No,Yes,Yes
CUST-07525,30,85.2,2454.86,Month-to-month,Fiber optic,Credit card,0,No,No,Yes,Yes,No,Yes
CUST-07526,7,72.79,374.91,Month-to-month,Fiber optic,Credit card,1,Yes,No,No,No,No,No
CUST-07527,23,67.55,1571.65,Month-to-month,Fiber optic,Electronic check,0,Yes,No,No,Yes,No,No
CUST-07528,18,69.43,1326.75,One year,Fiber optic,Mailed check,0,No,Yes,No,Yes,Yes,No
CUST-07529,58,75.11,4522.39,One year,Fiber optic,Bank transfer,0,No,No,Yes,Yes,No,No
CUST-07530,5,52.7,111.95,Month-to-month,No,Electronic check,0,No,Yes,No,Yes,No,Yes
CUST-07531,31,65.44,2024.62,One year,No,Bank transfer,0,No,No,Yes,No,Yes,No
CUST-07532,57,99.6,5777.12,Month-to-month,Fiber optic,Electronic check,0,Yes,Yes,No,Yes,No,Yes
CUST-07533,61,52.4,3225.86,Month-to-month,DSL,Bank transfer,1,No,No,Yes,No,Yes,No
CUST-07534,37,44.25,1499.48,Two year,Fiber optic,Electronic check,0,Yes,Yes,No,No,Yes,No
CUST-07535,17,68.46,1145.32,Month-to-month,No,Bank transfer,0,Yes,No,No,Yes,Yes,Yes
CUST-07536,25,41.74,1144.34,Month-to-month,Fiber optic,Mailed check,0,Yes,No,No,No,No,No
CUST-07537,17,26.93,459.57,One year,Fiber optic,Credit card,0,Yes,No,Yes,No,Yes,Yes
CUST-07538,48,61.39,3014.53,Month-to-month,Fiber optic,Electronic check,0,No,No,No,No,No,No
CUST-07539,22,106.22,2431.06,Month-to-month,Fiber optic,Credit card,0,No,No,No,Yes,No,Yes
CUST-07540,46,69.03,3035.06,One year,Fiber optic,Mailed check,0,Yes,No,Yes,No,No,No
CUST-07541,48,74.46,3491.99,One year,No,Mailed check,0,No,No,No,No,Yes,No
CUST-07542,68,20.0,1289.19,Month-to-month,DSL,Bank transfer,0,No,No,No,Yes,Yes,No
CUST-07543,27,80.95,2174.95,Two year,DSL,Bank transfer,0,No,No,No,No,Yes,No
CUST-07544,70,72.33,5055.67,Month-to-month,Fiber optic,Credit card,0,Yes,No,No,No,Yes,No
CUST-07545,29,53.38,1637.25,Month-to-month,Fiber optic,Credit card,0,Yes,Yes,No,Yes,No,No
CUST-07546,50,74.5,3647.85,Month-to-month,Fiber optic,Electronic check,0,Yes,No,No,No,Yes,No
CUST-07547,48,74.25,3712.18,Month-to-month,DSL,Mailed check,1,Yes,Yes,No,Yes,Yes,No
CUST-07548,59,43.51,2709.06,Two year,Fiber optic,Credit card,0,No,No,No,No,No,Yes
CUST-07549,34,78.3,2751.62,One year,Fiber optic,Credit card,0,Yes,No,Yes,Yes,No,Yes
CUST-07550,58,99.93,5966.44,Month-to-month,Fiber optic,Credit card,0,Yes,No,No,No,Yes,No
CUST-07551,26,64.3,1653.65,Month-to-month,Fiber optic,Credit card,0,Yes,Yes,No,Yes,No,No
CUST-07552,36,48.31,1590.44,Month-to-month,Fiber optic,Bank transfer,0,No,Yes,No,No,Yes,Yes
CUST-07553,36,65.56,2231.47,One year,Fiber optic,Credit card,1,No,No,No,Yes,Yes,No
CUST-07554,51,91.37,4678.9,Month-to-month,DSL,Bank transfer,0,Yes,Yes,No,No,Yes,No
CUST-07555,45,39.34,1731.7,Two year,Fiber optic,Credit card,0,No,Yes,No,Yes,No,No
CUST-07556,6,84.46,433.72,Month-to-month,Fiber optic,Mailed check,1,Yes,Yes,Yes,No,Yes,No
CUST-07557,59,53.05,3210.87,Month-to-month,DSL,Credit card,0,Yes,Yes,Yes,Yes,No,No
CUST-07558,55,76.05,4169.43,Two year,No,Electronic check,1,No,Yes,No,No,Yes,No
CUST-07559,8,55.89,315.11,Two year,Fiber optic,Credit card,1,No,No,No,Yes,Yes,Yes
CUST-07560,70,55.82,3789.0,Month-to-month,DSL,Credit card,0,Yes,No,No,No,Yes,No
CUST-07561,48,108.08,5287.66,Month-to-month,Fiber optic,Credit card,1,Yes,Yes,No,No,Yes,Yes
CUST-07562,7,34.77,99.49,Two year,DSL,Credit card,0,No,No,No,No,No,No
CUST-07563,36,82.13,2824.33,One year,Fiber optic,Mailed check,0,No,No,No,Yes,No,No
CUST-07564,61,113.28,7025.95,One year,DSL,Mailed check,0,No,Yes,No,Yes,Yes,No
CUST-07565,21,87.14,1905.56,One year,DSL,Electronic check,0,Yes,No,No,No,No,Yes
CUST-07566,68,36.72,2643.9,Two year,Fiber optic,Electronic check,0,No,No,Yes,No,No,No
CUST-07567,31,37.96,1259.76,Month-to-month,Fiber optic,Credit card,0,No,No,Yes,No,No,No
CUST-07568,17,51.21,930.87,Month-to-month,DSL,Electronic check,0,No,No,Yes,Yes,Yes,Yes
CUST-07569,26,73.95,1947.75,Month-to-month,DSL,Electronic check,0,Yes,Yes,No,No,Yes,Yes
CUST-07570,38,75.65,2901.27,One year,DSL,Mailed check,0,Yes,Yes,No,No,Yes,No
CUST-07571,50,38.21,2018.75,Month-to-month,DSL,Mailed check,0,No,No,Yes,No,Yes,Yes
CUST-07572,67,48.18,3141.34,Month-to-month,Fiber optic,Credit card,0,Yes,No,No,No,No,No
CUST-07573,15,49.71,718.9,One year,DSL,Electronic check,0,No,No,No,Yes,No,No
CUST-07574,70,65.48,4475.98,Month-to-month,Fiber optic,Electronic check,1,Yes,No,No,Yes,Yes,Yes
CUST-07575,38,119.62,4567.4,Two year,Fiber optic,Mailed check,0,Yes,No,No,No,No,No
CUST-07576,10,46.67,535.12,Month-to-month,DSL,Bank transfer,1,No,Yes,No,No,No,No
CUST-07577,67,45.58,3101.84,One year,Fiber optic,Mailed check,0,Yes,Yes,Yes,No,Yes,No
CUST-07578,26,41.67,983.07,One year,Fiber optic,Credit card,0,Yes,Yes,No,Yes,Yes,No
CUST-07579,45,85.89,3977.42,Month-to-month,Fiber optic,Electronic check,0,No,No,No,No,Yes,Yes
CUST-07580,51,68.97,3454.57,Month-to-month,Fiber optic,Mailed check,1,Yes,No,Yes,No,Yes,Yes
CUST-07581,1,47.59,21.17,Month-to-month,DSL,Bank transfer,0,Yes,No,No,Yes,No,No
CUST-07582,16,60.93,1072.34,One year,Fiber optic,Bank transfer,1,Yes,Yes,No,Yes,No,No
CUST-07583,50,50.21,2516.98,One year,No,Bank transfer,0,Yes,Yes,No,Yes,No,No
CUST-07584,24,77.4,1834.86,Month-to-month,Fiber optic,Mailed check,0,Yes,Yes,Yes,Yes,No,No
CUST-07585,1,130.0,381.6,Month-to-month,Fiber optic,Electronic check,1,Yes,No,No,Yes,Yes,Yes
CUST-07586,2,83.77,199.85,Two year,Fiber optic,Electronic check,0,Yes,No,No,No,Yes,Yes
CUST-07587,60,67.68,4064.36,Month-to-month,No,Electronic check,0,No,Yes,Yes,No,Yes,No
CUST-07588,12,53.38,615.55,Two year,DSL,Bank transfer,0,No,No,No,Yes,Yes,No
CUST-07589,8,36.41,253.3,Month-to-month,Fiber optic,Credit card,0,No,No,No,No,No,No
CUST-07590,41,88.34,3628.54,Month-to-month,Fiber optic,Electronic check,0,No,No,Yes,No,No,Yes
CUST-07591,9,86.98,705.57,Month-to-month,Fiber optic,Electronic check,0,No,Yes,No,No,Yes,Yes
CUST-07592,48,58.35,2719.4,Month-to-month,Fiber optic,Bank transfer,0,No,Yes,No,Yes,No,No
CUST-07593,40,100.33,3973.15,Two year,Fiber optic,Bank transfer,0,No,Yes,No,Yes,Yes,No
CUST-07594,47,70.53,3384.76,One year,Fiber optic,Mailed check,0,No,No,No,Yes,Yes,No
CUST-07595,36,89.37,3319.21,One year,Fiber optic,Electronic check,0,No,No,Yes,Yes,Yes,Yes
CUST-07596,57,77.4,4235.18,One year,DSL,Credit card,0,Yes,Yes,No,No,Yes,No
CUST-07597,47,65.57,3111.15,One year,No,Bank transfer,0,No,No,Yes,Yes,No,No
CUST-07598,30,46.13,1366.8,One year,DSL,Bank transfer,0,Yes,No,No,Yes,No,No
CUST-07599,2,66.36,388.02,One year,DSL,Electronic check,0,No,Yes,Yes,Yes,No,No
CUST-07600,20,91.05,1796.31,Two year,DSL,Credit card,0,No,Yes,No,No,Yes,No
CUST-07601,10,57.3,459.44,One year,Fiber optic,Electronic check,0,Yes,Yes,No,No,Yes,Yes
CUST-07602,2,80.99,239.15,Month-to-month,Fiber optic,Bank transfer,0,Yes,No,No,No,Yes,Yes
CUST-07603,20,42.93,932.53,Month-to-month,Fiber optic,Bank transfer,0,No,No,No,No,No,Yes
CUST-07604,15,89.5,1320.19,Month-to-month,Fiber optic,Bank transfer,0,Yes,Yes,No,No,Yes,Yes
CUST-07605,6,77.82,511.78,Month-to-month,DSL,Bank transfer,0,No,Yes,Yes,No,Yes,Yes
CUST-07606,23,39.95,1032.03,Month-to-month,DSL,Mailed check,0,Yes,No,No,Yes,No,No
CUST-07607,37,64.4,2512.28,Month-to-month,No,Mailed check,0,No,No,Yes,No,Yes,No
CUST-07608,13,93.29,1268.2,Month-to-month,Fiber optic,Mailed check,0,No,Yes,No,No,No,No
CUST-07609,20,38.52,705.96,Two year,No,Credit card,0,No,Yes,No,No,No,No
CUST-07610,2,43.23,0.0,One year,DSL,Bank transfer,0,Yes,Yes,No,No,No,Yes
CUST-07611,4,68.26,207.61,Month-to-month,No,Mailed check,0,No,Yes,No,No,Yes,Yes
CUST-07612,12,123.33,1577.54,Two year,No,Bank transfer,0,Yes,No,No,No,No,No
CUST-07613,33,53.19,1810.76,Two year,Fiber optic,Credit card,0,Yes,No,No,Yes,No,No
CUST-07614,48,82.38,3772.13,Two year,Fiber optic,Bank transfer,0,No,No,No,No,No,No
CUST-07615,57,76.5,4164.49,Month-to-month,DSL,Mailed check,0,No,No,No,Yes,Yes,No
CUST-07616,46,55.26,2284.46,Month-to-month,Fiber optic,Electronic check,0,No,No,No,No,Yes,Yes
CUST-07617,45,74.03,3377.72,Month-to-month,Fiber optic,Credit card,1,No,No,Yes,Yes,Yes,Yes
CUST-07618,68,58.8,3963.21,One year,Fiber optic,Electronic check,0,Yes,Yes,Yes,No,Yes,No
CUST-07619,19,61.05,1123.7,One year,DSL,Bank transfer,0,Yes,No,No,No,Yes,No
CUST-07620,58,28.47,1646.04,One year,Fiber optic,Electronic check,0,Yes,No,No,No,No,Yes
CUST-07621,68,69.39,4675.45,One year,Fiber optic,Credit card,0,No,No,No,No,No,No
CUST-07622,41,92.48,3736.51,Two year,Fiber optic,Electronic check,0,Yes,No,No,No,Yes,Yes
CUST-07623,61,71.44,4500.35,One year,Fiber optic,Bank transfer,0,No,No,No,No,Yes,No
CUST-07624,10,97.26,1054.09,Two year,No,Credit card,0,Yes,Yes,No,No,No,No
CUST-07625,64,84.51,5502.58,Two year,DSL,Bank transfer,1,Yes,Yes,No,No,Yes,No
CUST-07626,41,68.51,2963.81,Month-to-month,DSL,Bank transfer,0,Yes,Yes,Yes,No,Yes,No
CUST-07627,16,54.3,980.07,Two year,DSL,Bank transfer,0,No,Yes,No,No,Yes,No
CUST-07628,5,57.84,189.04,Month-to-month,Fiber optic,Bank transfer,0,Yes,No,No,No,Yes,No
CUST-07629,52,33.24,1787.06,Month-to-month,Fiber optic,Credit card,0,Yes,No,No,No,Yes,Yes
CUST-07630,32,63.32,1843.43,Two year,Fiber optic,Electronic check,0,Yes,No,No,Yes,Yes,No
CUST-07631,23,73.65,1616.57,Month-to-month,No,Credit card,0,Yes,No,No,Yes,No,Yes
CUST-07632,29,112.89,3371.36,Month-to-month,Fiber optic,Credit card,0,Yes,No,No,No,No,Yes
CUST-07633,72,83.21,5928.91,Two year,DSL,Credit card,0,No,Yes,No,No,Yes,No
CUST-07634,31,48.38,1544.39,Month-to-month,Fiber optic,Electronic check,0,No,Yes,Yes,No,No,No
CUST-07635,6,34.02,367.79,Month-to-month,Fiber optic,Electronic check,0,No,No,Yes,Yes,No,Yes
CUST-07636,21,64.84,1355.09,Month-to-month,Fiber optic,Electronic check,0,No,Yes,Yes,No,Yes,Yes
CUST-07637,11,90.29,966.6,Month-to-month,DSL,Mailed check,1,Yes,No,Yes,No,Yes,Yes
CUST-07638,50,64.48,3196.12,Month-to-month,Fiber optic,Credit card,0,No,No,No,No,Yes,No
CUST-07639,58,83.55,4807.4,Month-to-month,Fiber optic,Credit card,0,Yes,No,Yes,No,No,No
CUST-07640,61,65.47,3947.59,Two year,DSL,Bank transfer,0,Yes,Yes,Yes,No,Yes,No
CUST-07641,46,87.93,4032.8,Month-to-month,No,Mailed check,0,Yes,No,No,No,Yes,Yes
CUST-07642,56,30.07,1719.22,One year,DSL,Electronic check,0,No,No,No,Yes,Yes,Yes
CUST-07643,31,110.1,3386.86,Month-to-month,No,Bank transfer,0,Yes,No,No,Yes,No,Yes
CUST-07644,46,42.19,1913.63,Month-to-month,DSL,Electronic check,0,Yes,No,No,No,No,No
CUST-07645,8,89.84,726.32,One year,No,Electronic check,0,Yes,No,No,No,Yes,Yes
CUST-07646,39,63.2,2351.11,Month-to-month,Fiber optic,Mailed check,0,Yes,No,No,No,Yes,No
CUST-07647,41,67.1,2731.31,Month-to-month,DSL,Credit card,0,No,No,Yes,Yes,Yes,No
CUST-07648,3,63.97,258.98,Month-to-month,DSL,Bank transfer,0,No,Yes,No,No,Yes,Yes
CUST-07649,40,76.39,2938.78,Month-to-month,Fiber optic,Electronic check,0,No,No,No,No,Yes,Yes
CUST-07650,53,81.44,4366.34,Month-to-month,Fiber optic,Electronic check,0,No,Yes,No,Yes,Yes,Yes
CUST-07651,27,96.46,2675.18,Month-to-month,DSL,Credit card,0,No,No,No,No,Yes,Yes
CUST-07652,40,105.2,4388.94,Month-to-month,DSL,Bank transfer,0,No,No,No,No,Yes,Yes
CUST-07653,21,78.3,1677.71,Month-to-month,Fiber optic,Bank transfer,0,No,Yes,No,No,Yes,Yes
CUST-07654,20,112.84,2182.72,Month-to-month,Fiber optic,Mailed check,0,Yes,Yes,Yes,Yes,Yes,Yes
CUST-07655,10,72.32,718.02,Two year,Fiber optic,Credit card,0,Yes,Yes,No,Yes,No,No
CUST-07656,24,96.94,2274.45,Month-to-month,DSL,Bank transfer,0,No,Yes,No,No,No,No
CUST-07657,58,80.72,4662.93,One year,Fiber optic,Electronic check,0,No,Yes,No,No,No,No
CUST-07658,68,56.27,3695.84,One year,DSL,Bank transfer,0,No,Yes,No,No,Yes,No
CUST-07659,46,74.53,3421.53,Month-to-month,Fiber optic,Mailed check,0,Yes,No,No,No,Yes,No
CUST-07660,45,82.58,3843.46,Month-to-month,DSL,Credit card,0,No,No,Yes,No,Yes,No
CUST-07661,45,69.2,3246.1,Month-to-month,No,Bank transfer,0,No,Yes,Yes,No,Yes,No
CUST-07662,35,80.32,2878.8,Month-to-month,Fiber optic,Electronic check,0,No,Yes,No,No,Yes,No
CUST-07663,31,91.63,2762.05,Month-to-month,Fiber optic,Electronic check,0,Yes,Yes,Yes,Yes,No,No
CUST-07664,45,69.42,3176.36,Month-to-month,Fiber optic,Electronic check,0,No,Yes,Yes,No,No,No
CUST-07665,57,20.0,1122.12,Two year,No,Electronic check,1,Yes,Yes,No,No,Yes,No
CUST-07666,30,111.96,3329.41,One year,Fiber optic,Electronic check,1,Yes,Yes,Yes,No,Yes,Yes
CUST-07667,41,62.56,2684.66,Month-to-month,Fiber optic,Bank transfer,0,No,Yes,No,Yes,Yes,No
CUST-07668,34,49.42,1649.33,Two year,No,Electronic check,0,Yes,No,No,Yes,No,No
CUST-07669,21,41.9,845.16,Month-to-month,DSL,Mailed check,1,Yes,Yes,Yes,Yes,No,No
CUST-07670,21,61.59,1341.55,Month-to-month,Fiber optic,Mailed check,0,No,No,No,Yes,No,No
CUST-07671,6,55.93,201.07,Month-to-month,Fiber optic,Bank transfer,1,No,No,Yes,No,No,Yes
CUST-07672,32,51.57,1633.58,Two year,Fiber optic,Electronic check,0,No,Yes,Yes,No,Yes,No
CUST-07673,52,52.95,2881.75,Month-to-month,No,Mailed check,0,Yes,Yes,Yes,No,Yes,Yes
CUST-07674,50,83.24,4312.01,One year,Fiber optic,Credit card,0,Yes,No,Yes,Yes,Yes,No
CUST-07675,71,120.76,8486.8,One year,Fiber optic,Electronic check,0,Yes,Yes,Yes,No,Yes,No
CUST-07676,3,90.51,174.73,Month-to-month,No,Credit card,0,Yes,No,No,No,No,Yes
CUST-07677,55,98.06,5336.49,Month-to-month,Fiber optic,Electronic check,0,Yes,No,No,No,No,Yes
CUST-07678,58,60.56,3187.7,Month-to-month,DSL,Bank transfer,0,No,No,Yes,Yes,Yes,No
CUST-07679,32,72.62,2495.92,One year,DSL,Mailed check,1,Yes,No,No,Yes,Yes,No
CUST-07680,21,80.66,1766.04,Month-to-month,Fiber optic,Mailed check,0,No,Yes,No,Yes,No,Yes
CUST-07681,26,53.51,1281.87,Month-to-month,DSL,Bank transfer,0,No,No,No,No,Yes,Yes
CUST-07682,50,59.36,2832.11,Month-to-month,Fiber optic,Bank transfer,0,Yes,Yes,No,No,Yes,No
CUST-07683,63,91.36,5758.16,One year,Fiber optic,Bank transfer,0,Yes,No,Yes,Yes,No,Yes
CUST-07684,47,97.26,4608.41,One year,DSL,Bank transfer,0,No,No,No,No,Yes,Yes
CUST-07685,38,71.69,2931.21,Month-to-month,No,Mailed check,1,Yes,Yes,No,No,Yes,Yes
CUST-07686,47,40.12,1837.94,Month-to-month,Fiber optic,Bank transfer,0,Yes,No,No,Yes,No,No
CUST-07687,6,62.61,399.45,Month-to-month,No,Electronic check,0,No,No,No,No,No,Yes
CUST-07688,44,33.97,1448.26,Month-to-month,DSL,Electronic check,0,Yes,Yes,No,Yes,No,No
CUST-07689,4,71.88,271.23,Month-to-month,Fiber optic,Electronic check,1,Yes,No,No,No,Yes,Yes
CUST-07690,70,76.39,5536.35,One year,Fiber optic,Credit card,0,No,No,No,No,No,Yes
CUST-07691,65,63.23,4385.38,Month-to-month,Fiber optic,Bank transfer,0,Yes,Yes,No,No,No,No
CUST-07692,37,76.04,2884.73,Month-to-month,No,Mailed check,0,No,Yes,Yes,No,Yes,No
CUST-07693,27,80.42,2040.4,Month-to-month,No,Bank transfer,0,Yes,Yes,No,No,Yes,Yes
CUST-07694,53,76.42,4144.83,Month-to-month,DSL,Mailed check,0,No,Yes,No,Yes,No,No
CUST-07695,46,39.96,1843.04,One year,Fiber optic,Bank transfer,0,No,Yes,No,Yes,Yes,No
CUST-07696,51,63.67,3275.79,One year,Fiber optic,Mailed check,0,No,No,No,No,Yes,Yes
CUST-07697,38,80.25,3036.2,Month-to-month,DSL,Bank transfer,0,No,No,No,No,Yes,Yes
CUST-07698,18,109.47,1914.93,Month-to-month,No,Electronic check,0,No,No,No,No,Yes,Yes
CUST-07699,6,63.2,432.67,One year,Fiber optic,Electronic check,0,No,Yes,No,No,Yes,Yes
CUST-07700,21,83.77,1704.14,One year,Fiber optic,Credit card,0,Yes,No,Yes,Yes,Yes,No
CUST-07701,39,91.95,3560.3,Two year,No,Bank transfer,0,Yes,No,No,No,Yes,No
CUST-07702,31,65.08,2022.75,Two year,DSL,Bank transfer,0,No,No,No,Yes,Yes,No
CUST-07703,37,98.71,3683.64,Two year,Fiber optic,Bank transfer,0,No,No,No,No,No,No
CUST-07704,20,100.05,1855.39,Two year,Fiber optic,Credit card,0,No,No,No,Yes,No,No
CUST-07705,68,104.51,7145.02,Two year,Fiber optic,Electronic check,0,No,No,Yes,No,Yes,No
CUST-07706,27,81.46,2154.84,One year,Fiber optic,Credit card,0,Yes,Yes,Yes,Yes,No,Yes
CUST-07707,61,129.0,7923.88,One year,DSL,Mailed check,1,Yes,Yes,No,No,No,No
CUST-07708,29,54.62,1805.99,One year,Fiber optic,Bank transfer,0,Yes,Yes,Yes,No,Yes,No
CUST-07709,32,123.1,3855.19,Month-to-month,DSL,Credit card,0,No,No,Yes,Yes,No,No
CUST-07710,44,89.21,3919.54,Month-to-month,Fiber optic,Credit card,0,Yes,No,No,Yes,Yes,Yes
CUST-07711,19,103.51,1930.8,Two year,No,Mailed check,0,No,No,No,Yes,No,No
CUST-07712,16,62.0,939.22,Month-to-month,DSL,Credit card,0,Yes,Yes,Yes,No,Yes,Yes
CUST-07713,28,91.11,2435.66,Month-to-month,DSL,Electronic check,0,No,No,No,No,Yes,Yes
CUST-07714,58,105.67,6143.79,Month-to-month,Fiber optic,Electronic check,0,No,No,No,No,No,Yes
CUST-07715,11,42.82,379.82,Month-to-month,No,Electronic check,0,No,Yes,No,No,Yes,Yes
CUST-07716,32,65.92,2275.98,Month-to-month,DSL,Mailed check,1,No,No,Yes,Yes,No,Yes
CUST-07717,49,20.0,1012.64,Month-to-month,DSL,Bank transfer,1,Yes,Yes,Yes,Yes,Yes,No
CUST-07718,51,65.54,3217.66,Month-to-month,Fiber optic,Mailed check,0,No,No,No,No,Yes,No
CUST-07719,32,49.6,1624.65,Month-to-month,Fiber optic,Credit card,0,Yes,No,No,No,No,Yes
CUST-07720,6,64.56,398.3,Month-to-month,DSL,Bank transfer,0,Yes,No,No,Yes,Yes,No
CUST-07721,2,130.0,148.12,Month-to-month,Fiber optic,Bank transfer,0,Yes,No,Yes,No,No,No
CUST-07722,34,112.95,3836.98,Month-to-month,Fiber optic,Credit card,0,Yes,Yes,No,Yes,Yes,Yes
CUST-07723,59,34.01,2029.06,Month-to-month,Fiber optic,Mailed check,0,No,No,No,Yes,Yes,No
CUST-07724,3,83.89,467.51,One year,DSL,Mailed check,0,No,No,No,No,No,Yes
CUST-07725,64,89.97,5649.28,Month-to-month,Fiber optic,Electronic check,0,No,Yes,No,No,Yes,No
CUST-07726,49,61.55,3052.96,Two year,DSL,Credit card,0,Yes,No,No,No,Yes,No
CUST-07727,1,74.46,0.0,One year,Fiber optic,Electronic check,0,No,No,No,Yes,No,No
CUST-07728,25,76.9,1888.72,Month-to-month,Fiber optic,Bank transfer,1,No,Yes,Yes,No,Yes,Yes
CUST-07729,16,36.33,481.83,Month-to-month,DSL,Credit card,0,Yes,Yes,Yes,No,Yes,Yes
CUST-07730,69,44.22,3196.78,Month-to-month,DSL,Mailed check,0,Yes,Yes,No,Yes,Yes,No
CUST-07731,40,74.31,3101.47,Month-to-month,DSL,Electronic check,0,No,No,No,Yes,Yes,Yes
CUST-07732,24,72.49,1852.16,Two year,DSL,Bank transfer,0,Yes,No,No,Yes,Yes,No
CUST-07733,21,52.29,1035.92,One year,DSL,Mailed check,1,Yes,No,No,No,Yes,No
CUST-07734,41,50.14,1972.61,One year,Fiber optic,Credit card,0,No,No,No,Yes,Yes,Yes
CUST-07735,1,67.76,70.08,One year,Fiber optic,Mailed check,0,Yes,Yes,No,No,Yes,No
CUST-07736,19,92.15,1938.09,Two year,DSL,Mailed check,0,Yes,Yes,No,Yes,No,Yes
CUST-07737,12,68.09,918.37,Two year,Fiber optic,Bank transfer,0,Yes,No,No,No,No,No
CUST-07738,45,110.57,5222.05,Month-to-month,No,Mailed check,0,Yes,Yes,No,No,Yes,No
CUST-07739,49,52.6,2546.65,Month-to-month,Fiber optic,Credit card,1,Yes,No,Yes,No,Yes,No
CUST-07740,34,74.83,2543.76,Month-to-month,Fiber optic,Bank transfer,1,Yes,No,No,No,Yes,No
CUST-07741,11,61.14,745.09,Month-to-month,Fiber optic,Credit card,0,No,No,Yes,No,Yes,No
CUST-07742,27,84.7,2281.26,Month-to-month,DSL,Mailed check,0,No,No,Yes,No,Yes,No
CUST-07743,61,50.46,3072.59,Month-to-month,DSL,Electronic check,0,Yes,No,No,No,Yes,No
CUST-07744,15,118.18,1671.03,One year,Fiber optic,Electronic check,0,Yes,Yes,No,No,No,Yes
CUST-07745,12,27.73,246.55,Month-to-month,No,Electronic check,1,No,No,Yes,Yes,Yes,Yes
CUST-07746,9,112.89,1247.11,One year,Fiber optic,Credit card,0,No,No,No,Yes,Yes,Yes
CUST-07747,59,72.25,4208.79,Month-to-month,Fiber optic,Electronic check,0,No,Yes,Yes,No,Yes,No
CUST-07748,9,83.81,865.64,Month-to-month,Fiber optic,Electronic check,0,No,Yes,Yes,Yes,Yes,No
CUST-07749,42,103.36,4175.31,Two year,DSL,Bank transfer,0,Yes,Yes,No,Yes,Yes,No
CUST-07750,72,91.44,6589.5,Month-to-month,DSL,Electronic check,0,Yes,No,Yes,No,Yes,No
CUST-07751,47,51.75,2328.27,One year,No,Credit card,1,Yes,No,No,Yes,No,No
CUST-07752,30,85.0,2528.9,Two year,DSL,Credit card,0,Yes,Yes,Yes,No,No,No
CUST-07753,15,116.69,1843.35,Month-to-month,DSL,Mailed check,0,No,Yes,No,No,No,Yes
CUST-07754,1,47.82,19.01,Month-to-month,Fiber optic,Bank transfer,0,Yes,No,Yes,No,Yes,Yes
CUST-07755,12,122.96,1667.72,Month-to-month,Fiber optic,Mailed check,0,Yes,No,Yes,Yes,Yes,Yes
CUST-07756,69,79.64,5528.72,Month-to-month,No,Mailed check,1,No,Yes,No,Yes,No,Yes
CUST-07757,11,59.17,671.06,Two year,DSL,Mailed check,0,No,No,Yes,No,No,No
CUST-07758,2,47.67,59.78,Two year,No,Mailed check,0,Yes,No,Yes,Yes,Yes,No
CUST-07759,59,64.42,3713.51,Month-to-month,DSL,Mailed check,0,Yes,Yes,Yes,No,Yes,No
CUST-07760,31,21.12,582.51,One year,DSL,Electronic check,0,No,No,No,Yes,Yes,No
CUST-07761,26,59.62,1599.03,Two year,Fiber optic,Bank transfer,0,Yes,Yes,No,No,No,Yes
CUST-07762,52,63.43,3222.68,Month-to-month,No,Electronic check,0,No,Yes,No,No,No,No
CUST-07763,38,43.14,1612.44,Month-to-month,Fiber optic,Credit card,0,Yes,No,No,No,Yes,Yes
CUST-07764,66,88.7,5820.82,Two year,DSL,Credit card,1,Yes,Yes,No,Yes,Yes,No
CUST-07765,34,64.53,2362.76,One year,Fiber optic,Electronic check,0,No,No,No,Yes,Yes,No
CUST-07766,52,54.11,2829.72,Month-to-month,DSL,Electronic check,0,No,No,No,No,Yes,No
CUST-07767,64,61.87,3987.15,Month-to-month,Fiber optic,Mailed check,1,No,No,No,Yes,Yes,Yes
CUST-07768,34,78.88,2596.16,Month-to-month,No,Electronic check,0,No,No,Yes,No,No,No
CUST-07769,21,71.83,1423.78,One year,Fiber optic,Mailed check,0,Yes,No,Yes,No,Yes,No
CUST-07770,71,52.48,3622.37,One year,Fiber optic,Credit card,1,No,No,Yes,No,Yes,No
CUST-07771,17,73.14,1232.46,Month-to-month,Fiber optic,Mailed check,0,Yes,Yes,No,No,Yes,Yes
CUST-07772,3,68.73,39.99,One year,Fiber optic,Credit card,0,Yes,Yes,No,No,Yes,No
CUST-07773,42,41.51,1818.72,Month-to-month,DSL,Electronic check,0,Yes,Yes,No,Yes,Yes,No
CUST-07774,72,62.79,4566.44,One year,Fiber optic,Bank transfer,0,Yes,No,No,No,No,No
CUST-07775,7,84.48,469.48,One year,Fiber optic,Bank transfer,0,Yes,No,Yes,No,Yes,No
CUST-07776,62,84.3,5203.03,Month-to-month,Fiber optic,Electronic check,0,No,Yes,No,No,Yes,Yes
CUST-07777,60,64.25,3970.69,Month-to-month,Fiber optic,Mailed check,1,Yes,Yes,No,No,No,No
CUST-07778,67,86.92,5819.67,Month-to-month,Fiber optic,Mailed check,0,No,No,No,Yes,No,No
CUST-07779,31,45.5,1285.71,One year,Fiber optic,Bank transfer,0,Yes,No,Yes,No,Yes,No
CUST-07780,19,46.28,999.49,One year,No,Credit card,0,No,Yes,Yes,No,Yes,No
CUST-07781,37,63.72,2458.57,Month-to-month,No,Bank transfer,0,No,Yes,No,No,No,No
CUST-07782,11,107.44,1303.78,Two year,DSL,Bank transfer,0,Yes,Yes,No,Yes,Yes,Yes
CUST-07783,61,74.08,4420.68,Two year,Fiber optic,Bank transfer,0,No,Yes,No,No,Yes,No
CUST-07784,48,63.12,3341.39,Month-to-month,Fiber optic,Credit card,0,No,No,No,Yes,No,Yes
CUST-07785,35,108.6,3836.36,Month-to-month,Fiber optic,Bank transfer,0,No,Yes,No,No,No,Yes
CUST-07786,38,62.83,2380.21,Month-to-month,DSL,Mailed check,0,No,No,No,Yes,Yes,No
CUST-07787,52,125.87,6575.48,Month-to-month,Fiber optic,Electronic check,0,Yes,No,No,Yes,Yes,Yes
CUST-07788,38,57.22,2259.59,Two year,No,Credit card,0,No,Yes,Yes,No,Yes,No
CUST-07789,61,44.71,2883.01,One year,DSL,Credit card,0,No,No,No,No,No,No
CUST-07790,67,65.84,4326.6,Month-to-month,DSL,Credit card,1,Yes,No,Yes,No,No,No
CUST-07791,69,63.77,4367.14,Month-to-month,Fiber optic,Bank transfer,1,No,No,No,Yes,No,No
CUST-07792,45,49.81,2163.43,Month-to-month,Fiber optic,Mailed check,1,Yes,Yes,No,No,Yes,No
CUST-07793,54,130.0,6855.46,Month-to-month,Fiber optic,Bank transfer,0,No,No,No,No,No,Yes
CUST-07794,23,77.97,1818.64,Month-to-month,DSL,Mailed check,0,Yes,No,No,No,Yes,No
CUST-07795,3,81.61,338.98,Two year,Fiber optic,Credit card,0,No,No,No,No,Yes,Yes
CUST-07796,29,58.45,1616.28,One year,DSL,Electronic check,0,No,No,No,Yes,No,Yes
CUST-07797,63,55.56,3434.32,Two year,Fiber optic,Credit card,0,Yes,No,No,No,No,No
CUST-07798,10,95.64,890.97,Month-to-month,DSL,Bank transfer,0,No,Yes,Yes,No,No,Yes
CUST-07799,40,28.1,1222.82,Month-to-month,Fiber optic,Credit card,0,Yes,No,No,Yes,Yes,Yes
CUST-07800,14,41.43,527.51,Two year,Fiber optic,Electronic check,0,No,No,No,No,No,No
CUST-07801,31,63.82,1756.75,Month-to-month,Fiber optic,Bank transfer,0,Yes,No,No,Yes,No,Yes
CUST-07802,11,103.78,1149.52,Month-to-month,DSL,Mailed check,0,Yes,No,No,Yes,No,No
CUST-07803,53,60.64,3170.11,Two year,Fiber optic,Bank transfer,0,No,Yes,No,Yes,Yes,No
CUST-07804,59,80.4,4637.1,One year,DSL,Bank transfer,0,No,No,Yes,Yes,Yes,No
CUST-07805,55,70.69,3889.26,Two year,DSL,Bank transfer,0,Yes,No,No,No,Yes,No
CUST-07806,51,102.41,5240.68,Month-to-month,Fiber optic,Bank transfer,0,No,No,No,No,No,Yes
CUST-07807,17,30.38,485.78,One year,DSL,Electronic check,0,No,Yes,Yes,Yes,No,No
CUST-07808,39,88.4,3430.29,Month-to-month,No,Mailed check,0,Yes,Yes,No,No,No,No
CUST-07809,8,65.03,349.54,Month-to-month,Fiber optic,Mailed check,0,Yes,No,Yes,No,Yes,No
CUST-07810,27,93.12,2416.42,Month-to-month,DSL,Credit card,0,No,Yes,No,No,Yes,No
CUST-07811,37,49.52,1860.88,Two year,No,Bank transfer,0,No,Yes,No,Yes,Yes,No
CUST-07812,49,70.61,3531.25,Month-to-month,DSL,Electronic check,1,No,No,No,No,No,No
CUST-07813,7,67.44,393.85,One year,Fiber optic,Mailed check,0,No,No,No,No,Yes,Yes
CUST-07814,59,44.94,2835.45,Two year,DSL,Bank transfer,0,No,No,No,Yes,Yes,No
CUST-07815,34,37.99,1269.19,One year,Fiber optic,Mailed check,0,Yes,No,No,No,Yes,No
CUST-07816,64,55.49,3478.68,Month-to-month,Fiber optic,Bank transfer,0,Yes,No,Yes,Yes,Yes,Yes
CUST-07817,38,73.25,2799.14,One year,DSL,Credit card,0,No,No,No,Yes,Yes,No
CUST-07818,40,51.08,2077.07,Month-to-month,Fiber optic,Bank transfer,0,Yes,No,No,Yes,Yes,No
CUST-07819,50,61.75,3091.34,Month-to-month,DSL,Bank transfer,0,No,No,Yes,No,Yes,No
CUST-07820,60,22.86,1366.73,Month-to-month,Fiber optic,Bank transfer,0,No,Yes,No,No,No,No
CUST-07821,12,60.73,783.25,One year,DSL,Mailed check,0,Yes,No,No,No,Yes,No
CUST-07822,37,95.59,3670.52,One year,DSL,Bank transfer,0,Yes,No,No,No,No,No
CUST-07823,3,87.63,164.85,Two year,DSL,Electronic check,0,Yes,No,Yes,Yes,Yes,No
CUST-07824,35,67.83,2291.19,Month-to-month,Fiber optic,Credit card,0,Yes,No,Yes,Yes,No,No
CUST-07825,59,76.09,4497.54,Month-to-month,No,Mailed check,0,No,Yes,Yes,No,Yes,No
CUST-07826,63,49.29,3190.16,Month-to-month,No,Credit card,0,Yes,No,No,No,No,Yes
CUST-07827,21,110.61,2138.59,Two year,Fiber optic,Mailed check,0,Yes,No,No,No,Yes,No
CUST-07828,28,121.69,3421.09,Two year,Fiber optic,Credit card,0,No,No,No,Yes,Yes,No
CUST-07829,40,74.12,3130.28,Two year,No,Bank transfer,0,No,No,No,Yes,No,No
CUST-07830,29,130.0,3795.04,Month-to-month,Fiber optic,Credit card,0,No,No,No,Yes,No,No
CUST-07831,13,53.0,745.55,Month-to-month,DSL,Mailed check,0,No,No,Yes,Yes,No,No
CUST-07832,22,38.72,862.28,One year,Fiber optic,Bank transfer,0,No,No,Yes,No,No,No
CUST-07833,30,52.26,1596.67,Month-to-month,DSL,Bank transfer,0,No,No,No,Yes,No,No
CUST-07834,38,64.51,2520.05,Month-to-month,Fiber optic,Bank transfer,0,Yes,Yes,No,Yes,No,No
CUST-07835,67,127.8,8483.59,Month-to-month,Fiber optic,Mailed check,0,No,No,No,No,No,No
CUST-07836,40,62.97,2385.4,Month-to-month,DSL,Mailed check,0,No,No,No,Yes,Yes,No
CUST-07837,28,48.51,1416.1,Month-to-month,Fiber optic,Electronic check,0,Yes,No,No,Yes,Yes,Yes
CUST-07838,48,47.54,2286.13,Two year,DSL,Bank transfer,0,No,No,No,No,Yes,Yes
CUST-07839,56,98.5,5703.4,One year,No,Mailed check,0,No,No,Yes,No,No,No
CUST-07840,31,94.93,2802.5,One year,No,Electronic check,0,Yes,No,No,No,Yes,No
CUST-07841,36,57.86,2175.29,Month-to-month,Fiber optic,Mailed check,0,No,No,Yes,Yes,No,No
CUST-07842,16,23.11,271.46,One year,Fiber optic,Mailed check,1,No,No,No,No,No,No
CUST-07843,63,41.79,2653.31,Month-to-month,DSL,Bank transfer,0,No,Yes,No,No,Yes,No
CUST-07844,63,113.03,7187.14,Month-to-month,Fiber optic,Credit card,0,No,No,Yes,Yes,Yes,No
CUST-07845,13,87.22,1133.74,Month-to-month,No,Credit card,0,No,No,No,Yes,No,No
CUST-07846,25,71.64,1801.01,Month-to-month,DSL,Bank transfer,0,Yes,No,Yes,Yes,Yes,No
CUST-07847,20,116.72,2321.15,Two year,DSL,Credit card,1,Yes,Yes,Yes,Yes,No,No
CUST-07848,67,118.96,7974.16,Two year,Fiber optic,Electronic check,0,No,No,Yes,Yes,Yes,No
CUST-07849,5,69.1,222.87,Month-to-month,Fiber optic,Credit card,0,No,Yes,Yes,Yes,Yes,Yes
CUST-07850,15,69.56,950.95,One year,Fiber optic,Bank transfer,0,No,Yes,No,Yes,Yes,Yes
CUST-07851,23,55.45,1271.9,Month-to-month,DSL,Mailed check,0,Yes,Yes,No,Yes,No,Yes
CUST-07852,41,62.88,2583.91,Month-to-month,DSL,Mailed check,0,No,Yes,No,Yes,No,No
CUST-07853,18,32.84,580.9,One year,Fiber optic,Mailed check,1,Yes,Yes,No,No,Yes,Yes
CUST-07854,39,32.74,1169.04,One year,DSL,Credit card,1,No,No,No,Yes,Yes,Yes
CUST-07855,54,26.93,1551.6,One year,DSL,Mailed check,0,Yes,No,Yes,No,No,No
CUST-07856,60,97.11,5857.28,Month-to-month,DSL,Electronic check,0,No,No,No,No,No,Yes
CUST-07857,8,30.96,274.94,Month-to-month,Fiber optic,Credit card,0,No,No,No,No,No,Yes
CUST-07858,10,118.75,1190.86,Month-to-month,DSL,Bank transfer,0,No,No,No,No,No,Yes
CUST-07859,7,51.74,258.35,Month-to-month,DSL,Mailed check,1,No,No,No,No,Yes,Yes
CUST-07860,66,113.43,7322.4,Month-to-month,Fiber optic,Bank transfer,0,Yes,No,Yes,No,Yes,Yes
CUST-07861,47,60.87,2867.24,Month-to-month,DSL,Mailed check,0,No,No,No,No,Yes,No
CUST-07862,39,30.85,1137.26,Month-to-month,No,Bank transfer,0,No,Yes,Yes,No,Yes,No
CUST-07863,57,102.09,5760.79,Month-to-month,No,Electronic check,0,Yes,No,Yes,No,Yes,Yes
CUST-07864,43,105.05,4585.29,One year,Fiber optic,Mailed check,1,Yes,No,Yes,No,Yes,No
CUST-07865,17,47.35,786.13,Month-to-month,Fiber optic,Mailed check,0,No,Yes,No,No,No,No
CUST-07866,37,61.71,2348.21,Month-to-month,DSL,Credit card,0,Yes,Yes,No,Yes,No,Yes
CUST-07867,51,47.36,2349.43,Two year,Fiber optic,Credit card,0,Yes,No,No,No,No,No
CUST-07868,3,66.99,167.5,Two year,DSL,Credit card,0,No,No,No,Yes,No,Yes
CUST-07869,44,72.7,3184.89,Month-to-month,Fiber optic,Mailed check,0,Yes,No,No,No,Yes,Yes
CUST-07870,36,61.22,2022.93,Month-to-month,DSL,Mailed check,0,No,No,No,Yes,Yes,Yes
CUST-07871,6,24.53,68.68,Month-to-month,Fiber optic,Bank transfer,0,Yes,Yes,No,No,Yes,Yes
CUST-07872,19,55.48,1189.36,Two year,DSL,Mailed check,0,Yes,Yes,Yes,Yes,No,No
CUST-07873,33,87.59,2823.34,Month-to-month,Fiber optic,Bank transfer,0,Yes,No,No,Yes,Yes,Yes
CUST-07874,25,64.78,1634.93,Month-to-month,DSL,Bank transfer,0,No,Yes,Yes,No,Yes,No
CUST-07875,21,61.81,1223.6,One year,DSL,Credit card,1,Yes,No,No,No,Yes,No
CUST-07876,47,46.73,2123.34,One year,Fiber optic,Mailed check,1,Yes,Yes,Yes,Yes,Yes,No
CUST-07877,30,54.75,1663.94,Month-to-month,Fiber optic,Electronic check,0,No,Yes,Yes,No,No,Yes
CUST-07878,36,105.22,3668.76,Month-to-month,No,Mailed check,0,No,No,No,Yes,Yes,Yes
CUST-07879,58,41.51,2485.7,Month-to-month,DSL,Credit card,0,Yes,No,No,Yes,No,Yes
CUST-07880,7,88.02,687.94,Month-to-month,DSL,Mailed check,1,No,Yes,No,Yes,Yes,Yes
CUST-07881,26,71.18,1909.24,Month-to-month,Fiber optic,Mailed check,0,Yes,No,No,No,Yes,Yes
CUST-07882,6,76.12,244.45,Two year,DSL,Mailed check,1,Yes,Yes,No,No,No,No
CUST-07883,67,51.69,3465.47,One year,No,Mailed check,1,Yes,No,Yes,No,Yes,No
CUST-07884,14,61.21,1044.26,One year,DSL,Credit card,0,No,No,Yes,No,Yes,No
CUST-07885,60,69.86,4004.69,One year,No,Bank transfer,0,No,No,Yes,No,Yes,No
CUST-07886,14,56.98,957.84,Month-to-month,Fiber optic,Credit card,0,Yes,No,Yes,Yes,No,Yes
CUST-07887,24,78.29,1627.61,Month-to-month,DSL,Electronic check,0,Yes,Yes,No,No,Yes,No
CUST-07888,44,81.44,3639.51,One year,Fiber optic,Bank transfer,1,No,No,No,No,Yes,No
CUST-07889,60,124.32,7293.72,Month-to-month,Fiber optic,Electronic check,0,Yes,No,No,No,No,Yes
CUST-07890,13,76.95,1018.84,Month-to-month,Fiber optic,Electronic check,0,No,Yes,No,No,No,Yes
CUST-07891,16,22.19,466.36,Month-to-month,Fiber optic,Credit card,0,No,Yes,No,No,Yes,No
CUST-07892,64,99.08,6211.52,One year,Fiber optic,Mailed check,0,No,No,No,No,Yes,No
CUST-07893,24,64.9,1769.87,One year,Fiber optic,Mailed check,0,No,No,No,No,Yes,Yes
CUST-07894,16,120.3,1811.61,Month-to-month,Fiber optic,Electronic check,0,Yes,Yes,No,Yes,Yes,Yes
CUST-07895,54,106.77,5800.53,Month-to-month,Fiber optic,Electronic check,0,No,No,No,Yes,No,Yes
CUST-07896,7,57.37,296.17,Two year,No,Bank transfer,0,Yes,No,Yes,No,Yes,No
CUST-07897,63,88.05,5670.41,Month-to-month,Fiber optic,Bank transfer,1,No,Yes,Yes,Yes,No,No
CUST-07898,64,55.15,3701.62,Month-to-month,Fiber optic,Bank transfer,0,Yes,No,No,No,Yes,Yes
CUST-07899,62,70.07,4304.79,One year,DSL,Electronic check,0,No,No,No,No,No,Yes
CUST-07900,22,86.9,2066.9,One year,DSL,Credit card,0,Yes,No,Yes,Yes,Yes,Yes
CUST-07901,9,97.83,906.91,Month-to-month,DSL,Electronic check,0,Yes,No,Yes,No,No,Yes
CUST-07902,31,92.38,2834.07,Month-to-month,Fiber optic,Mailed check,0,Yes,No,No,No,No,Yes
CUST-07903,25,71.87,1687.52,Two year,Fiber optic,Bank transfer,0,Yes,No,No,No,No,No
CUST-07904,70,130.0,9022.93,Month-to-month,DSL,Electronic check,0,Yes,No,No,Yes,No,No
CUST-07905,46,60.87,2891.15,Two year,Fiber optic,Bank transfer,1,Yes,No,No,No,No,No
CUST-07906,68,29.82,1950.34,One year,DSL,Bank transfer,1,No,Yes,No,Yes,No,No
CUST-07907,55,34.63,1972.43,Two year,DSL,Bank transfer,0,No,No,No,No,Yes,No
CUST-07908,52,106.85,5523.5,Month-to-month,DSL,Mailed check,0,No,No,No,No,Yes,No
CUST-07909,9,68.08,770.02,Month-to-month,Fiber optic,Credit card,0,No,No,No,No,No,Yes
CUST-07910,5,73.98,302.74,Month-to-month,DSL,Electronic check,0,Yes,No,Yes,Yes,No,No
CUST-07911,4,56.44,61.15,Month-to-month,DSL,Bank transfer,0,No,No,Yes,No,Yes,Yes
CUST-07912,43,58.68,2396.01,Month-to-month,Fiber optic,Mailed check,0,No,Yes,Yes,No,Yes,No
CUST-07913,15,50.32,802.34,Month-to-month,Fiber optic,Mailed check,0,Yes,No,Yes,No,No,Yes
CUST-07914,72,81.78,5882.77,Month-to-month,Fiber optic,Electronic check,0,No,No,No,No,Yes,No
CUST-07915,10,67.57,677.13,One year,DSL,Bank transfer,0,No,No,No,No,No,Yes
CUST-07916,69,80.88,5647.09,Month-to-month,Fiber optic,Electronic check,0,Yes,No,No,Yes,Yes,No
CUST-07917,49,78.49,3725.82,Month-to-month,DSL,Mailed check,0,Yes,Yes,Yes,Yes,No,No
CUST-07918,8,59.35,408.04,Month-to-month,DSL,Mailed check,0,No,Yes,Yes,Yes,No,Yes
CUST-07919,5,33.53,124.05,One year,Fiber optic,Electronic check,0,Yes,No,No,Yes,Yes,No
CUST-07920,29,31.36,924.15,Month-to-month,Fiber optic,Credit card,0,Yes,No,No,No,Yes,Yes
CUST-07921,25,130.0,3162.92,One year,No,Mailed check,0,Yes,No,No,No,Yes,No
CUST-07922,23,106.95,2413.04,Month-to-month,Fiber optic,Credit card,0,Yes,Yes,No,No,Yes,Yes
CUST-07923,39,103.5,3982.83,One year,DSL,Bank transfer,0,No,No,No,No,Yes,No
CUST-07924,10,53.13,375.17,One year,DSL,Mailed check,0,No,No,No,Yes,No,No
CUST-07925,10,70.24,650.43,Month-to-month,No,Bank transfer,0,No,No,No,Yes,Yes,Yes
CUST-07926,51,49.62,2571.1,One year,DSL,Mailed check,0,No,Yes,No,Yes,Yes,No
CUST-07927,72,37.2,2562.24,Two year,Fiber optic,Mailed check,0,Yes,No,Yes,No,Yes,No
CUST-07928,20,55.28,958.5,Month-to-month,Fiber optic,Credit card,0,Yes,No,No,Yes,No,Yes
CUST-07929,68,103.15,6978.31,Month-to-month,Fiber optic,Bank transfer,0,Yes,No,No,Yes,No,No
CUST-07930,25,91.02,2205.08,Two year,DSL,Credit card,0,Yes,Yes,No,No,Yes,Yes
CUST-07931,25,45.75,952.91,Two year,DSL,Credit card,0,No,No,No,Yes,Yes,No
CUST-07932,7,62.13,241.58,One year,DSL,Credit card,1,No,No,Yes,No,Yes,Yes
CUST-07933,31,88.73,2844.52,Month-to-month,DSL,Mailed check,0,Yes,No,No,No,No,Yes
CUST-07934,36,55.73,1927.44,Month-to-month,DSL,Mailed check,0,No,No,Yes,No,Yes,No
CUST-07935,48,71.99,3539.99,Two year,Fiber optic,Credit card,0,No,No,Yes,No,Yes,No
CUST-07936,12,80.05,1019.76,One year,Fiber optic,Credit card,1,Yes,No,No,No,No,No
CUST-07937,14,79.77,1280.08,Month-to-month,DSL,Mailed check,0,No,No,No,Yes,Yes,Yes
CUST-07938,32,76.35,2467.51,Month-to-month,DSL,Bank transfer,0,Yes,No,No,No,No,No
CUST-07939,6,53.66,256.29,One year,No,Bank transfer,1,No,Yes,No,Yes,No,Yes
CUST-07940,11,56.23,681.85,One year,DSL,Electronic check,1,No,Yes,Yes,No,No,Yes
CUST-07941,46,41.66,1698.59,Two year,DSL,Electronic check,0,No,No,No,Yes,Yes,No
CUST-07942,69,30.97,2228.33,Month-to-month,Fiber optic,Electronic check,0,No,Yes,Yes,No,Yes,No
CUST-07943,42,67.13,3000.38,Month-to-month,DSL,Mailed check,0,No,No,No,No,Yes,No
CUST-07944,11,90.41,874.18,Month-to-month,DSL,Credit card,1,Yes,No,No,Yes,Yes,Yes
CUST-07945,72,35.49,2529.16,Month-to-month,DSL,Mailed check,0,No,No,No,Yes,No,No
CUST-07946,38,76.82,2928.06,Month-to-month,No,Credit card,0,Yes,No,No,Yes,Yes,No
CUST-07947,52,89.62,4621.04,Month-to-month,Fiber optic,Mailed check,0,No,No,No,No,Yes,Yes
CUST-07948,15,24.08,348.33,Month-to-month,Fiber optic,Mailed check,0,No,Yes,No,Yes,Yes,No
CUST-07949,42,63.24,2574.47,Month-to-month,No,Mailed check,0,Yes,Yes,No,No,Yes,No
CUST-07950,6,111.16,603.35,Two year,Fiber optic,Bank transfer,0,Yes,No,No,Yes,No,No
CUST-07951,46,83.8,4145.27,Month-to-month,DSL,Bank transfer,0,Yes,No,Yes,No,Yes,No
CUST-07952,15,23.24,360.03,Month-to-month,Fiber optic,Mailed check,0,Yes,No,No,No,Yes,No
CUST-07953,66,86.46,5447.24,One year,Fiber optic,Credit card,0,No,Yes,Yes,No,Yes,No
CUST-07954,4,51.31,146.71,Month-to-month,Fiber optic,Bank transfer,0,No,No,Yes,No,No,Yes
CUST-07955,47,87.28,4057.94,Month-to-month,Fiber optic,Bank transfer,0,Yes,No,No,No,Yes,Yes
CUST-07956,11,52.75,742.28,Two year,DSL,Mailed check,1,No,No,No,Yes,Yes,Yes
CUST-07957,50,68.67,3579.41,One year,DSL,Bank transfer,0,No,Yes,No,No,No,No
CUST-07958,36,56.56,2045.87,Month-to-month,Fiber optic,Mailed check,0,No,No,No,No,Yes,No
CUST-07959,70,70.08,4790.37,Two year,DSL,Credit card,0,No,No,No,No,Yes,No
CUST-07960,47,55.82,2645.08,Two year,No,Mailed check,0,No,No,No,No,No,No
CUST-07961,27,64.41,1649.72,Two year,Fiber optic,Mailed check,0,Yes,Yes,No,No,Yes,No
CUST-07962,7,40.61,313.65,Month-to-month,DSL,Mailed check,0,No,Yes,Yes,No,Yes,Yes
CUST-07963,43,82.27,3635.28,One year,Fiber optic,Credit card,0,No,Yes,No,No,Yes,No
CUST-07964,32,74.38,2320.22,Month-to-month,Fiber optic,Credit card,0,No,No,Yes,No,No,No
CUST-07965,4,29.59,136.94,Month-to-month,Fiber optic,Mailed check,0,No,No,No,No,Yes,Yes
CUST-07966,42,94.82,4057.48,Month-to-month,Fiber optic,Credit card,0,No,No,Yes,Yes,Yes,Yes
CUST-07967,16,65.59,1099.35,Two year,Fiber optic,Mailed check,0,Yes,Yes,No,No,Yes,No
CUST-07968,17,74.04,1092.6,Month-to-month,DSL,Electronic check,1,No,No,No,Yes,Yes,Yes
CUST-07969,1,89.11,82.47,Two year,Fiber optic,Electronic check,0,No,No,No,Yes,Yes,Yes
CUST-07970,27,78.21,1815.66,Two year,Fiber optic,Mailed check,0,Yes,Yes,No,No,Yes,No
CUST-07971,16,99.13,1616.46,Month-to-month,Fiber optic,Mailed check,0,No,No,No,No,Yes,Yes
CUST-07972,6,62.67,460.12,Month-to-month,No,Mailed check,0,No,Yes,No,Yes,No,Yes
CUST-07973,32,95.86,3110.92,Two year,No,Mailed check,0,No,No,Yes,No,No,No
CUST-07974,16,73.07,1201.31,Month-to-month,DSL,Electronic check,0,No,No,Yes,No,No,Yes
CUST-07975,10,82.69,856.29,One year,Fiber optic,Mailed check,0,No,Yes,No,No,Yes,No
CUST-07976,34,80.09,2780.82,Month-to-month,Fiber optic,Bank transfer,0,No,No,No,No,Yes,Yes
CUST-07977,5,101.02,414.94,Month-to-month,Fiber optic,Mailed check,1,Yes,No,No,Yes,Yes,No
CUST-07978,72,88.04,6273.68,Month-to-month,No,Mailed check,0,Yes,No,Yes,No,Yes,No
CUST-07979,34,58.93,2015.53,Month-to-month,No,Electronic check,0,No,Yes,Yes,No,No,Yes
CUST-07980,72,53.97,4010.41,Two year,Fiber optic,Electronic check,0,Yes,No,No,No,Yes,No
CUST-07981,64,68.76,4452.81,Month-to-month,DSL,Credit card,0,No,Yes,Yes,No,No,No
CUST-07982,71,51.0,3692.01,Month-to-month,DSL,Credit card,0,No,No,No,No,No,No
CUST-07983,40,43.7,1717.47,One year,No,Mailed check,0,Yes,No,Yes,No,No,No
CUST-07984,31,20.0,629.8,Two year,No,Credit card,1,No,No,No,Yes,No,No
CUST-07985,52,31.27,1618.13,Month-to-month,DSL,Electronic check,1,No,Yes,Yes,No,Yes,Yes
CUST-07986,6,119.64,592.07,One year,DSL,Electronic check,0,Yes,Yes,No,No,No,No
CUST-07987,61,53.59,3298.96,Month-to-month,Fiber optic,Bank transfer,0,Yes,No,No,Yes,Yes,No
CUST-07988,24,117.59,2804.45,Two year,DSL,Bank transfer,0,No,No,No,No,Yes,No
CUST-07989,1,80.08,167.71,One year,Fiber optic,Bank transfer,1,No,Yes,No,No,No,Yes
CUST-07990,18,68.76,1086.52,Two year,No,Mailed check,0,Yes,No,No,Yes,No,No
CUST-07991,18,32.48,536.53,One year,DSL,Credit card,1,Yes,No,No,Yes,No,No
CUST-07992,2,70.12,0.0,Two year,Fiber optic,Bank transfer,0,No,Yes,No,No,Yes,No
CUST-07993,49,117.3,5787.1,Month-to-month,Fiber optic,Mailed check,0,No,Yes,No,Yes,No,Yes
CUST-07994,7,108.94,843.82,One year,DSL,Mailed check,0,No,No,No,Yes,No,Yes
CUST-07995,61,76.86,4726.33,One year,Fiber optic,Mailed check,0,No,No,Yes,No,Yes,No
CUST-07996,33,41.28,1559.02,Month-to-month,Fiber optic,Electronic check,0,No,No,No,No,Yes,Yes
CUST-07997,52,46.07,2450.79,Two year,Fiber optic,Electronic check,0,No,Yes,Yes,Yes,Yes,No
CUST-07998,25,48.69,1129.35,One year,Fiber optic,Mailed check,0,No,Yes,Yes,No,No,No
CUST-07999,10,101.95,1141.25,Two year,No,Electronic check,0,No,No,No,Yes,No,No
CUST-08000,13,110.79,1646.15,Month-to-month,DSL,Credit card,0,No,Yes,No,Yes,Yes,No
CUST-08001,47,74.9,3588.51,Two year,No,Credit card,0,Yes,Yes,No,No,No,Yes
CUST-08002,52,62.42,3172.34,Month-to-month,Fiber optic,Bank transfer,0,No,Yes,No,Yes,Yes,Yes
CUST-08003,20,108.72,2109.69,Two year,Fiber optic,Credit card,0,Yes,No,Yes,No,Yes,Yes
CUST-08004,26,45.54,1219.36,Month-to-month,DSL,Bank transfer,0,No,No,No,Yes,Yes,No
CUST-08005,69,71.3,4879.22,One year,DSL,Bank transfer,0,No,Yes,No,Yes,Yes,No
CUST-08006,62,81.57,5166.32,Month-to-month,Fiber optic,Credit card,0,Yes,No,Yes,No,Yes,Yes
CUST-08007,30,48.43,1429.92,One year,No,Bank transfer,0,No,No,No,No,Yes,Yes
CUST-08008,18,54.1,1059.05,Month-to-month,Fiber optic,Credit card,1,No,Yes,No,Yes,No,Yes
CUST-08009,22,52.16,1217.2,Two year,DSL,Electronic check,0,No,No,Yes,No,Yes,No
CUST-08010,39,105.42,3972.69,Two year,DSL,Credit card,0,No,No,No,No,Yes,Yes
CUST-08011,41,117.86,4823.73,Month-to-month,Fiber optic,Bank transfer,0,No,Yes,No,No,No,No
CUST-08012,14,72.87,1124.21,Two year,No,Electronic check,0,Yes,Yes,Yes,Yes,Yes,No
CUST-08013,5,63.29,302.34,One year,Fiber optic,Electronic check,0,No,Yes,No,No,Yes,Yes
CUST-08014,36,55.0,2014.46,Month-to-month,DSL,Electronic check,0,No,No,Yes,Yes,Yes,Yes
CUST-08015,58,70.04,4079.51,Month-to-month,DSL,Electronic check,0,No,No,No,No,No,Yes
CUST-08016,11,56.24,535.22,Month-to-month,DSL,Credit card,0,No,No,No,Yes,Yes,Yes
CUST-08017,30,67.57,2200.0,Month-to-month,Fiber optic,Credit card,0,No,No,Yes,No,No,Yes
CUST-08018,12,80.33,888.79,Month-to-month,DSL,Credit card,0,No,Yes,No,Yes,No,Yes
CUST-08019,18,59.87,984.82,Month-to-month,DSL,Electronic check,0,Yes,No,Yes,Yes,Yes,No
CUST-08020,45,65.26,3042.08,Month-to-month,Fiber optic,Bank transfer,0,Yes,No,No,No,Yes,No
CUST-08021,21,65.36,1318.1,Two year,Fiber optic,Credit card,0,Yes,Yes,Yes,No,Yes,No
CUST-08022,19,62.06,1186.66,Month-to-month,No,Credit card,0,Yes,Yes,Yes,No,Yes,No
CUST-08023,72,58.96,4287.89,Two year,Fiber optic,Electronic check,0,Yes,No,No,No,Yes,No
CUST-08024,13,89.05,1259.65,Two year,DSL,Bank transfer,0,No,No,No,Yes,Yes,No
CUST-08025,14,25.73,150.39,One year,DSL,Electronic check,0,No,No,Yes,Yes,No,No
CUST-08026,67,109.36,7312.39,Month-to-month,Fiber optic,Electronic check,0,No,Yes,No,Yes,Yes,No
CUST-08027,40,73.39,2905.85,Month-to-month,Fiber optic,Credit card,1,No,Yes,No,No,No,No
CUST-08028,4,85.25,336.77,Two year,Fiber optic,Credit card,0,Yes,No,Yes,No,Yes,No
CUST-08029,31,88.13,2809.22,One year,No,Electronic check,0,No,Yes,No,No,Yes,No
CUST-08030,41,52.3,2292.09,Two year,Fiber optic,Credit card,0,No,Yes,No,No,Yes,No
CUST-08031,19,47.14,915.86,Month-to-month,Fiber optic,Credit card,0,No,Yes,No,No,No,Yes
CUST-08032,40,44.19,1690.37,One year,DSL,Bank transfer,0,Yes,No,No,Yes,No,Yes
CUST-08033,47,63.82,3022.66,Month-to-month,DSL,Electronic check,0,No,No,No,Yes,No,Yes
CUST-08034,19,87.48,1719.99,One year,Fiber optic,Bank transfer,0,No,No,No,Yes,Yes,Yes
CUST-08035,59,55.41,3297.12,One year,DSL,Bank transfer,0,No,Yes,No,No,Yes,No
CUST-08036,33,85.2,2917.42,Month-to-month,Fiber optic,Mailed check,0,Yes,No,No,Yes,No,No
CUST-08037,70,20.0,1332.33,Month-to-month,Fiber optic,Credit card,0,No,No,Yes,No,Yes,No
CUST-08038,7,60.36,360.47,Month-to-month,DSL,Bank transfer,0,No,No,No,No,No,Yes
CUST-08039,24,99.18,2397.92,Month-to-month,Fiber optic,Mailed check,0,No,No,Yes,No,No,Yes
CUST-08040,52,65.73,3533.09,Month-to-month,Fiber optic,Mailed check,1,Yes,No,Yes,No,No,No
CUST-08041,65,49.27,3375.3,Month-to-month,DSL,Mailed check,0,Yes,No,No,No,Yes,No
CUST-08042,16,53.58,911.32,Month-to-month,Fiber optic,Bank transfer,0,No,No,No,No,Yes,Yes
CUST-08043,71,20.0,1452.66,One year,Fiber optic,Mailed check,0,No,No,No,No,Yes,No
CUST-08044,14,44.7,531.29,One year,Fiber optic,Bank transfer,0,No,No,Yes,No,No,No
CUST-08045,30,96.43,2965.83,Month-to-month,DSL,Mailed check,0,No,No,Yes,No,Yes,No
CUST-08046,23,55.43,1162.25,Month-to-month,Fiber optic,Electronic check,1,Yes,Yes,No,No,Yes,Yes
CUST-08047,31,58.39,1917.99,One year,Fiber optic,Electronic check,0,No,Yes,No,No,No,No
CUST-08048,65,20.0,1317.3,Month-to-month,DSL,Electronic check,0,Yes,No,Yes,No,No,No
CUST-08049,53,29.23,1563.5,Month-to-month,DSL,Electronic check,0,Yes,No,No,No,Yes,No
CUST-08050,58,99.75,5916.26,Month-to-month,Fiber optic,Electronic check,0,Yes,No,No,Yes,No,Yes
CUST-08051,19,85.43,1637.57,Two year,DSL,Bank transfer,1,Yes,No,No,Yes,No,No
CUST-08052,69,37.56,2556.08,Month-to-month,No,Bank transfer,0,No,No,No,No,Yes,No
CUST-08053,32,54.24,1763.85,Two year,DSL,Electronic check,1,No,Yes,No,Yes,Yes,Yes
CUST-08054,47,69.27,3171.22,Month-to-month,Fiber optic,Mailed check,0,Yes,No,No,No,No,Yes
CUST-08055,51,40.1,2069.85,Month-to-month,No,Mailed check,0,No,No,No,No,No,No
CUST-08056,48,20.0,944.28,Month-to-month,DSL,Bank transfer,1,Yes,No,No,Yes,No,No
CUST-08057,44,66.02,2837.9,One year,Fiber optic,Bank transfer,1,No,No,No,No,Yes,Yes
CUST-08058,35,84.32,3191.02,Month-to-month,DSL,Bank transfer,0,No,No,No,Yes,No,Yes
CUST-08059,47,84.8,3967.2,One year,Fiber optic,Mailed check,0,Yes,No,Yes,Yes,Yes,No
CUST-08060,66,91.88,6006.02,Two year,No,Electronic check,0,No,No,No,Yes,Yes,No
CUST-08061,29,31.16,734.95,Month-to-month,No,Credit card,0,Yes,Yes,Yes,Yes,Yes,No
CUST-08062,37,71.45,2569.88,Month-to-month,Fiber optic,Credit card,1,No,No,No,No,Yes,Yes
CUST-08063,13,63.29,898.64,One year,Fiber optic,Credit card,0,No,No,No,No,Yes,No
CUST-08064,26,67.82,1609.73,Month-to-month,Fiber optic,Bank transfer,0,Yes,No,No,Yes,No,Yes
CUST-08065,56,64.71,3508.79,One year,DSL,Mailed check,0,No,No,Yes,No,Yes,No
CUST-08066,47,53.49,2611.85,Two year,Fiber optic,Bank transfer,1,No,No,No,No,No,No
CUST-08067,16,20.0,283.58,Month-to-month,DSL,Credit card,0,Yes,Yes,Yes,No,Yes,No
CUST-08068,40,99.05,3914.33,Month-to-month,No,Electronic check,0,No,No,No,No,Yes,No
CUST-08069,59,78.25,4624.39,One year,No,Bank transfer,0,No,No,No,No,Yes,No
CUST-08070,9,32.89,415.6,Month-to-month,Fiber optic,Bank transfer,0,Yes,No,No,No,Yes,No
CUST-08071,5,81.83,314.08,Month-to-month,Fiber optic,Credit card,0,Yes,Yes,No,No,Yes,Yes
CUST-08072,29,58.82,1901.48,Month-to-month,No,Bank transfer,1,Yes,No,No,Yes,No,No
CUST-08073,48,59.53,2865.88,Month-to-month,DSL,Credit card,0,No,Yes,No,Yes,Yes,Yes
CUST-08074,23,50.79,1163.36,Month-to-month,Fiber optic,Credit card,0,No,No,No,Yes,Yes,Yes
CUST-08075,60,83.42,5068.85,One year,Fiber optic,Credit card,0,No,No,No,No,Yes,No
CUST-08076,61,50.0,2833.65,Month-to-month,Fiber optic,Electronic check,0,No,Yes,Yes,No,No,Yes
CUST-08077,39,42.58,1689.04,Month-to-month,DSL,Bank transfer,0,Yes,No,Yes,Yes,No,No
CUST-08078,28,98.29,2771.0,Two year,DSL,Bank transfer,1,No,No,No,No,Yes,No
CUST-08079,4,65.53,444.3,Month-to-month,No,Electronic check,0,Yes,No,Yes,Yes,Yes,No
CUST-08080,60,66.31,4208.34,Month-to-month,Fiber optic,Credit card,0,Yes,No,No,No,No,No
CUST-08081,65,87.31,5693.08,Two year,Fiber optic,Bank transfer,0,No,Yes,No,Yes,Yes,No
CUST-08082,32,53.31,1717.62,Month-to-month,Fiber optic,Credit card,0,No,No,No,No,Yes,Yes
CUST-08083,38,58.3,2197.83,Two year,Fiber optic,Bank transfer,0,No,No,No,No,Yes,No
CUST-08084,55,77.64,4266.49,One year,Fiber optic,Credit card,0,No,Yes,No,No,Yes,No
CUST-08085,51,31.47,1565.67,Month-to-month,Fiber optic,Credit card,0,Yes,No,Yes,Yes,No,Yes
CUST-08086,10,75.53,855.19,Month-to-month,No,Electronic check,0,No,No,No,No,Yes,Yes
CUST-08087,49,51.11,2642.35,Month-to-month,DSL,Credit card,0,No,No,No,No,Yes,No
CUST-08088,67,91.39,6245.54,Two year,No,Bank transfer,0,Yes,No,No,No,No,No
CUST-08089,55,83.67,4731.98,Month-to-month,No,Mailed check,0,Yes,No,No,Yes,No,No
CUST-08090,35,80.36,2862.35,One year,Fiber optic,Electronic check,0,No,No,No,No,Yes,No
CUST-08091,38,29.83,1210.78,Two year,No,Mailed check,0,No,Yes,No,Yes,No,No
CUST-08092,19,67.42,1352.57,One year,No,Bank transfer,0,No,Yes,No,Yes,No,No
CUST-08093,48,40.57,1799.37,Month-to-month,DSL,Bank transfer,0,No,No,No,No,Yes,No
CUST-08094,18,69.08,1215.93,One year,DSL,Bank transfer,0,No,No,No,No,Yes,No
CUST-08095,25,20.0,441.66,One year,Fiber optic,Bank transfer,0,Yes,No,No,Yes,Yes,Yes
CUST-08096,20,31.48,618.55,Month-to-month,Fiber optic,Bank transfer,1,No,Yes,No,No,No,Yes
CUST-08097,25,99.73,2477.73,Two year,DSL,Bank transfer,0,Yes,No,No,Yes,No,No
CUST-08098,27,79.23,2200.81,Month-to-month,Fiber optic,Credit card,0,Yes,No,No,No,Yes,Yes
CUST-08099,6,61.15,323.47,Two year,Fiber optic,Credit card,0,No,No,Yes,No,No,No
CUST-08100,52,47.28,2228.77,Month-to-month,Fiber optic,Credit card,0,Yes,No,No,No,Yes,No
CUST-08101,32,42.89,1404.71,Month-to-month,DSL,Bank transfer,0,Yes,No,No,No,No,No
CUST-08102,69,75.0,5149.0,One year,DSL,Electronic check,0,Yes,No,No,No,Yes,Yes
CUST-08103,14,61.41,906.65,Month-to-month,Fiber optic,Credit card,0,No,No,No,Yes,No,No
CUST-08104,49,108.67,5206.94,Month-to-month,DSL,Credit card,0,No,No,No,No,No,No
CUST-08105,13,65.38,894.33,Month-to-month,Fiber optic,Mailed check,0,Yes,Yes,No,Yes,Yes,No
CUST-08106,40,71.47,2773.46,Two year,Fiber optic,Credit card,0,No,No,No,Yes,Yes,No
CUST-08107,36,35.29,1102.84,Month-to-month,No,Bank transfer,0,Yes,Yes,No,No,No,No
CUST-08108,33,60.98,1977.98,One year,No,Bank transfer,0,Yes,No,No,Yes,Yes,No
CUST-08109,48,74.42,3397.52,One year,No,Mailed check,0,Yes,No,No,No,Yes,No
CUST-08110,60,60.68,3573.82,Month-to-month,Fiber optic,Mailed check,0,No,Yes,Yes,No,Yes,No
CUST-08111,23,57.86,1341.29,Month-to-month,DSL,Mailed check,0,Yes,Yes,No,Yes,Yes,Yes
CUST-08112,62,78.17,4709.4,Month-to-month,DSL,Electronic check,1,Yes,No,Yes,No,No,No
CUST-08113,14,107.87,1540.25,Two year,Fiber optic,Electronic check,0,Yes,No,No,No,Yes,No
CUST-08114,22,73.62,1481.49,One year,DSL,Mailed check,1,No,No,No,Yes,No,No
CUST-08115,23,98.6,2170.77,Two year,DSL,Credit card,0,Yes,No,No,No,Yes,No
CUST-08116,69,85.54,5794.54,One year,DSL,Electronic check,0,No,No,No,No,Yes,No
CUST-08117,9,97.11,933.95,Two year,Fiber optic,Mailed check,0,Yes,No,No,Yes,No,No
CUST-08118,29,54.76,1606.42,Two year,Fiber optic,Mailed check,0,No,No,Yes,No,Yes,No
CUST-08119,31,64.83,1959.96,Month-to-month,No,Electronic check,0,Yes,No,No,No,Yes,No
CUST-08120,58,64.93,3548.02,Two year,Fiber optic,Electronic check,0,Yes,No,No,No,No,Yes
CUST-08121,35,83.66,2918.95,Month-to-month,DSL,Electronic check,1,Yes,No,No,No,Yes,Yes
CUST-08122,70,89.81,6164.65,Month-to-month,Fiber optic,Bank transfer,0,No,No,No,Yes,No,No
CUST-08123,54,73.13,3819.93,Month-to-month,Fiber optic,Mailed check,0,Yes,Yes,No,No,Yes,No
CUST-08124,51,91.92,4747.31,Month-to-month,No,Bank transfer,0,Yes,Yes,No,Yes,Yes,No
CUST-08125,55,55.92,2987.29,Month-to-month,Fiber optic,Credit card,0,No,No,No,Yes,No,Yes
CUST-08126,12,92.13,1109.61,Month-to-month,DSL,Electronic check,1,No,No,No,Yes,Yes,Yes
CUST-08127,33,95.4,3054.35,Month-to-month,Fiber optic,Mailed check,0,No,Yes,No,Yes,No,No
CUST-08128,43,86.94,3824.94,Two year,Fiber optic,Credit card,0,No,No,No,Yes,Yes,No
CUST-08129,16,73.35,1224.84,Month-to-month,Fiber optic,Electronic check,0,Yes,No,No,Yes,Yes,Yes
CUST-08130,9,87.83,889.28,Month-to-month,DSL,Electronic check,0,No,Yes,No,No,Yes,Yes
CUST-08131,10,47.65,593.51,One year,Fiber optic,Electronic check,0,No,No,Yes,Yes,Yes,Yes
CUST-08132,57,74.96,4122.09,One year,DSL,Mailed check,0,Yes,No,Yes,No,Yes,No
CUST-08133,48,77.51,3916.91,Two year,Fiber optic,Mailed check,1,Yes,No,No,Yes,Yes,Yes
CUST-08134,21,36.76,523.83,Month-to-month,DSL,Bank transfer,1,Yes,No,Yes,No,Yes,No
CUST-08135,54,81.86,4360.41,Month-to-month,DSL,Electronic check,0,No,No,No,Yes,No,No
CUST-08136,51,38.78,1932.38,Two year,Fiber optic,Bank transfer,0,No,No,Yes,No,Yes,No
CUST-08137,59,59.3,3322.84,Month-to-month,Fiber optic,Credit card,1,Yes,No,Yes,Yes,Yes,No
CUST-08138,66,70.99,4633.14,One year,DSL,Mailed check,0,No,Yes,No,No,Yes,No
CUST-08139,64,51.73,3404.12,Month-to-month,No,Bank transfer,0,No,Yes,Yes,No,Yes,No
CUST-08140,14,72.06,1020.11,Month-to-month,Fiber optic,Bank transfer,0,Yes,Yes,No,No,No,Yes
CUST-08141,56,71.66,3850.97,Two year,No,Electronic check,0,Yes,No,No,Yes,Yes,No
CUST-08142,29,49.5,1401.04,Month-to-month,DSL,Mailed check,0,No,No,No,No,Yes,Yes
CUST-08143,30,84.2,2616.79,Month-to-month,Fiber optic,Bank transfer,1,Yes,Yes,No,Yes,Yes,No
CUST-08144,47,50.9,2310.66,One year,Fiber optic,Mailed check,0,Yes,No,No,No,Yes,No
CUST-08145,44,127.2,5556.32,Month-to-month,Fiber optic,Mailed check,0,No,No,Yes,No,Yes,Yes
CUST-08146,31,67.26,2129.61,Month-to-month,DSL,Mailed check,0,Yes,Yes,No,No,Yes,Yes
CUST-08147,72,40.72,3007.9,Month-to-month,DSL,Credit card,1,No,No,No,No,No,No
CUST-08148,13,45.39,653.88,Month-to-month,No,Electronic check,0,Yes,Yes,No,No,Yes,Yes
CUST-08149,7,98.69,654.15,One year,Fiber optic,Bank transfer,0,No,No,Yes,Yes,No,Yes
CUST-08150,3,59.77,11.93,Month-to-month,DSL,Credit card,0,Yes,No,No,Yes,No,No
CUST-08151,59,35.91,2143.88,Month-to-month,DSL,Credit card,1,No,No,No,No,Yes,No
CUST-08152,30,91.34,2587.85,Month-to-month,DSL,Bank transfer,0,Yes,Yes,No,No,Yes,No
CUST-08153,32,59.61,1892.62,Two year,Fiber optic,Mailed check,1,Yes,No,Yes,No,No,No
CUST-08154,47,86.34,3972.2,Month-to-month,DSL,Electronic check,0,Yes,No,No,No,Yes,Yes
CUST-08155,32,93.39,2968.16,Two year,Fiber optic,Mailed check,0,Yes,No,No,Yes,Yes,Yes
CUST-08156,42,76.86,3350.91,Month-to-month,DSL,Credit card,0,Yes,No,No,No,Yes,No
CUST-08157,5,129.9,675.86,Month-to-month,Fiber optic,Electronic check,0,No,No,No,Yes,No,Yes
CUST-08158,12,26.88,429.93,One year,No,Bank transfer,1,No,No,Yes,No,No,Yes
CUST-08159,68,49.55,3292.88,Month-to-month,DSL,Credit card,0,No,Yes,No,Yes,No,No
CUST-08160,33,63.6,2128.35,One year,No,Mailed check,0,No,No,Yes,No,Yes,No
CUST-08161,13,126.53,1535.4,Two year,No,Credit card,0,Yes,Yes,No,No,Yes,No
CUST-08162,27,114.95,3079.48,Two year,Fiber optic,Credit card,0,No,No,Yes,Yes,Yes,No
CUST-08163,25,102.22,2604.64,Month-to-month,DSL,Credit card,0,Yes,Yes,No,No,No,Yes
CUST-08164,20,50.15,806.15,One year,Fiber optic,Bank transfer,1,Yes,Yes,No,No,No,Yes
CUST-08165,22,53.06,1151.52,Month-to-month,DSL,Bank transfer,0,Yes,No,No,No,Yes,Yes
CUST-08166,53,49.29,2660.4,One year,No,Electronic check,0,Yes,No,No,Yes,No,No
CUST-08167,8,50.41,355.61,Month-to-month,Fiber optic,Electronic check,1,No,No,No,No,Yes,Yes
CUST-08168,23,107.32,2548.07,Month-to-month,Fiber optic,Credit card,0,Yes,No,Yes,Yes,Yes,Yes
CUST-08169,34,63.91,2160.64,Month-to-month,Fiber optic,Bank transfer,1,Yes,No,Yes,No,Yes,Yes
CUST-08170,39,67.21,2477.93,Month-to-month,DSL,Credit card,0,Yes,No,No,No,Yes,Yes
CUST-08171,64,89.36,5748.05,One year,Fiber optic,Bank transfer,0,Yes,No,No,Yes,Yes,Yes
CUST-08172,67,28.41,1908.39,Month-to-month,No,Mailed check,0,No,No,No,No,Yes,Yes
CUST-08173,22,71.32,1551.08,Month-to-month,Fiber optic,Credit card,1,Yes,No,Yes,No,Yes,No
CUST-08174,39,42.58,1653.75,One year,DSL,Electronic check,1,Yes,No,No,No,Yes,Yes
CUST-08175,2,62.64,197.15,Month-to-month,No,Electronic check,0,No,No,No,No,No,Yes
CUST-08176,45,55.34,2487.15,Two year,DSL,Bank transfer,0,No,No,No,No,No,No
CUST-08177,12,54.05,707.14,Month-to-month,No,Bank transfer,0,No,No,Yes,No,No,No
CUST-08178,6,75.64,600.04,Month-to-month,DSL,Bank transfer,0,Yes,No,No,Yes,Yes,Yes
CUST-08179,49,75.53,3772.08,Month-to-month,Fiber optic,Bank transfer,0,No,Yes,No,Yes,No,Yes
CUST-08180,13,64.5,837.63,Month-to-month,Fiber optic,Mailed check,0,Yes,No,No,No,Yes,No
CUST-08181,35,79.27,2768.12,Month-to-month,DSL,Electronic check,0,No,No,No,Yes,Yes,No
CUST-08182,8,48.28,356.27,One year,DSL,Credit card,0,No,Yes,No,Yes,Yes,No
CUST-08183,54,87.04,4704.68,Month-to-month,DSL,Mailed check,1,Yes,No,Yes,Yes,Yes,No
CUST-08184,56,64.85,3641.95,Two year,Fiber optic,Electronic check,0,Yes,No,No,No,No,No
CUST-08185,42,57.91,2361.88,Month-to-month,Fiber optic,Electronic check,0,Yes,Yes,No,Yes,Yes,Yes
CUST-08186,61,50.13,3006.66,One year,DSL,Credit card,0,Yes,No,No,No,Yes,No
CUST-08187,32,63.97,1957.32,Month-to-month,Fiber optic,Credit card,0,No,No,No,No,No,No
CUST-08188,14,116.77,1707.33,Month-to-month,No,Credit card,1,Yes,No,No,No,Yes,No
CUST-08189,11,68.42,774.25,Month-to-month,DSL,Credit card,0,No,No,No,No,Yes,No
CUST-08190,16,41.39,658.53,Month-to-month,Fiber optic,Electronic check,0,No,No,No,No,Yes,Yes
CUST-08191,15,92.97,1327.25,One year,No,Electronic check,0,Yes,No,Yes,Yes,No,No
CUST-08192,24,58.2,1455.86,Month-to-month,Fiber optic,Bank transfer,0,Yes,No,No,No,Yes,Yes
CUST-08193,16,77.09,1167.71,Month-to-month,No,Bank transfer,0,Yes,No,Yes,Yes,Yes,Yes
CUST-08194,43,54.86,2287.92,Two year,Fiber optic,Electronic check,0,Yes,No,No,Yes,Yes,No
CUST-08195,11,102.02,1194.1,Month-to-month,Fiber optic,Credit card,0,No,No,No,No,No,Yes
CUST-08196,45,55.23,2444.23,Month-to-month,Fiber optic,Bank transfer,0,No,Yes,No,No,Yes,Yes
CUST-08197,25,104.95,2649.51,Month-to-month,DSL,Bank transfer,0,Yes,No,No,No,Yes,No
CUST-08198,50,43.77,2134.46,Month-to-month,Fiber optic,Bank transfer,0,Yes,No,Yes,No,Yes,Yes
CUST-08199,37,62.68,2294.16,Month-to-month,Fiber optic,Credit card,0,No,No,No,No,Yes,No
CUST-08200,66,105.0,6924.83,One year,DSL,Credit card,0,No,No,No,No,No,No
CUST-08201,32,74.2,2477.34,One year,Fiber optic,Bank transfer,0,No,Yes,No,No,No,No
CUST-08202,22,126.79,2825.99,One year,Fiber optic,Bank transfer,0,No,No,No,No,No,Yes
CUST-08203,43,63.27,2768.79,Month-to-month,DSL,Credit card,1,Yes,No,Yes,No,No,No
CUST-08204,48,76.43,3716.38,Month-to-month,Fiber optic,Mailed check,0,No,Yes,Yes,No,Yes,Yes
CUST-08205,32,117.63,3865.3,One year,DSL,Credit card,0,No,Yes,Yes,No,No,No
CUST-08206,41,32.15,1480.43,Month-to-month,DSL,Electronic check,1,No,No,No,No,Yes,No
CUST-08207,34,29.06,1041.45,Month-to-month,Fiber optic,Electronic check,0,Yes,No,No,Yes,Yes,Yes
CUST-08208,23,50.11,1060.94,Month-to-month,DSL,Electronic check,1,Yes,No,Yes,No,Yes,Yes
CUST-08209,23,90.33,2106.28,One year,Fiber optic,Mailed check,0,Yes,No,No,No,No,Yes
CUST-08210,66,29.75,2094.71,Month-to-month,DSL,Bank transfer,0,No,No,No,No,Yes,Yes
CUST-08211,49,84.93,4033.91,Two year,No,Credit card,0,No,No,No,No,No,No
CUST-08212,7,83.17,748.22,Month-to-month,No,Credit card,0,Yes,Yes,Yes,No,Yes,Yes
CUST-08213,70,120.36,8495.92,Two year,DSL,Electronic check,0,Yes,No,No,Yes,Yes,No
CUST-08214,52,96.14,5030.74,Month-to-month,DSL,Credit card,0,Yes,Yes,No,Yes,No,No
CUST-08215,4,79.1,287.58,One year,DSL,Electronic check,0,No,Yes,No,No,Yes,Yes
CUST-08216,53,103.98,5457.75,Month-to-month,DSL,Mailed check,0,No,No,No,Yes,No,No
CUST-08217,43,83.47,3690.96,Two year,Fiber optic,Credit card,0,Yes,No,No,No,No,No
CUST-08218,66,58.5,3731.01,Month-to-month,Fiber optic,Credit card,1,Yes,No,No,Yes,No,No
CUST-08219,36,41.38,1709.96,Two year,Fiber optic,Credit card,1,Yes,No,Yes,Yes,No,No
CUST-08220,38,55.77,2210.7,One year,No,Electronic check,0,No,No,Yes,Yes,Yes,No
CUST-08221,23,69.0,1640.87,One year,Fiber optic,Electronic check,0,No,Yes,No,No,No,No
CUST-08222,24,74.38,1823.49,Month-to-month,Fiber optic,Credit card,0,Yes,No,No,Yes,No,No
CUST-08223,45,20.0,831.65,Month-to-month,Fiber optic,Electronic check,0,No,No,Yes,Yes,Yes,No
CUST-08224,60,64.51,3891.54,Two year,Fiber optic,Electronic check,0,No,No,No,No,Yes,No
CUST-08225,65,70.71,4450.87,Two year,Fiber optic,Bank transfer,0,Yes,No,Yes,No,Yes,No
CUST-08226,56,83.69,4580.93,Month-to-month,DSL,Electronic check,0,Yes,No,No,No,Yes,No
CUST-08227,44,110.67,4710.76,Month-to-month,DSL,Bank transfer,1,No,Yes,No,No,Yes,No
CUST-08228,37,74.64,2769.61,Month-to-month,DSL,Credit card,0,No,No,No,No,No,No
CUST-08229,25,47.26,1137.23,Month-to-month,DSL,Mailed check,0,No,No,No,No,No,Yes
CUST-08230,56,24.55,1355.44,Month-to-month,Fiber optic,Mailed check,0,No,Yes,No,Yes,Yes,Yes
CUST-08231,23,87.18,2026.68,Two year,Fiber optic,Credit card,0,Yes,No,Yes,Yes,Yes,No
CUST-08232,20,48.27,1090.08,Month-to-month,Fiber optic,Credit card,0,Yes,Yes,No,No,Yes,No
CUST-08233,63,91.67,5623.9,Two year,No,Electronic check,0,Yes,Yes,No,No,Yes,No
CUST-08234,43,104.94,4654.64,Two year,DSL,Bank transfer,0,Yes,Yes,No,No,No,No
CUST-08235,26,31.4,827.16,Month-to-month,No,Electronic check,1,No,Yes,No,No,Yes,No
CUST-08236,63,83.85,5235.72,Month-to-month,DSL,Electronic check,1,No,No,No,No,Yes,No
CUST-08237,70,102.32,7187.9,Month-to-month,DSL,Bank transfer,0,Yes,Yes,Yes,Yes,Yes,No
CUST-08238,23,95.48,2236.29,Month-to-month,DSL,Electronic check,0,Yes,No,Yes,Yes,Yes,No
CUST-08239,38,20.0,876.43,One year,DSL,Electronic check,0,No,No,No,No,No,No
CUST-08240,35,48.66,1685.13,One year,DSL,Mailed check,1,No,Yes,No,No,No,No
CUST-08241,51,38.0,1809.0,Month-to-month,Fiber optic,Mailed check,0,Yes,Yes,Yes,Yes,Yes,Yes
CUST-08242,69,83.09,5595.83,Two year,DSL,Bank transfer,0,No,No,Yes,No,Yes,No
CUST-08243,40,80.33,3284.55,Month-to-month,DSL,Credit card,0,No,No,No,Yes,Yes,No
CUST-08244,58,20.0,1210.91,Month-to-month,DSL,Mailed check,0,No,No,No,No,Yes,No
CUST-08245,43,62.48,2867.39,Two year,Fiber optic,Mailed check,0,No,No,No,No,Yes,No
CUST-08246,64,90.02,5619.14,Month-to-month,Fiber optic,Electronic check,1,No,No,Yes,No,No,Yes
CUST-08247,30,73.7,2257.41,Month-to-month,DSL,Credit card,0,No,No,No,No,Yes,Yes
CUST-08248,28,73.66,2149.15,Month-to-month,DSL,Electronic check,0,No,Yes,Yes,No,No,No
CUST-08249,31,60.88,1918.19,Month-to-month,Fiber optic,Electronic check,0,No,No,No,No,Yes,Yes
CUST-08250,72,43.53,3117.16,Month-to-month,Fiber optic,Bank transfer,0,Yes,No,Yes,No,No,No
CUST-08251,45,69.57,3100.27,One year,Fiber optic,Bank transfer,0,Yes,Yes,No,Yes,No,No
CUST-08252,11,71.3,753.72,Month-to-month,Fiber optic,Electronic check,0,No,Yes,No,Yes,Yes,Yes
CUST-08253,3,85.38,281.48,One year,DSL,Bank transfer,0,Yes,Yes,No,No,No,No
CUST-08254,38,87.41,3441.58,Month-to-month,Fiber optic,Mailed check,0,No,Yes,Yes,Yes,Yes,No
CUST-08255,59,72.15,4131.34,Month-to-month,Fiber optic,Credit card,0,Yes,Yes,No,No,Yes,Yes
CUST-08256,35,97.37,3370.78,Two year,Fiber optic,Electronic check,0,No,Yes,No,No,Yes,No
CUST-08257,41,60.63,2636.44,One year,DSL,Credit card,0,Yes,No,No,No,Yes,No
CUST-08258,58,33.9,1837.22,One year,Fiber optic,Credit card,0,No,No,Yes,Yes,Yes,No
CUST-08259,38,81.93,3157.76,Month-to-month,Fiber optic,Bank transfer,0,No,No,No,No,Yes,Yes
CUST-08260,66,73.16,4558.41,Month-to-month,Fiber optic,Bank transfer,0,Yes,No,No,Yes,No,No
CUST-08261,46,82.42,3743.53,Two year,Fiber optic,Bank transfer,0,Yes,No,No,No,No,No
CUST-08262,53,38.39,1943.33,Two year,Fiber optic,Electronic check,0,Yes,No,No,No,No,No
CUST-08263,57,114.77,6654.54,One year,DSL,Credit card,0,Yes,No,No,Yes,No,No
CUST-08264,46,87.76,3920.44,Month-to-month,DSL,Credit card,1,Yes,No,No,No,No,Yes
CUST-08265,4,62.8,140.18,Month-to-month,DSL,Credit card,0,Yes,No,Yes,No,Yes,Yes
CUST-08266,31,46.61,1356.7,Month-to-month,Fiber optic,Mailed check,0,No,No,No,No,Yes,Yes
CUST-08267,11,96.93,1013.17,Month-to-month,Fiber optic,Electronic check,1,Yes,No,No,Yes,Yes,Yes
CUST-08268,37,42.46,1527.46,Month-to-month,Fiber optic,Bank transfer,1,Yes,Yes,No,No,Yes,No
CUST-08269,11,126.53,1332.6,Month-to-month,Fiber optic,Bank transfer,0,Yes,No,Yes,No,Yes,Yes
CUST-08270,37,54.67,2051.0,Month-to-month,Fiber optic,Mailed check,0,No,No,No,Yes,Yes,No
CUST-08271,25,113.01,2715.48,One year,Fiber optic,Credit card,1,Yes,No,No,Yes,Yes,No
CUST-08272,2,65.39,174.91,One year,DSL,Mailed check,0,Yes,No,Yes,Yes,Yes,No
CUST-08273,9,109.52,909.23,One year,DSL,Credit card,1,Yes,No,Yes,No,No,No
CUST-08274,37,51.63,1699.74,Month-to-month,DSL,Credit card,0,Yes,No,No,No,No,No
CUST-08275,6,70.47,406.39,Month-to-month,Fiber optic,Electronic check,0,No,Yes,No,No,Yes,Yes
CUST-08276,62,90.12,5632.36,Two year,DSL,Electronic check,0,No,Yes,No,Yes,Yes,No
CUST-08277,55,86.55,4664.35,Month-to-month,DSL,Mailed check,0,No,No,No,Yes,Yes,No
CUST-08278,52,97.52,5079.2,Two year,DSL,Bank transfer,0,No,Yes,No,No,Yes,No
CUST-08279,13,57.81,702.79,Month-to-month,Fiber optic,Electronic check,0,Yes,No,No,Yes,Yes,No
CUST-08280,58,72.12,4124.27,One year,No,Electronic check,0,Yes,No,No,No,No,No
CUST-08281,46,101.21,4715.28,Month-to-month,No,Credit card,0,No,No,No,Yes,Yes,No
CUST-08282,29,52.37,1582.53,One year,DSL,Mailed check,1,No,Yes,No,No,No,Yes
CUST-08283,1,84.31,0.0,Two year,Fiber optic,Bank transfer,0,No,No,No,Yes,No,No
CUST-08284,39,64.52,2417.36,Month-to-month,DSL,Bank transfer,0,No,Yes,Yes,No,Yes,No
CUST-08285,58,75.15,4429.0,One year,Fiber optic,Credit card,1,No,No,No,No,Yes,No
CUST-08286,3,72.11,108.94,Two year,Fiber optic,Electronic check,0,Yes,No,No,Yes,Yes,Yes
CUST-08287,4,50.29,109.54,One year,DSL,Bank transfer,0,No,No,No,No,No,No
CUST-08288,28,63.48,1747.49,Month-to-month,Fiber optic,Electronic check,0,Yes,Yes,Yes,Yes,Yes,No
CUST-08289,37,73.62,2663.29,Month-to-month,Fiber optic,Electronic check,0,Yes,Yes,No,No,Yes,Yes
CUST-08290,35,67.43,2307.22,Two year,No,Mailed check,0,No,Yes,No,No,Yes,No
CUST-08291,31,109.32,3361.01,One year,DSL,Credit card,0,No,No,Yes,No,No,Yes
CUST-08292,19,95.25,1785.06,Two year,No,Mailed check,0,Yes,No,Yes,No,Yes,No
CUST-08293,5,77.25,406.56,Month-to-month,DSL,Bank transfer,0,No,Yes,No,Yes,No,No
CUST-08294,3,50.92,160.88,One year,DSL,Credit card,0,No,No,No,No,Yes,Yes
CUST-08295,8,49.4,567.38,Two year,Fiber optic,Electronic check,0,Yes,No,Yes,No,Yes,No
CUST-08296,50,119.35,6028.89,Two year,Fiber optic,Bank transfer,0,No,No,No,Yes,Yes,No
CUST-08297,57,44.75,2542.96,One year,No,Credit card,0,Yes,Yes,No,Yes,No,No
CUST-08298,32,72.85,2494.94,Month-to-month,Fiber optic,Credit card,0,Yes,Yes,No,Yes,No,Yes
CUST-08299,6,79.02,384.86,One year,Fiber optic,Bank transfer,0,Yes,No,No,No,Yes,No
CUST-08300,30,62.22,2058.57,One year,DSL,Credit card,0,No,No,No,No,No,No
CUST-08301,71,44.94,3446.47,Month-to-month,No,Bank transfer,1,Yes,No,No,Yes,No,No
CUST-08302,18,50.38,993.07,Month-to-month,Fiber optic,Electronic check,0,No,Yes,No,Yes,Yes,No
CUST-08303,36,56.34,2012.64,Two year,Fiber optic,Credit card,0,No,No,No,No,Yes,Yes
CUST-08304,39,52.26,2135.02,Month-to-month,Fiber optic,Credit card,0,Yes,No,Yes,No,No,Yes
CUST-08305,24,103.19,2598.76,Month-to-month,DSL,Electronic check,0,No,No,Yes,Yes,Yes,Yes
CUST-08306,32,69.77,2138.3,One year,No,Credit card,0,Yes,Yes,Yes,No,Yes,No
CUST-08307,34,56.9,2014.45,Two year,Fiber optic,Bank transfer,0,No,No,Yes,Yes,No,No
CUST-08308,35,72.67,2520.62,One year,Fiber optic,Mailed check,0,No,Yes,No,No,No,No
CUST-08309,52,86.7,4426.5,Month-to-month,Fiber optic,Credit card,0,No,No,No,Yes,Yes,No
CUST-08310,42,61.38,2610.54,Month-to-month,Fiber optic,Bank transfer,1,No,No,No,No,Yes,No
CUST-08311,4,92.55,379.1,Month-to-month,Fiber optic,Credit card,0,No,No,No,No,Yes,Yes
CUST-08312,1,38.22,0.0,Month-to-month,Fiber optic,Mailed check,0,Yes,Yes,No,No,No,Yes
CUST-08313,30,99.28,3118.83,Two year,DSL,Mailed check,0,Yes,No,Yes,No,Yes,Yes
CUST-08314,66,69.78,4624.38,Month-to-month,Fiber optic,Electronic check,0,No,No,No,No,Yes,Yes
CUST-08315,3,68.8,289.85,Month-to-month,Fiber optic,Credit card,0,No,No,Yes,No,Yes,No
CUST-08316,6,52.67,409.12,Two year,Fiber optic,Mailed check,0,Yes,Yes,Yes,Yes,Yes,No
CUST-08317,49,39.3,1856.86,Month-to-month,Fiber optic,Electronic check,0,Yes,Yes,No,Yes,No,No
CUST-08318,33,28.33,1153.68,Month-to-month,DSL,Electronic check,0,No,No,No,Yes,Yes,Yes
CUST-08319,17,50.93,1076.48,Month-to-month,DSL,Mailed check,0,No,Yes,No,No,Yes,No
CUST-08320,15,84.69,1174.93,Month-to-month,DSL,Mailed check,0,No,No,No,Yes,Yes,Yes
CUST-08321,48,45.97,2211.74,Month-to-month,Fiber optic,Credit card,0,Yes,Yes,No,Yes,Yes,No
CUST-08322,38,31.29,1210.5,Two year,No,Bank transfer,0,Yes,No,Yes,No,Yes,No
CUST-08323,46,47.27,2112.49,Two year,Fiber optic,Credit card,0,No,No,No,No,No,No
CUST-08324,21,60.38,1232.09,One year,Fiber optic,Electronic check,0,Yes,No,Yes,No,Yes,No
CUST-08325,38,61.36,2573.55,One year,Fiber optic,Electronic check,0,No,Yes,Yes,No,Yes,No
CUST-08326,62,66.78,4093.79,Month-to-month,Fiber optic,Electronic check,1,No,No,No,No,Yes,Yes
CUST-08327,23,95.82,2399.83,Two year,No,Mailed check,1,No,No,No,No,Yes,No
CUST-08328,29,101.23,3060.08,Month-to-month,DSL,Electronic check,1,Yes,No,No,No,Yes,No
CUST-08329,12,120.14,1489.85,Month-to-month,Fiber optic,Credit card,0,No,No,Yes,No,No,Yes
CUST-08330,46,29.38,1487.23,Month-to-month,DSL,Credit card,0,No,Yes,No,No,Yes,No
CUST-08331,3,48.6,240.58,Month-to-month,DSL,Mailed check,0,Yes,No,No,Yes,Yes,No
CUST-08332,18,87.46,1637.54,Month-to-month,Fiber optic,Credit card,0,Yes,Yes,No,Yes,Yes,Yes
CUST-08333,52,58.65,3156.25,Month-to-month,DSL,Electronic check,0,Yes,Yes,Yes,No,Yes,No
CUST-08334,2,91.52,136.91,Month-to-month,Fiber optic,Electronic check,0,Yes,No,No,Yes,Yes,Yes
CUST-08335,72,75.18,5397.49,Month-to-month,DSL,Credit card,0,Yes,Yes,No,No,Yes,No
CUST-08336,30,109.48,3149.06,Month-to-month,Fiber optic,Credit card,1,Yes,No,No,No,Yes,Yes
CUST-08337,29,96.07,2864.04,One year,DSL,Credit card,0,No,No,No,Yes,No,No
CUST-08338,39,96.53,3705.67,Month-to-month,No,Credit card,0,No,No,No,Yes,No,Yes
CUST-08339,47,59.7,2662.14,One year,Fiber optic,Bank transfer,1,No,Yes,Yes,Yes,No,No
CUST-08340,34,67.56,2361.66,Month-to-month,Fiber optic,Credit card,0,No,Yes,No,No,Yes,Yes
CUST-08341,64,62.37,3969.39,Month-to-month,Fiber optic,Credit card,0,Yes,No,Yes,No,Yes,No
CUST-08342,70,32.35,2434.0,One year,DSL,Credit card,1,No,No,No,No,Yes,No
CUST-08343,15,106.79,1694.41,One year,Fiber optic,Credit card,0,Yes,No,No,No,Yes,No
CUST-08344,51,88.63,4664.06,Month-to-month,DSL,Mailed check,0,Yes,No,Yes,No,Yes,No
CUST-08345,22,61.37,1346.86,Month-to-month,Fiber optic,Credit card,0,No,No,No,No,No,Yes
CUST-08346,72,102.61,7423.92,Two year,Fiber optic,Electronic check,0,No,No,No,Yes,Yes,No
CUST-08347,19,54.24,1131.14,Month-to-month,Fiber optic,Mailed check,1,Yes,Yes,No,Yes,Yes,No
CUST-08348,22,24.05,286.25,Month-to-month,No,Credit card,0,No,Yes,No,No,No,No
CUST-08349,52,95.18,4796.31,Month-to-month,DSL,Mailed check,0,Yes,Yes,No,No,No,No
CUST-08350,57,38.04,2165.88,Two year,Fiber optic,Credit card,1,No,No,Yes,Yes,Yes,No
CUST-08351,10,65.11,486.54,Month-to-month,Fiber optic,Mailed check,0,Yes,No,No,No,Yes,No
CUST-08352,41,75.15,3005.12,Two year,Fiber optic,Mailed check,0,Yes,No,No,Yes,Yes,Yes
CUST-08353,25,79.64,2054.45,One year,No,Mailed check,0,Yes,No,No,Yes,Yes,No
CUST-08354,45,91.21,4144.59,One year,Fiber optic,Bank transfer,0,Yes,Yes,No,No,Yes,Yes
CUST-08355,41,84.52,3538.31,Month-to-month,DSL,Electronic check,0,No,No,No,No,Yes,No
CUST-08356,71,83.75,5840.43,One year,Fiber optic,Bank transfer,0,No,Yes,Yes,No,No,No
CUST-08357,68,50.23,3510.22,Month-to-month,Fiber optic,Electronic check,0,No,No,No,No,No,Yes
CUST-08358,48,77.36,3636.3,Month-to-month,No,Mailed check,0,No,Yes,No,No,Yes,No
CUST-08359,49,32.36,1647.22,Month-to-month,Fiber optic,Mailed check,0,Yes,No,Yes,No,Yes,No
CUST-08360,65,109.05,7163.99,One year,No,Bank transfer,0,No,No,No,No,No,No
CUST-08361,14,34.94,706.09,One year,DSL,Credit card,0,Yes,Yes,No,No,Yes,No
CUST-08362,53,61.34,3429.32,Two year,Fiber optic,Electronic check,0,Yes,No,No,No,No,No
CUST-08363,56,37.03,2149.75,Month-to-month,DSL,Electronic check,0,No,Yes,No,Yes,Yes,Yes
CUST-08364,10,51.75,489.99,Two year,Fiber optic,Mailed check,0,No,No,No,No,Yes,No
CUST-08365,64,70.34,4520.45,Two year,No,Credit card,0,Yes,No,No,Yes,No,No
CUST-08366,51,56.78,2938.18,Two year,Fiber optic,Mailed check,0,No,Yes,Yes,Yes,No,No
CUST-08367,25,98.61,2409.01,One year,Fiber optic,Credit card,0,No,No,No,No,Yes,No
CUST-08368,35,75.67,2720.18,Month-to-month,DSL,Electronic check,0,Yes,Yes,Yes,No,No,No
CUST-08369,36,58.43,2185.13,Two year,DSL,Mailed check,0,No,No,No,No,Yes,No
CUST-08370,67,66.66,4547.86,One year,Fiber optic,Bank transfer,0,No,Yes,Yes,No,Yes,No
CUST-08371,70,100.49,6928.37,One year,Fiber optic,Bank transfer,0,Yes,Yes,No,No,Yes,No
CUST-08372,59,92.72,5471.29,Month-to-month,DSL,Mailed check,1,No,Yes,No,No,Yes,No
CUST-08373,47,41.53,2052.09,Month-to-month,Fiber optic,Credit card,1,No,No,No,No,No,Yes
CUST-08374,8,52.98,504.18,Month-to-month,Fiber optic,Mailed check,0,No,Yes,Yes,No,No,No
CUST-08375,66,81.87,5391.23,Month-to-month,DSL,Bank transfer,0,Yes,No,Yes,No,No,No
CUST-08376,10,78.83,787.02,Month-to-month,DSL,Electronic check,0,Yes,Yes,No,Yes,No,Yes
CUST-08377,13,43.74,531.23,Two year,Fiber optic,Credit card,0,Yes,Yes,No,No,No,No
CUST-08378,6,88.73,595.12,Month-to-month,Fiber optic,Bank transfer,0,Yes,Yes,Yes,Yes,Yes,No
CUST-08379,69,47.73,3132.58,Month-to-month,No,Mailed check,0,Yes,No,No,No,No,No
CUST-08380,36,102.6,3600.46,Month-to-month,Fiber optic,Mailed check,0,No,No,No,No,Yes,Yes
CUST-08381,17,83.24,1360.45,Month-to-month,DSL,Bank transfer,0,No,Yes,No,No,Yes,No
CUST-08382,6,41.7,308.38,Month-to-month,Fiber optic,Electronic check,0,No,Yes,No,No,Yes,Yes
CUST-08383,30,56.77,1851.08,One year,DSL,Mailed check,0,No,No,No,No,No,No
CUST-08384,53,56.34,3025.52,Two year,Fiber optic,Credit card,1,Yes,No,Yes,No,No,No
CUST-08385,72,74.0,5211.67,Month-to-month,Fiber optic,Credit card,0,No,No,No,Yes,No,No
CUST-08386,40,64.9,2576.52,Month-to-month,No,Bank transfer,0,No,No,No,No,Yes,Yes
CUST-08387,44,41.36,1728.25,One year,Fiber optic,Mailed check,0,Yes,Yes,No,No,No,No
CUST-08388,61,35.14,2119.68,Month-to-month,DSL,Bank transfer,0,Yes,Yes,Yes,No,Yes,No
CUST-08389,65,83.73,5351.02,One year,Fiber optic,Electronic check,0,No,Yes,Yes,No,Yes,No
CUST-08390,21,77.16,1584.68,One year,DSL,Bank transfer,0,No,No,No,No,Yes,Yes
CUST-08391,72,72.64,5147.96,Two year,DSL,Electronic check,0,No,No,No,No,No,No
CUST-08392,38,76.77,3122.96,Month-to-month,Fiber optic,Mailed check,0,Yes,Yes,Yes,No,Yes,Yes
CUST-08393,67,54.53,3694.9,Two year,Fiber optic,Bank transfer,0,No,Yes,No,No,No,No
CUST-08394,9,74.6,585.27,Two year,Fiber optic,Electronic check,0,No,No,Yes,No,Yes,Yes
CUST-08395,8,130.0,1036.77,Month-to-month,DSL,Mailed check,0,No,Yes,Yes,Yes,No,No
CUST-08396,64,99.36,6536.22,Month-to-month,Fiber optic,Mailed check,0,Yes,Yes,No,No,Yes,Yes
CUST-08397,49,62.79,3164.16,Month-to-month,No,Credit card,0,No,Yes,Yes,No,Yes,No
CUST-08398,13,56.92,724.55,Month-to-month,Fiber optic,Credit card,0,Yes,No,No,Yes,Yes,Yes
CUST-08399,65,20.0,1244.88,Two year,Fiber optic,Mailed check,1,Yes,Yes,No,No,No,No
CUST-08400,8,96.72,807.54,Month-to-month,Fiber optic,Bank transfer,0,No,No,No,No,Yes,Yes
CUST-08401,50,89.67,4432.01,Month-to-month,Fiber optic,Electronic check,0,Yes,No,Yes,No,No,No
CUST-08402,15,56.4,962.88,Month-to-month,Fiber optic,Credit card,0,Yes,No,No,Yes,No,Yes
CUST-08403,6,34.21,460.91,One year,No,Mailed check,0,Yes,Yes,No,Yes,Yes,No
CUST-08404,59,41.12,2446.06,Two year,DSL,Credit card,1,No,No,No,Yes,No,No
CUST-08405,62,81.11,5040.56,One year,DSL,Credit card,0,Yes,No,Yes,Yes,No,No
CUST-08406,8,67.77,425.43,One year,Fiber optic,Electronic check,1,No,No,Yes,No,Yes,No
CUST-08407,7,87.29,768.14,Month-to-month,DSL,Mailed check,0,No,No,Yes,Yes,Yes,Yes
CUST-08408,45,72.16,3304.08,One year,DSL,Credit card,1,No,No,No,No,Yes,No
CUST-08409,3,94.17,111.84,Month-to-month,DSL,Electronic check,0,Yes,No,No,No,No,No
CUST-08410,54,79.24,4316.68,Month-to-month,Fiber optic,Bank transfer,0,No,Yes,No,No,No,Yes
CUST-08411,66,90.72,5988.26,One year,Fiber optic,Bank transfer,0,No,No,No,No,Yes,No
CUST-08412,55,20.0,1116.61,Two year,Fiber optic,Bank transfer,0,No,Yes,No,No,Yes,No
CUST-08413,17,39.14,627.14,One year,DSL,Bank transfer,1,No,Yes,No,No,Yes,No
CUST-08414,14,60.89,865.79,One year,Fiber optic,Bank transfer,0,No,Yes,Yes,Yes,No,Yes
CUST-08415,50,96.99,4744.54,Month-to-month,DSL,Mailed check,0,Yes,No,No,No,No,No
CUST-08416,5,117.01,597.51,Month-to-month,DSL,Mailed check,0,Yes,No,No,No,Yes,Yes
CUST-08417,39,65.89,2653.75,Month-to-month,Fiber optic,Credit card,0,Yes,Yes,No,No,No,No
CUST-08418,33,54.71,1789.2,One year,DSL,Electronic check,0,Yes,No,Yes,No,Yes,No
CUST-08419,54,21.13,1072.48,One year,Fiber optic,Electronic check,0,No,No,Yes,No,No,Yes
CUST-08420,15,91.59,1519.36,One year,Fiber optic,Electronic check,0,Yes,No,Yes,No,No,Yes
CUST-08421,55,56.25,3210.23,Month-to-month,Fiber optic,Bank transfer,1,Yes,Yes,No,No,Yes,No
CUST-08422,51,130.0,6529.06,Month-to-month,Fiber optic,Mailed check,1,Yes,No,No,No,No,Yes
CUST-08423,18,51.51,888.92,Month-to-month,No,Electronic check,0,No,No,Yes,No,Yes,Yes
CUST-08424,26,122.63,3194.78,One year,DSL,Electronic check,0,Yes,Yes,No,Yes,Yes,No
CUST-08425,5,88.71,475.69,Two year,No,Mailed check,1,No,Yes,No,Yes,Yes,No
CUST-08426,33,44.29,1527.63,Month-to-month,DSL,Electronic check,0,No,No,No,No,No,No
CUST-08427,19,75.8,1413.46,One year,Fiber optic,Credit card,0,No,No,No,No,Yes,Yes
CUST-08428,9,89.28,712.05,One year,No,Electronic check,1,Yes,Yes,No,No,No,Yes
CUST-08429,41,64.37,2669.31,Month-to-month,DSL,Credit card,0,Yes,No,No,Yes,No,Yes
CUST-08430,41,90.95,3658.54,Month-to-month,Fiber optic,Credit card,0,Yes,No,No,Yes,No,No
CUST-08431,7,90.4,694.4,Month-to-month,Fiber optic,Credit card,1,Yes,No,No,No,No,Yes
CUST-08432,14,84.91,1246.62,Two year,No,Electronic check,0,No,No,No,No,Yes,Yes
CUST-08433,6,69.59,599.47,Month-to-month,DSL,Electronic check,0,Yes,No,Yes,No,Yes,Yes
CUST-08434,49,40.63,2127.33,Month-to-month,Fiber optic,Credit card,0,Yes,No,No,No,No,Yes
CUST-08435,25,68.08,1773.96,Month-to-month,DSL,Bank transfer,0,No,No,Yes,Yes,No,No
CUST-08436,6,74.4,413.56,One year,DSL,Bank transfer,0,No,Yes,No,Yes,Yes,No
CUST-08437,14,23.1,243.69,Month-to-month,Fiber optic,Credit card,0,No,Yes,No,No,Yes,Yes
CUST-08438,71,74.23,5381.48,Two year,Fiber optic,Electronic check,1,No,No,Yes,Yes,Yes,No
CUST-08439,19,67.58,1328.64,Month-to-month,Fiber optic,Mailed check,0,No,Yes,Yes,Yes,Yes,No
CUST-08440,50,37.58,1803.8,Two year,Fiber optic,Electronic check,0,No,Yes,Yes,Yes,No,No
CUST-08441,34,61.67,2115.85,One year,Fiber optic,Credit card,0,Yes,No,No,No,Yes,No
CUST-08442,14,62.2,858.13,Month-to-month,Fiber optic,Electronic check,1,Yes,No,No,No,No,Yes
CUST-08443,23,118.25,2692.55,One year,DSL,Electronic check,0,No,No,No,Yes,Yes,No
CUST-08444,2,75.5,168.34,One year,Fiber optic,Mailed check,1,Yes,No,No,No,Yes,No
CUST-08445,54,95.9,5119.05,Month-to-month,Fiber optic,Bank transfer,0,No,Yes,No,No,Yes,No
CUST-08446,25,67.05,1560.0,One year,DSL,Electronic check,0,Yes,No,Yes,No,No,No
CUST-08447,36,23.15,1023.34,One year,Fiber optic,Credit card,1,No,Yes,No,No,Yes,No
CUST-08448,12,86.81,1024.5,One year,DSL,Credit card,0,No,No,No,No,Yes,No
CUST-08449,60,53.55,3276.09,One year,Fiber optic,Credit card,0,Yes,No,No,No,Yes,No
CUST-08450,16,61.61,833.31,One year,DSL,Mailed check,0,Yes,No,No,No,No,No
CUST-08451,41,43.68,1659.11,Month-to-month,Fiber optic,Mailed check,0,Yes,No,No,Yes,Yes,No
CUST-08452,63,71.82,4435.47,Month-to-month,Fiber optic,Bank transfer,0,No,Yes,No,No,Yes,No
CUST-08453,52,96.63,4933.24,Month-to-month,No,Credit card,0,No,No,Yes,Yes,Yes,No
CUST-08454,44,93.32,4007.66,One year,Fiber optic,Bank transfer,0,No,No,No,No,No,No
CUST-08455,64,109.65,6926.18,Month-to-month,No,Mailed check,0,Yes,No,No,No,Yes,No
CUST-08456,13,113.2,1552.35,Month-to-month,Fiber optic,Bank transfer,0,No,Yes,No,Yes,No,No
CUST-08457,70,20.0,1327.6,One year,DSL,Electronic check,0,No,No,Yes,No,No,No
CUST-08458,41,40.16,1431.13,Month-to-month,Fiber optic,Credit card,0,Yes,No,Yes,No,Yes,No
CUST-08459,30,24.8,757.22,Month-to-month,Fiber optic,Bank transfer,0,No,Yes,Yes,No,Yes,No
CUST-08460,19,85.8,1582.84,Two year,DSL,Mailed check,0,No,No,No,No,Yes,No
CUST-08461,54,52.67,2997.41,One year,Fiber optic,Electronic check,0,No,No,No,No,No,Yes
CUST-08462,71,57.77,4095.34,One year,DSL,Mailed check,0,Yes,No,Yes,Yes,Yes,No
CUST-08463,50,64.59,3356.03,Month-to-month,Fiber optic,Bank transfer,0,Yes,No,No,No,No,No
CUST-08464,3,79.56,214.13,One year,Fiber optic,Credit card,0,Yes,No,No,No,Yes,No
CUST-08465,34,32.87,1057.65,Two year,DSL,Mailed check,0,Yes,Yes,No,Yes,Yes,No
CUST-08466,53,38.53,2101.66,Month-to-month,Fiber optic,Credit card,0,No,No,No,No,Yes,No
CUST-08467,29,70.03,1907.03,Month-to-month,No,Bank transfer,0,Yes,No,No,No,Yes,Yes
CUST-08468,56,99.97,5710.93,Month-to-month,No,Credit card,1,Yes,No,No,No,Yes,No
CUST-08469,51,69.37,3499.26,Two year,No,Electronic check,0,Yes,No,No,Yes,No,Yes
CUST-08470,5,50.21,95.6,Month-to-month,No,Credit card,0,Yes,No,Yes,Yes,No,No
CUST-08471,41,20.0,871.85,Month-to-month,DSL,Electronic check,0,Yes,No,No,No,Yes,No
CUST-08472,13,93.82,1198.39,Month-to-month,Fiber optic,Mailed check,0,Yes,Yes,No,Yes,Yes,Yes
CUST-08473,36,51.6,1737.13,Two year,Fiber optic,Mailed check,0,No,No,No,Yes,Yes,No
CUST-08474,28,41.31,1197.46,Month-to-month,No,Bank transfer,0,Yes,No,No,No,No,No
CUST-08475,59,27.12,1549.9,Month-to-month,DSL,Bank transfer,0,Yes,Yes,No,Yes,No,Yes
CUST-08476,63,34.02,2214.45,Two year,Fiber optic,Mailed check,0,Yes,Yes,No,No,Yes,No
CUST-08477,34,45.97,1549.29,Month-to-month,DSL,Electronic check,0,Yes,Yes,No,No,No,No
CUST-08478,39,64.03,2542.42,One year,No,Bank transfer,0,Yes,No,No,No,Yes,No
CUST-08479,46,39.78,1800.91,Month-to-month,DSL,Mailed check,1,No,Yes,No,No,Yes,No
CUST-08480,48,74.64,3431.09,Month-to-month,No,Credit card,1,Yes,No,Yes,No,Yes,No
CUST-08481,46,63.84,3022.8,Month-to-month,No,Bank transfer,1,No,Yes,No,Yes,Yes,No
CUST-08482,57,125.55,7081.7,Month-to-month,DSL,Mailed check,0,No,No,No,No,No,No
CUST-08483,71,27.39,1743.65,Month-to-month,Fiber optic,Electronic check,0,No,No,Yes,No,Yes,No
CUST-08484,60,74.04,4401.76,One year,DSL,Bank transfer,0,No,No,No,Yes,No,No
CUST-08485,10,74.35,674.82,Month-to-month,Fiber optic,Credit card,0,No,Yes,Yes,No,Yes,Yes
CUST-08486,35,44.24,1638.24,Month-to-month,DSL,Credit card,0,Yes,No,Yes,Yes,Yes,No
CUST-08487,34,72.38,2394.79,One year,Fiber optic,Mailed check,0,Yes,No,No,Yes,Yes,No
CUST-08488,37,89.24,3290.09,Two year,DSL,Electronic check,0,No,No,No,Yes,Yes,No
CUST-08489,39,72.41,2878.4,Month-to-month,Fiber optic,Electronic check,1,No,Yes,No,No,Yes,Yes
CUST-08490,52,104.61,5444.98,Month-to-month,Fiber optic,Bank transfer,0,No,Yes,No,No,Yes,No
CUST-08491,31,20.0,721.29,Month-to-month,Fiber optic,Mailed check,0,Yes,Yes,No,Yes,Yes,Yes
CUST-08492,19,48.94,1035.26,Two year,DSL,Credit card,1,Yes,No,No,No,Yes,No
CUST-08493,33,106.88,3433.39,Two year,DSL,Bank transfer,0,No,No,No,No,Yes,No
CUST-08494,62,92.8,5789.9,Month-to-month,DSL,Electronic check,0,No,No,Yes,Yes,No,No
CUST-08495,23,83.51,2083.23,Month-to-month,No,Bank transfer,0,Yes,No,No,No,No,No
CUST-08496,2,100.83,116.16,Month-to-month,Fiber optic,Mailed check,0,Yes,No,No,No,Yes,Yes
CUST-08497,71,22.09,1453.09,One year,Fiber optic,Credit card,0,No,Yes,Yes,Yes,Yes,No
CUST-08498,15,89.89,1416.94,Month-to-month,No,Electronic check,0,No,No,Yes,Yes,No,Yes
CUST-08499,44,96.61,4175.29,Month-to-month,DSL,Mailed check,0,Yes,Yes,No,No,Yes,No
CUST-08500,58,53.53,3303.6,Month-to-month,Fiber optic,Electronic check,0,No,No,No,Yes,Yes,Yes
CUST-08501,20,130.0,2565.45,One year,No,Bank transfer,0,Yes,No,No,Yes,Yes,No
CUST-08502,25,74.91,1781.12,Two year,Fiber optic,Mailed check,0,Yes,Yes,Yes,No,No,No
CUST-08503,21,20.0,366.91,Month-to-month,DSL,Bank transfer,0,Yes,No,Yes,Yes,No,No
CUST-08504,11,79.53,1018.0,Two year,Fiber optic,Bank transfer,0,Yes,No,No,No,No,No
CUST-08505,12,52.0,496.22,Month-to-month,No,Credit card,0,Yes,No,No,Yes,No,No
CUST-08506,14,99.12,1352.99,One year,Fiber optic,Mailed check,0,Yes,No,No,Yes,No,No
CUST-08507,33,83.7,2736.35,Two year,Fiber optic,Bank transfer,1,No,Yes,No,Yes,No,No
CUST-08508,39,55.05,1890.94,One year,Fiber optic,Bank transfer,1,Yes,No,No,Yes,Yes,No
CUST-08509,2,107.56,166.9,Month-to-month,Fiber optic,Credit card,0,No,No,No,No,No,Yes
CUST-08510,61,93.49,5683.61,Month-to-month,DSL,Electronic check,0,Yes,No,Yes,No,Yes,No
CUST-08511,49,49.3,2329.0,Two year,No,Bank transfer,0,No,No,Yes,Yes,Yes,No
CUST-08512,6,66.2,469.55,One year,DSL,Credit card,0,No,Yes,No,No,No,No
CUST-08513,61,82.92,5137.66,Month-to-month,Fiber optic,Mailed check,1,No,No,Yes,No,No,No
CUST-08514,3,60.89,196.71,One year,Fiber optic,Mailed check,0,Yes,No,No,No,No,No
CUST-08515,41,61.64,2411.19,Month-to-month,Fiber optic,Mailed check,0,Yes,Yes,Yes,Yes,Yes,No
CUST-08516,34,70.92,2320.82,Month-to-month,Fiber optic,Bank transfer,0,Yes,No,No,No,No,No
CUST-08517,37,43.36,1711.67,Two year,Fiber optic,Bank transfer,0,No,No,Yes,No,Yes,No
CUST-08518,69,20.0,1612.05,Month-to-month,DSL,Electronic check,0,No,Yes,No,No,Yes,No
CUST-08519,67,75.98,5183.28,Month-to-month,Fiber optic,Electronic check,0,No,Yes,Yes,No,No,Yes
CUST-08520,21,20.28,472.4,Month-to-month,DSL,Credit card,1,No,Yes,No,No,Yes,No
CUST-08521,42,45.17,1799.55,Two year,DSL,Bank transfer,0,Yes,No,No,No,Yes,No
CUST-08522,70,25.71,1809.32,Month-to-month,Fiber optic,Bank transfer,0,Yes,No,No,No,No,No
CUST-08523,53,28.79,1395.01,Month-to-month,No,Mailed check,0,Yes,No,No,No,No,No
CUST-08524,64,80.66,5218.28,Month-to-month,No,Credit card,1,Yes,No,No,No,Yes,No
CUST-08525,32,64.44,2024.58,Month-to-month,Fiber optic,Credit card,0,No,Yes,Yes,No,Yes,No
CUST-08526,21,63.54,1215.78,Month-to-month,Fiber optic,Mailed check,0,No,No,No,Yes,Yes,Yes
CUST-08527,37,37.1,1327.31,Month-to-month,DSL,Mailed check,0,No,No,No,No,Yes,Yes
CUST-08528,59,53.6,3201.78,Month-to-month,DSL,Credit card,0,Yes,No,No,Yes,Yes,No
CUST-08529,67,79.41,5340.19,One year,Fiber optic,Mailed check,0,No,No,No,No,No,No
CUST-08530,50,68.7,3439.76,Month-to-month,Fiber optic,Mailed check,0,Yes,No,Yes,No,No,No
CUST-08531,51,90.57,4651.86,Month-to-month,Fiber optic,Credit card,0,No,Yes,No,No,No,No
CUST-08532,37,94.13,3373.23,One year,DSL,Electronic check,0,Yes,No,No,Yes,Yes,No
CUST-08533,24,63.69,1426.56,Month-to-month,Fiber optic,Bank transfer,1,Yes,Yes,No,Yes,Yes,No
CUST-08534,31,23.69,645.15,Month-to-month,DSL,Bank transfer,0,No,Yes,No,Yes,No,No
CUST-08535,36,51.08,1704.84,Two year,Fiber optic,Mailed check,0,Yes,No,No,No,No,No
CUST-08536,59,67.56,3984.56,One year,DSL,Electronic check,0,No,No,Yes,Yes,Yes,No
CUST-08537,40,50.59,1874.16,One year,Fiber optic,Credit card,0,No,Yes,No,No,Yes,No
CUST-08538,58,43.63,2552.83,Month-to-month,Fiber optic,Credit card,0,No,No,Yes,No,No,Yes
CUST-08539,2,71.74,0.0,Two year,DSL,Credit card,0,No,Yes,No,Yes,Yes,No
CUST-08540,55,130.0,7222.23,Month-to-month,Fiber optic,Mailed check,0,No,No,Yes,No,No,Yes
CUST-08541,37,57.8,2163.37,Month-to-month,Fiber optic,Credit card,0,No,No,No,No,Yes,Yes
CUST-08542,72,69.93,4882.59,Two year,DSL,Credit card,0,Yes,No,No,Yes,Yes,No
CUST-08543,34,37.2,1310.32,Month-to-month,Fiber optic,Electronic check,0,Yes,No,No,No,Yes,Yes
CUST-08544,35,101.09,3525.93,One year,No,Mailed check,0,No,No,No,No,Yes,No
CUST-08545,10,91.87,1031.45,Month-to-month,DSL,Mailed check,1,Yes,Yes,No,No,No,No
CUST-08546,59,90.14,5304.83,Month-to-month,DSL,Bank transfer,1,Yes,No,Yes,Yes,No,No
CUST-08547,51,103.99,5135.82,One year,Fiber optic,Electronic check,0,Yes,Yes,No,Yes,Yes,No
CUST-08548,63,59.32,3692.02,Month-to-month,Fiber optic,Bank transfer,1,No,No,No,No,No,Yes
CUST-08549,7,62.44,417.07,One year,No,Mailed check,0,No,Yes,Yes,No,Yes,No
CUST-08550,16,112.75,1750.23,Month-to-month,DSL,Bank transfer,0,Yes,No,No,Yes,No,No
CUST-08551,64,85.82,5544.26,Month-to-month,No,Bank transfer,0,Yes,No,Yes,Yes,Yes,No
CUST-08552,4,20.0,181.76,One year,Fiber optic,Bank transfer,1,Yes,No,No,No,Yes,Yes
CUST-08553,37,81.37,3057.99,Month-to-month,DSL,Credit card,0,No,No,No,No,Yes,No
CUST-08554,30,55.46,1560.99,One year,Fiber optic,Bank transfer,0,Yes,No,Yes,No,No,No
CUST-08555,68,92.45,6321.69,Month-to-month,Fiber optic,Bank transfer,0,Yes,No,Yes,Yes,No,Yes
CUST-08556,62,80.2,4964.54,Month-to-month,DSL,Bank transfer,0,Yes,Yes,No,No,No,No
CUST-08557,65,26.49,1642.54,Month-to-month,DSL,Bank transfer,0,Yes,No,No,Yes,No,No
CUST-08558,21,76.72,1754.69,One year,DSL,Credit card,1,No,Yes,No,No,No,No
CUST-08559,43,75.27,3244.38,Month-to-month,Fiber optic,Mailed check,0,Yes,No,Yes,No,Yes,No
CUST-08560,51,79.09,3952.81,Month-to-month,DSL,Mailed check,0,No,Yes,No,No,Yes,No
CUST-08561,70,84.39,5894.02,Two year,DSL,Mailed check,0,Yes,No,Yes,Yes,No,No
CUST-08562,1,107.4,128.95,Month-to-month,DSL,Electronic check,1,No,No,No,Yes,Yes,Yes
CUST-08563,71,80.35,5871.58,One year,Fiber optic,Bank transfer,0,Yes,Yes,Yes,No,Yes,No
CUST-08564,26,70.57,1886.54,Month-to-month,No,Bank transfer,0,Yes,No,No,No,Yes,No
CUST-08565,10,98.7,921.77,Month-to-month,DSL,Mailed check,0,No,No,No,No,Yes,Yes
CUST-08566,45,126.07,5739.22,Month-to-month,No,Bank transfer,0,No,Yes,No,No,No,Yes
CUST-08567,57,92.88,5308.51,Month-to-month,Fiber optic,Mailed check,0,Yes,Yes,Yes,No,Yes,No
CUST-08568,10,75.16,595.6,One year,No,Credit card,0,No,Yes,No,Yes,Yes,Yes
CUST-08569,3,80.81,108.1,Month-to-month,Fiber optic,Credit card,0,No,No,No,Yes,No,Yes
CUST-08570,65,76.4,4886.67,Month-to-month,Fiber optic,Credit card,0,No,No,Yes,No,Yes,No
CUST-08571,68,70.46,4692.11,One year,Fiber optic,Credit card,1,No,No,Yes,No,Yes,No
CUST-08572,12,124.13,1380.24,One year,Fiber optic,Credit card,0,No,No,No,Yes,Yes,No
CUST-08573,66,51.27,3429.16,Month-to-month,No,Bank transfer,1,No,Yes,Yes,No,No,Yes
CUST-08574,66,98.87,6619.9,Month-to-month,No,Bank transfer,1,No,Yes,No,Yes,No,Yes
CUST-08575,72,66.85,4683.83,Month-to-month,Fiber optic,Mailed check,1,No,No,No,Yes,Yes,No
CUST-08576,16,32.99,513.29,Two year,Fiber optic,Credit card,0,Yes,No,No,Yes,Yes,No
CUST-08577,42,65.29,2862.15,One year,Fiber optic,Mailed check,1,No,No,Yes,Yes,Yes,No
CUST-08578,72,56.33,4143.58,One year,Fiber optic,Mailed check,0,Yes,No,Yes,Yes,Yes,No
CUST-08579,65,84.44,5456.66,Month-to-month,Fiber optic,Credit card,0,No,Yes,No,No,Yes,No
CUST-08580,44,72.28,3132.09,Month-to-month,Fiber optic,Electronic check,0,No,No,No,No,No,Yes
CUST-08581,15,44.45,818.42,Month-to-month,DSL,Electronic check,1,No,No,No,No,Yes,Yes
CUST-08582,7,106.78,884.8,Month-to-month,No,Credit card,1,Yes,No,No,No,No,Yes
CUST-08583,19,97.25,1997.97,Month-to-month,DSL,Bank transfer,0,No,No,Yes,No,Yes,Yes
CUST-08584,5,109.65,526.72,Month-to-month,DSL,Credit card,0,Yes,No,No,Yes,No,Yes
CUST-08585,15,75.92,1116.72,Month-to-month,DSL,Mailed check,0,No,Yes,No,No,No,No
CUST-08586,6,69.11,303.9,Month-to-month,DSL,Electronic check,0,Yes,No,No,No,Yes,Yes
CUST-08587,55,87.59,4843.3,Month-to-month,Fiber optic,Mailed check,0,No,Yes,No,No,Yes,Yes
CUST-08588,43,55.56,2346.38,Month-to-month,DSL,Credit card,0,No,No,No,Yes,Yes,No
CUST-08589,38,73.25,2783.85,One year,DSL,Bank transfer,0,No,No,Yes,Yes,No,No
CUST-08590,59,65.61,3640.11,One year,DSL,Credit card,0,Yes,No,No,Yes,Yes,No
CUST-08591,30,33.47,963.01,Month-to-month,DSL,Electronic check,0,Yes,No,No,No,Yes,Yes
CUST-08592,30,73.19,2327.68,One year,No,Mailed check,0,No,No,No,No,Yes,No
CUST-08593,15,58.98,900.22,Month-to-month,Fiber optic,Bank transfer,0,Yes,No,Yes,Yes,No,No
CUST-08594,33,63.94,1834.88,Month-to-month,DSL,Electronic check,0,No,No,Yes,No,No,No
CUST-08595,13,79.09,1096.41,Two year,Fiber optic,Mailed check,0,No,No,Yes,No,No,Yes
CUST-08596,43,101.81,4503.42,Month-to-month,Fiber optic,Credit card,0,No,Yes,Yes,Yes,Yes,No
CUST-08597,72,48.78,3359.84,One year,Fiber optic,Electronic check,0,No,No,No,No,No,No
CUST-08598,39,61.59,2424.89,Month-to-month,DSL,Electronic check,0,No,Yes,No,Yes,No,Yes
CUST-08599,22,50.87,1089.08,Month-to-month,Fiber optic,Bank transfer,0,Yes,No,Yes,Yes,No,No
CUST-08600,50,49.25,2510.79,Month-to-month,DSL,Electronic check,0,No,Yes,No,No,Yes,No
CUST-08601,60,55.14,3378.02,Month-to-month,DSL,Electronic check,0,Yes,No,Yes,Yes,No,No
CUST-08602,34,65.09,2196.22,Month-to-month,No,Bank transfer,0,No,No,No,No,Yes,Yes
CUST-08603,19,84.65,1615.22,Month-to-month,Fiber optic,Bank transfer,1,No,No,No,No,Yes,Yes
CUST-08604,52,78.01,4236.78,Month-to-month,DSL,Credit card,0,Yes,Yes,No,Yes,Yes,No
CUST-08605,14,43.58,1014.61,Month-to-month,DSL,Electronic check,1,Yes,No,Yes,Yes,Yes,Yes
CUST-08606,72,102.35,7449.76,Month-to-month,Fiber optic,Credit card,0,No,No,No,Yes,Yes,No
CUST-08607,23,93.61,2183.31,Month-to-month,DSL,Bank transfer,0,No,Yes,No,No,Yes,Yes
CUST-08608,26,47.47,1179.4,Month-to-month,Fiber optic,Bank transfer,0,No,Yes,No,Yes,No,Yes
CUST-08609,53,100.6,5327.37,Month-to-month,DSL,Electronic check,0,Yes,No,No,No,Yes,Yes
CUST-08610,1,78.17,87.84,One year,DSL,Credit card,0,Yes,No,No,No,Yes,No
CUST-08611,15,66.09,1009.31,Two year,Fiber optic,Electronic check,0,No,Yes,No,Yes,Yes,No
CUST-08612,10,78.95,575.18,Month-to-month,DSL,Bank transfer,0,Yes,No,No,No,Yes,Yes
CUST-08613,29,69.36,1954.57,Month-to-month,Fiber optic,Electronic check,0,No,No,No,No,Yes,Yes
CUST-08614,40,83.63,3323.96,Two year,DSL,Bank transfer,0,No,Yes,Yes,No,Yes,No
CUST-08615,13,74.68,938.92,One year,No,Mailed check,0,No,No,No,No,Yes,No
CUST-08616,25,61.56,1579.43,Two year,Fiber optic,Electronic check,0,No,Yes,No,Yes,Yes,No
CUST-08617,56,20.0,1302.79,One year,DSL,Electronic check,0,No,No,No,No,Yes,No
CUST-08618,68,83.18,5718.63,One year,DSL,Mailed check,0,No,No,Yes,No,Yes,No
CUST-08619,2,60.66,171.73,Month-to-month,Fiber optic,Mailed check,0,No,No,Yes,Yes,Yes,No
CUST-08620,46,89.45,4195.08,Month-to-month,Fiber optic,Mailed check,0,Yes,No,No,No,No,Yes
CUST-08621,2,82.04,308.66,One year,Fiber optic,Mailed check,0,No,No,No,Yes,No,Yes
CUST-08622,38,61.31,2621.53,Month-to-month,DSL,Electronic check,1,Yes,No,No,No,Yes,Yes
CUST-08623,64,95.57,6150.53,One year,Fiber optic,Mailed check,0,Yes,Yes,Yes,No,Yes,No
CUST-08624,58,75.12,4388.17,Two year,DSL,Mailed check,0,Yes,Yes,No,No,No,No
CUST-08625,17,74.09,1300.15,Month-to-month,DSL,Mailed check,0,Yes,No,Yes,No,No,No
CUST-08626,19,66.55,1307.77,Month-to-month,DSL,Electronic check,1,No,No,Yes,No,Yes,Yes
CUST-08627,57,112.09,6323.48,Two year,Fiber optic,Electronic check,0,Yes,No,Yes,No,Yes,No
CUST-08628,60,52.17,3144.95,Two year,Fiber optic,Electronic check,0,Yes,Yes,Yes,Yes,Yes,No
CUST-08629,21,61.93,1233.96,Two year,DSL,Bank transfer,0,Yes,No,Yes,No,No,No
CUST-08630,1,39.07,145.09,One year,DSL,Bank transfer,0,No,Yes,No,No,Yes,No
CUST-08631,33,88.17,3232.35,Two year,Fiber optic,Credit card,0,Yes,Yes,No,Yes,Yes,No
CUST-08632,45,55.45,2533.14,Month-to-month,Fiber optic,Electronic check,0,No,No,No,Yes,Yes,No
CUST-08633,32,58.25,1956.4,Month-to-month,Fiber optic,Mailed check,0,No,No,No,No,Yes,Yes
CUST-08634,68,57.08,4010.68,Month-to-month,Fiber optic,Electronic check,0,No,No,No,No,Yes,No
CUST-08635,59,71.57,4124.16,Month-to-month,Fiber optic,Credit card,0,Yes,Yes,No,No,Yes,No
CUST-08636,57,38.73,2292.62,Two year,Fiber optic,Credit card,0,No,Yes,No,No,Yes,No
CUST-08637,2,20.0,88.58,Month-to-month,No,Electronic check,0,Yes,No,Yes,Yes,Yes,Yes
CUST-08638,62,81.44,4905.13,One year,No,Credit card,0,No,No,Yes,No,Yes,No
CUST-08639,55,20.0,1088.13,Month-to-month,Fiber optic,Credit card,0,No,No,Yes,Yes,No,No
CUST-08640,29,91.35,2391.94,One year,Fiber optic,Bank transfer,0,No,No,No,No,Yes,No
CUST-08641,43,108.96,4516.43,Month-to-month,DSL,Credit card,0,No,No,No,No,No,Yes
CUST-08642,60,65.89,3829.05,Month-to-month,DSL,Electronic check,0,Yes,Yes,No,Yes,Yes,No
CUST-08643,66,102.49,6621.09,Month-to-month,DSL,Mailed check,0,No,Yes,No,Yes,Yes,No
CUST-08644,40,69.39,2919.49,Month-to-month,Fiber optic,Bank transfer,1,Yes,No,No,Yes,Yes,No
CUST-08645,3,109.98,211.89,Month-to-month,No,Bank transfer,0,Yes,No,Yes,Yes,Yes,No
CUST-08646,45,58.59,2665.95,One year,Fiber optic,Bank transfer,0,No,Yes,No,No,Yes,No
CUST-08647,49,20.0,969.52,Month-to-month,Fiber optic,Credit card,0,No,No,No,Yes,Yes,Yes
CUST-08648,5,68.0,327.23,Two year,DSL,Electronic check,0,No,No,Yes,No,No,No
CUST-08649,59,112.7,6603.12,Two year,No,Credit card,0,No,Yes,Yes,Yes,Yes,No
CUST-08650,15,83.37,1179.6,Month-to-month,DSL,Electronic check,1,No,Yes,Yes,No,No,Yes
CUST-08651,65,57.12,3788.05,Month-to-month,No,Mailed check,0,No,No,No,Yes,Yes,No
CUST-08652,40,78.22,2882.54,Month-to-month,DSL,Mailed check,1,No,No,No,Yes,Yes,Yes
CUST-08653,24,94.28,2365.6,Month-to-month,DSL,Credit card,0,Yes,Yes,No,No,Yes,Yes
CUST-08654,5,67.86,295.87,Month-to-month,Fiber optic,Mailed check,0,Yes,No,Yes,No,No,No
CUST-08655,2,130.0,281.71,Two year,DSL,Credit card,0,Yes,No,Yes,Yes,Yes,No
CUST-08656,54,57.06,3148.8,Two year,DSL,Electronic check,0,Yes,Yes,Yes,No,No,No
CUST-08657,28,95.06,2792.4,Month-to-month,Fiber optic,Credit card,0,No,No,No,No,No,No
CUST-08658,61,89.05,5357.69,One year,Fiber optic,Electronic check,0,No,Yes,No,No,No,No
CUST-08659,17,52.5,849.63,Two year,DSL,Bank transfer,0,No,No,Yes,Yes,No,No
CUST-08660,67,59.39,3821.66,Month-to-month,Fiber optic,Mailed check,1,Yes,Yes,Yes,No,Yes,No
CUST-08661,68,95.45,6529.1,Two year,Fiber optic,Electronic check,0,No,Yes,Yes,Yes,No,No
CUST-08662,8,73.62,792.64,Two year,DSL,Bank transfer,0,No,No,No,No,Yes,No
CUST-08663,47,78.45,3633.96,Two year,Fiber optic,Credit card,0,Yes,No,No,No,Yes,No
CUST-08664,68,29.1,1954.72,One year,Fiber optic,Bank transfer,0,Yes,Yes,No,No,No,No
CUST-08665,24,86.4,2121.34,Month-to-month,No,Bank transfer,0,No,No,No,No,Yes,Yes
CUST-08666,5,77.18,377.13,Month-to-month,Fiber optic,Credit card,0,Yes,No,No,Yes,Yes,Yes
CUST-08667,64,68.4,4458.28,Two year,Fiber optic,Mailed check,0,No,No,No,No,No,No
CUST-08668,35,79.02,2761.2,Month-to-month,Fiber optic,Electronic check,1,No,Yes,Yes,Yes,No,Yes
CUST-08669,2,59.77,217.66,Month-to-month,Fiber optic,Bank transfer,0,Yes,Yes,No,Yes,Yes,Yes
CUST-08670,61,55.2,3320.99,Month-to-month,Fiber optic,Credit card,1,Yes,No,No,Yes,No,Yes
CUST-08671,49,63.95,3143.36,Month-to-month,Fiber optic,Electronic check,0,No,No,No,Yes,Yes,Yes
CUST-08672,6,58.39,254.83,Month-to-month,DSL,Mailed check,1,Yes,No,Yes,No,No,Yes
CUST-08673,19,124.51,2301.18,Two year,No,Mailed check,0,No,No,No,No,No,Yes
CUST-08674,2,92.8,197.01,Month-to-month,Fiber optic,Credit card,0,Yes,Yes,No,No,Yes,Yes
CUST-08675,69,45.79,3159.67,Month-to-month,Fiber optic,Credit card,0,Yes,No,No,Yes,Yes,No
CUST-08676,2,120.91,340.02,Month-to-month,Fiber optic,Bank transfer,1,No,No,No,No,No,No
CUST-08677,58,59.18,3465.87,One year,DSL,Mailed check,1,No,No,No,Yes,Yes,No
CUST-08678,37,70.74,2605.42,One year,Fiber optic,Bank transfer,0,Yes,No,No,Yes,No,No
CUST-08679,42,92.44,3835.17,Two year,Fiber optic,Mailed check,0,Yes,No,Yes,No,No,No
CUST-08680,59,20.75,1239.52,Two year,Fiber optic,Bank transfer,1,Yes,No,No,No,Yes,No
CUST-08681,65,64.07,4258.47,Month-to-month,DSL,Credit card,0,Yes,Yes,Yes,No,Yes,No
CUST-08682,10,55.67,489.0,Two year,Fiber optic,Bank transfer,0,Yes,No,No,No,No,Yes
CUST-08683,2,75.13,427.22,Month-to-month,Fiber optic,Credit card,1,Yes,Yes,Yes,No,Yes,Yes
CUST-08684,9,79.25,577.45,One year,Fiber optic,Bank transfer,0,No,Yes,No,Yes,No,No
CUST-08685,50,68.07,3322.57,One year,DSL,Mailed check,0,No,No,No,Yes,No,No
CUST-08686,41,66.91,2697.1,Month-to-month,Fiber optic,Electronic check,0,No,Yes,No,Yes,Yes,No
CUST-08687,7,96.63,770.07,Month-to-month,DSL,Credit card,0,No,No,No,No,No,Yes
CUST-08688,17,77.54,1464.13,One year,Fiber optic,Mailed check,0,No,No,No,Yes,Yes,No
CUST-08689,39,71.04,2737.05,Month-to-month,Fiber optic,Credit card,1,No,No,No,Yes,Yes,Yes
CUST-08690,53,73.7,3819.02,One year,Fiber optic,Credit card,0,No,Yes,No,No,No,No
CUST-08691,25,115.9,2806.73,Month-to-month,No,Bank transfer,0,No,No,No,No,Yes,Yes
CUST-08692,69,74.32,5223.46,One year,DSL,Bank transfer,0,Yes,No,No,No,Yes,No
CUST-08693,72,57.14,3991.44,Two year,Fiber optic,Mailed check,0,No,No,Yes,Yes,Yes,No
CUST-08694,56,22.28,1277.27,Month-to-month,Fiber optic,Electronic check,0,No,No,No,Yes,No,No
CUST-08695,33,34.15,1165.91,Month-to-month,Fiber optic,Credit card,0,Yes,Yes,Yes,No,Yes,No
CUST-08696,64,58.32,3767.57,One year,Fiber optic,Credit card,0,Yes,Yes,No,No,Yes,No
CUST-08697,53,67.29,3487.72,Month-to-month,No,Bank transfer,0,Yes,Yes,Yes,Yes,Yes,No
CUST-08698,38,56.11,2006.84,Month-to-month,Fiber optic,Credit card,0,No,No,No,No,Yes,Yes
CUST-08699,32,78.78,2521.15,One year,DSL,Electronic check,1,No,No,No,No,Yes,No
CUST-08700,60,55.79,3409.29,Month-to-month,DSL,Bank transfer,0,Yes,Yes,No,No,Yes,No
CUST-08701,41,47.14,1895.44,One year,No,Electronic check,0,Yes,No,No,No,Yes,No
CUST-08702,14,85.32,1258.1,Month-to-month,DSL,Bank transfer,1,Yes,No,No,Yes,No,Yes
CUST-08703,72,104.23,7490.27,Month-to-month,Fiber optic,Credit card,0,No,No,No,No,Yes,No
CUST-08704,5,42.32,271.77,Month-to-month,No,Mailed check,0,Yes,No,Yes,No,Yes,No
CUST-08705,51,76.09,3776.11,Two year,Fiber optic,Mailed check,0,No,No,No,Yes,No,No
CUST-08706,48,22.37,1051.74,Month-to-month,DSL,Bank transfer,0,Yes,No,No,Yes,Yes,Yes
CUST-08707,43,33.14,1595.37,Month-to-month,Fiber optic,Mailed check,0,Yes,No,Yes,No,No,No
CUST-08708,4,55.28,162.39,Month-to-month,Fiber optic,Credit card,0,Yes,Yes,No,No,No,No
CUST-08709,36,98.37,3577.36,One year,No,Mailed check,0,Yes,Yes,No,Yes,Yes,No
CUST-08710,65,50.53,3281.97,One year,Fiber optic,Mailed check,0,No,No,No,Yes,Yes,No
CUST-08711,18,49.6,841.97,Month-to-month,Fiber optic,Mailed check,0,Yes,No,No,No,No,Yes
CUST-08712,50,70.9,3628.21,Month-to-month,DSL,Mailed check,0,No,No,No,No,Yes,Yes
CUST-08713,62,70.93,4329.87,Month-to-month,DSL,Mailed check,0,No,Yes,No,No,No,No
CUST-08714,69,50.37,3584.49,One year,Fiber optic,Credit card,0,No,Yes,Yes,Yes,No,Yes
CUST-08715,38,119.66,4618.31,Two year,Fiber optic,Bank transfer,0,No,Yes,No,No,No,No
CUST-08716,23,63.37,1319.63,One year,Fiber optic,Mailed check,0,Yes,No,No,Yes,Yes,Yes
CUST-08717,51,72.84,3795.12,One year,No,Electronic check,1,No,No,No,No,No,No
CUST-08718,36,59.96,2169.09,Month-to-month,DSL,Credit card,0,No,No,No,No,Yes,Yes
CUST-08719,46,81.0,3618.47,One year,DSL,Electronic check,0,No,No,No,Yes,Yes,No
CUST-08720,54,100.87,5393.63,One year,Fiber optic,Mailed check,0,No,No,Yes,No,No,No
CUST-08721,52,111.59,5720.89,Month-to-month,Fiber optic,Bank transfer,0,No,Yes,Yes,No,Yes,No
CUST-08722,18,50.94,951.8,Two year,Fiber optic,Electronic check,0,Yes,No,No,No,Yes,Yes
CUST-08723,55,97.52,5556.32,Month-to-month,Fiber optic,Mailed check,0,No,No,Yes,No,Yes,No
CUST-08724,40,83.74,3347.74,One year,DSL,Credit card,0,No,No,Yes,No,No,No
CUST-08725,68,94.36,6362.44,One year,Fiber optic,Electronic check,0,Yes,No,No,Yes,Yes,No
CUST-08726,48,67.7,3247.71,Two year,No,Electronic check,0,Yes,Yes,No,Yes,Yes,No
CUST-08727,65,65.32,4234.32,Month-to-month,Fiber optic,Electronic check,0,Yes,No,No,No,Yes,No
CUST-08728,71,93.39,6685.66,Two year,Fiber optic,Bank transfer,0,No,No,Yes,No,Yes,No
CUST-08729,72,93.87,6714.71,Month-to-month,Fiber optic,Electronic check,0,Yes,No,Yes,No,No,Yes
CUST-08730,54,109.14,5602.64,Month-to-month,Fiber optic,Electronic check,0,Yes,No,No,No,No,No
CUST-08731,44,74.96,3307.72,Two year,Fiber optic,Mailed check,0,No,No,No,No,No,No
CUST-08732,9,67.33,575.49,Month-to-month,DSL,Bank transfer,0,Yes,No,No,No,No,Yes
CUST-08733,28,20.0,449.96,One year,Fiber optic,Credit card,0,No,No,No,Yes,Yes,No
CUST-08734,35,29.72,1013.58,Month-to-month,No,Electronic check,0,No,No,Yes,Yes,No,Yes
CUST-08735,57,60.14,3551.09,Two year,No,Bank transfer,1,No,Yes,No,Yes,Yes,No
CUST-08736,43,42.47,1739.39,One year,Fiber optic,Credit card,1,Yes,No,No,No,No,No
CUST-08737,32,90.35,2878.76,Month-to-month,DSL,Bank transfer,0,Yes,No,No,Yes,No,Yes
CUST-08738,11,37.25,365.97,Two year,Fiber optic,Credit card,1,Yes,Yes,No,No,Yes,No
CUST-08739,52,57.47,2849.95,Month-to-month,DSL,Electronic check,0,Yes,No,No,Yes,Yes,No
CUST-08740,32,58.45,1895.96,One year,DSL,Electronic check,0,No,No,Yes,Yes,No,No
CUST-08741,3,100.12,293.97,One year,Fiber optic,Bank transfer,1,Yes,No,Yes,No,Yes,Yes
CUST-08742,21,54.79,1376.83,One year,Fiber optic,Mailed check,0,No,No,No,No,No,No
CUST-08743,64,81.31,5274.5,One year,Fiber optic,Bank transfer,0,No,No,No,No,Yes,No
CUST-08744,9,74.89,755.78,Two year,Fiber optic,Bank transfer,0,Yes,No,No,No,Yes,No
CUST-08745,30,92.58,2693.9,One year,Fiber optic,Mailed check,0,No,Yes,No,No,Yes,Yes
CUST-08746,37,91.26,3450.72,Two year,DSL,Credit card,0,Yes,No,No,No,No,No
CUST-08747,7,69.16,539.5,Month-to-month,DSL,Credit card,0,Yes,No,No,No,No,Yes
CUST-08748,12,27.59,89.22,Month-to-month,Fiber optic,Mailed check,0,Yes,No,Yes,No,Yes,Yes
CUST-08749,68,64.21,4479.07,One year,No,Electronic check,0,Yes,No,Yes,No,No,No
CUST-08750,43,69.5,2977.41,Month-to-month,No,Credit card,0,No,No,No,No,No,Yes
CUST-08751,16,77.15,1144.3,Month-to-month,DSL,Credit card,0,Yes,No,No,Yes,No,No
CUST-08752,13,51.56,659.88,One year,Fiber optic,Credit card,0,Yes,No,No,Yes,No,No
CUST-08753,31,98.52,2992.12,Month-to-month,Fiber optic,Electronic check,0,No,Yes,Yes,Yes,Yes,Yes
CUST-08754,53,70.34,3761.89,Month-to-month,DSL,Bank transfer,1,Yes,No,No,No,Yes,No
CUST-08755,53,46.99,2450.61,Month-to-month,Fiber optic,Credit card,0,Yes,No,No,No,No,No
CUST-08756,15,58.54,1049.79,Month-to-month,Fiber optic,Mailed check,0,Yes,No,No,Yes,Yes,Yes
CUST-08757,53,118.21,6437.43,Month-to-month,Fiber optic,Credit card,0,No,No,No,No,No,No
CUST-08758,65,86.61,5655.05,Month-to-month,DSL,Bank transfer,1,No,No,No,Yes,No,Yes
CUST-08759,17,96.21,1692.76,Two year,DSL,Mailed check,0,Yes,No,Yes,Yes,No,No
CUST-08760,2,43.96,257.09,Month-to-month,DSL,Bank transfer,0,Yes,Yes,Yes,Yes,No,No
CUST-08761,70,52.78,3661.84,Two year,Fiber optic,Bank transfer,1,No,No,Yes,No,Yes,No
CUST-08762,38,52.96,1995.15,Two year,DSL,Bank transfer,0,Yes,Yes,No,Yes,No,No
CUST-08763,56,74.61,4238.8,Month-to-month,Fiber optic,Electronic check,0,Yes,No,No,No,Yes,Yes
CUST-08764,24,65.65,1570.33,Two year,Fiber optic,Mailed check,0,No,No,No,No,No,No
CUST-08765,22,57.76,1297.53,Month-to-month,DSL,Bank transfer,0,No,No,Yes,No,Yes,Yes
CUST-08766,17,60.9,1002.05,One year,DSL,Bank transfer,1,Yes,No,No,No,Yes,No
CUST-08767,16,50.15,703.93,Two year,DSL,Mailed check,0,No,No,No,Yes,No,No
CUST-08768,34,65.5,2125.99,Two year,No,Credit card,1,Yes,No,No,No,Yes,No
CUST-08769,8,97.83,901.65,Month-to-month,DSL,Mailed check,0,Yes,No,No,No,Yes,Yes
CUST-08770,61,32.17,2001.82,Month-to-month,Fiber optic,Mailed check,0,No,No,Yes,No,No,No
CUST-08771,37,78.66,3001.59,Month-to-month,Fiber optic,Mailed check,0,Yes,No,No,No,Yes,No
CUST-08772,66,104.5,6807.29,Two year,DSL,Bank transfer,0,No,No,Yes,No,Yes,No
CUST-08773,37,65.42,2467.37,Month-to-month,No,Bank transfer,0,Yes,No,No,Yes,Yes,No
CUST-08774,22,56.78,1310.31,Month-to-month,Fiber optic,Mailed check,0,No,No,Yes,No,Yes,Yes
CUST-08775,38,93.11,3473.79,Month-to-month,Fiber optic,Credit card,0,No,No,No,Yes,Yes,Yes
CUST-08776,12,45.39,496.76,Month-to-month,DSL,Electronic check,0,Yes,No,No,No,Yes,Yes
CUST-08777,60,69.43,4312.68,Month-to-month,DSL,Credit card,0,No,No,No,Yes,Yes,No
CUST-08778,52,44.0,2268.07,Month-to-month,DSL,Electronic check,0,No,No,No,No,No,No
CUST-08779,11,23.25,327.71,One year,Fiber optic,Mailed check,1,No,No,No,No,Yes,Yes
CUST-08780,42,66.2,2697.81,Month-to-month,No,Mailed check,0,No,No,No,No,No,No
CUST-08781,39,38.42,1642.89,Month-to-month,Fiber optic,Mailed check,0,No,No,No,No,No,No
CUST-08782,15,69.71,1008.47,Month-to-month,DSL,Bank transfer,0,No,No,Yes,Yes,No,No
CUST-08783,9,97.88,866.0,Month-to-month,DSL,Credit card,0,Yes,No,Yes,Yes,Yes,No
CUST-08784,55,116.36,6447.94,One year,Fiber optic,Credit card,0,Yes,Yes,Yes,No,Yes,No
CUST-08785,20,72.34,1727.75,Month-to-month,DSL,Bank transfer,0,No,No,No,No,Yes,Yes
CUST-08786,38,95.48,3580.47,Month-to-month,Fiber optic,Electronic check,0,No,Yes,No,No,No,Yes
CUST-08787,18,79.97,1445.48,Month-to-month,No,Credit card,0,Yes,No,No,Yes,No,No
CUST-08788,48,60.42,3028.17,Month-to-month,Fiber optic,Mailed check,0,Yes,No,No,No,Yes,No
CUST-08789,4,21.88,102.73,Two year,DSL,Bank transfer,0,Yes,No,No,Yes,No,No
CUST-08790,26,110.66,2888.61,Two year,DSL,Credit card,0,No,No,Yes,Yes,Yes,No
CUST-08791,40,43.77,1967.14,Month-to-month,Fiber optic,Bank transfer,0,No,Yes,Yes,No,No,No
CUST-08792,32,104.57,3480.37,Month-to-month,DSL,Electronic check,0,No,No,No,No,Yes,Yes
CUST-08793,45,83.42,3978.79,Month-to-month,No,Mailed check,0,No,No,Yes,No,Yes,No
CUST-08794,13,45.6,538.85,One year,Fiber optic,Credit card,0,Yes,No,No,Yes,Yes,No
CUST-08795,32,77.8,2583.98,Month-to-month,Fiber optic,Credit card,0,No,No,No,Yes,Yes,Yes
CUST-08796,55,123.32,6796.03,Two year,Fiber optic,Bank transfer,0,No,Yes,No,Yes,Yes,No
CUST-08797,25,108.39,2706.39,Month-to-month,DSL,Mailed check,0,Yes,No,No,No,Yes,Yes
CUST-08798,12,57.18,692.98,Two year,DSL,Credit card,0,No,No,No,Yes,Yes,No
CUST-08799,62,52.2,3316.37,Month-to-month,Fiber optic,Bank transfer,0,No,No,No,Yes,Yes,No
CUST-08800,57,72.51,4144.93,Month-to-month,DSL,Bank transfer,0,No,No,No,No,Yes,No
CUST-08801,49,65.86,3150.96,Month-to-month,DSL,Credit card,0,No,No,No,No,Yes,Yes
CUST-08802,58,99.99,5724.75,Month-to-month,No,Credit card,1,Yes,Yes,No,No,Yes,Yes
CUST-08803,57,88.49,4936.28,Two year,Fiber optic,Credit card,0,Yes,Yes,Yes,No,No,No
CUST-08804,54,27.69,1503.57,Month-to-month,DSL,Bank transfer,0,Yes,No,No,No,Yes,Yes
CUST-08805,37,81.47,3085.2,Month-to-month,No,Electronic check,0,Yes,No,No,Yes,Yes,No
CUST-08806,2,65.52,249.74,Two year,DSL,Mailed check,0,No,No,No,No,Yes,No
CUST-08807,43,70.93,3105.98,Month-to-month,Fiber optic,Electronic check,0,No,No,No,Yes,No,Yes
CUST-08808,20,76.22,1555.85,Month-to-month,Fiber optic,Credit card,0,Yes,No,No,No,No,Yes
CUST-08809,56,99.97,5721.1,Month-to-month,Fiber optic,Mailed check,0,No,No,No,No,No,Yes
CUST-08810,34,94.44,3078.53,Month-to-month,Fiber optic,Electronic check,0,No,No,No,No,No,Yes
CUST-08811,66,51.26,3442.73,Two year,DSL,Bank transfer,0,Yes,No,No,No,Yes,No
CUST-08812,43,68.53,2997.84,Month-to-month,No,Bank transfer,0,No,No,No,No,No,Yes
CUST-08813,40,58.79,2240.93,One year,DSL,Electronic check,0,No,No,No,No,No,No
CUST-08814,67,27.95,1692.42,Month-to-month,No,Mailed check,0,No,No,Yes,Yes,No,No
CUST-08815,35,67.27,2354.44,Month-to-month,DSL,Mailed check,0,Yes,Yes,Yes,Yes,Yes,No
CUST-08816,28,116.12,3324.45,One year,DSL,Credit card,1,No,No,Yes,No,No,No
CUST-08817,27,27.2,605.03,One year,DSL,Electronic check,0,Yes,No,No,No,Yes,No
CUST-08818,64,69.4,4381.84,One year,Fiber optic,Credit card,0,No,No,No,Yes,Yes,No
CUST-08819,55,68.6,3772.0,Month-to-month,Fiber optic,Electronic check,0,Yes,Yes,No,No,No,Yes
CUST-08820,12,77.19,1034.29,Month-to-month,Fiber optic,Credit card,0,Yes,No,No,No,Yes,No
CUST-08821,36,45.93,1701.21,One year,Fiber optic,Electronic check,0,Yes,Yes,No,No,Yes,Yes
CUST-08822,27,34.37,973.84,One year,Fiber optic,Electronic check,0,No,No,No,No,No,Yes
CUST-08823,47,35.54,1646.76,Month-to-month,Fiber optic,Mailed check,0,Yes,Yes,No,No,Yes,Yes
CUST-08824,4,103.27,567.51,Month-to-month,DSL,Credit card,0,Yes,No,Yes,Yes,Yes,Yes
CUST-08825,52,45.43,2406.49,One year,Fiber optic,Mailed check,0,No,No,Yes,No,No,No
CUST-08826,54,57.51,3054.04,Month-to-month,No,Credit card,0,No,No,No,Yes,Yes,No
CUST-08827,17,122.62,2044.55,One year,Fiber optic,Mailed check,0,No,Yes,Yes,No,Yes,Yes
CUST-08828,11,51.64,557.15,One year,Fiber optic,Mailed check,0,No,No,Yes,No,No,No
CUST-08829,46,78.56,3588.07,Month-to-month,DSL,Bank transfer,0,No,Yes,Yes,No,No,Yes
CUST-08830,19,96.6,1667.37,Month-to-month,DSL,Electronic check,0,No,Yes,No,No,Yes,Yes
CUST-08831,68,95.39,6435.24,Month-to-month,Fiber optic,Electronic check,0,Yes,Yes,Yes,No,Yes,No
CUST-08832,56,36.71,2104.48,One year,DSL,Mailed check,0,Yes,Yes,No,No,Yes,No
CUST-08833,69,52.17,3522.91,Two year,Fiber optic,Credit card,0,Yes,Yes,No,No,Yes,No
CUST-08834,39,77.56,3038.02,Month-to-month,DSL,Electronic check,0,No,Yes,No,Yes,Yes,No
CUST-08835,68,118.23,7929.88,Month-to-month,DSL,Credit card,0,No,Yes,No,No,No,No
CUST-08836,2,50.96,0.0,Month-to-month,DSL,Bank transfer,0,Yes,No,No,Yes,Yes,No
CUST-08837,21,57.66,1181.99,One year,Fiber optic,Mailed check,1,No,No,No,Yes,Yes,No
CUST-08838,1,80.49,101.84,Month-to-month,Fiber optic,Electronic check,1,Yes,No,No,No,Yes,Yes
CUST-08839,49,85.49,4137.83,One year,No,Bank transfer,0,No,No,No,No,Yes,Yes
CUST-08840,37,87.01,3120.32,Month-to-month,Fiber optic,Mailed check,1,Yes,No,Yes,No,Yes,Yes
CUST-08841,21,48.84,1090.09,Month-to-month,DSL,Electronic check,0,No,No,No,Yes,Yes,No
CUST-08842,22,56.7,1244.55,Month-to-month,Fiber optic,Bank transfer,0,No,No,Yes,No,No,Yes
CUST-08843,47,75.39,3607.91,Two year,Fiber optic,Credit card,0,Yes,No,Yes,No,No,No
CUST-08844,13,101.56,1510.46,One year,Fiber optic,Mailed check,0,No,No,No,Yes,Yes,No
CUST-08845,38,64.04,2480.21,Month-to-month,Fiber optic,Mailed check,0,Yes,Yes,No,No,No,No
CUST-08846,45,69.44,3172.56,Month-to-month,Fiber optic,Credit card,0,No,Yes,No,Yes,No,No
CUST-08847,18,44.35,726.92,Two year,DSL,Mailed check,1,Yes,No,Yes,No,Yes,No
CUST-08848,17,116.58,1979.7,Two year,DSL,Electronic check,0,Yes,No,Yes,Yes,Yes,No
CUST-08849,26,73.86,1796.85,Month-to-month,No,Credit card,0,Yes,No,No,No,Yes,No
CUST-08850,43,96.94,4069.59,One year,DSL,Bank transfer,0,No,Yes,No,Yes,Yes,Yes
CUST-08851,19,70.75,1373.45,Two year,DSL,Credit card,0,No,Yes,No,No,Yes,No
CUST-08852,28,72.13,1989.64,Month-to-month,DSL,Credit card,0,Yes,No,No,No,Yes,Yes
CUST-08853,40,32.49,1241.06,Month-to-month,DSL,Credit card,0,No,No,Yes,No,Yes,No
CUST-08854,14,20.0,292.53,Month-to-month,No,Mailed check,0,Yes,Yes,No,Yes,Yes,Yes
CUST-08855,41,101.3,4097.96,Month-to-month,DSL,Bank transfer,0,No,No,Yes,No,No,Yes
CUST-08856,10,71.95,694.01,One year,Fiber optic,Mailed check,0,No,No,Yes,Yes,Yes,No
CUST-08857,11,75.16,855.83,Month-to-month,Fiber optic,Credit card,0,No,No,Yes,No,No,Yes
CUST-08858,18,38.77,651.07,Month-to-month,DSL,Credit card,0,No,No,No,Yes,No,Yes
CUST-08859,21,47.42,901.5,Month-to-month,DSL,Bank transfer,0,Yes,Yes,No,Yes,No,No
CUST-08860,3,96.56,414.66,One year,DSL,Mailed check,0,No,No,No,No,Yes,No
CUST-08861,70,113.5,8139.16,Month-to-month,DSL,Credit card,0,No,No,No,No,Yes,No
CUST-08862,23,54.47,1252.74,Month-to-month,DSL,Credit card,0,No,Yes,No,No,Yes,Yes
CUST-08863,58,86.79,5016.93,Month-to-month,Fiber optic,Electronic check,0,No,No,No,Yes,No,Yes
CUST-08864,65,74.75,4862.35,Two year,DSL,Credit card,0,No,No,Yes,No,Yes,No
CUST-08865,58,66.99,3815.83,Month-to-month,Fiber optic,Mailed check,1,No,No,No,No,No,Yes
CUST-08866,60,116.3,7093.97,Month-to-month,No,Mailed check,0,No,No,Yes,No,Yes,No
CUST-08867,8,58.67,563.94,One year,DSL,Mailed check,1,No,No,No,No,No,No
CUST-08868,27,101.02,2680.87,Month-to-month,DSL,Credit card,0,No,No,No,Yes,Yes,Yes
CUST-08869,54,79.54,4261.96,One year,DSL,Mailed check,0,Yes,No,No,No,Yes,No
CUST-08870,42,69.58,2960.54,Month-to-month,DSL,Bank transfer,0,No,No,No,No,Yes,No
CUST-08871,1,104.3,222.1,Two year,Fiber optic,Mailed check,1,No,Yes,No,No,No,Yes
CUST-08872,41,77.25,3211.3,Month-to-month,Fiber optic,Credit card,1,No,Yes,No,No,Yes,Yes
CUST-08873,58,67.59,3977.09,Month-to-month,DSL,Electronic check,0,Yes,No,No,No,No,No
CUST-08874,60,104.49,6311.58,Month-to-month,DSL,Bank transfer,0,Yes,No,No,Yes,No,No
CUST-08875,28,101.23,2855.43,Two year,DSL,Mailed check,0,No,No,No,Yes,Yes,Yes
CUST-08876,18,100.05,1839.53,Two year,Fiber optic,Credit card,0,No,Yes,Yes,No,Yes,No
CUST-08877,23,20.0,539.98,Month-to-month,Fiber optic,Credit card,0,No,No,No,No,Yes,Yes
CUST-08878,22,81.0,1815.4,Month-to-month,Fiber optic,Mailed check,0,Yes,No,No,No,Yes,Yes
CUST-08879,25,75.3,1862.76,Month-to-month,Fiber optic,Credit card,0,Yes,Yes,No,Yes,No,Yes
CUST-08880,22,69.13,1757.69,Month-to-month,Fiber optic,Bank transfer,0,No,No,No,Yes,Yes,Yes
CUST-08881,33,85.24,2655.62,Month-to-month,Fiber optic,Electronic check,1,No,No,No,No,No,Yes
CUST-08882,3,76.51,319.09,Two year,DSL,Credit card,0,Yes,No,Yes,No,No,No
CUST-08883,20,86.95,1691.56,Month-to-month,Fiber optic,Bank transfer,0,Yes,No,No,No,Yes,Yes
CUST-08884,23,63.3,1292.32,Two year,Fiber optic,Credit card,0,No,No,No,No,No,No
CUST-08885,12,107.45,1086.38,Month-to-month,Fiber optic,Mailed check,0,Yes,No,No,Yes,No,Yes
CUST-08886,64,89.47,5708.24,Two year,Fiber optic,Mailed check,0,Yes,No,Yes,No,No,No
CUST-08887,49,83.56,4300.05,Month-to-month,Fiber optic,Electronic check,0,No,Yes,Yes,No,No,No
CUST-08888,66,82.34,5618.78,Month-to-month,Fiber optic,Electronic check,0,No,Yes,No,No,Yes,No
CUST-08889,41,98.93,4001.29,One year,DSL,Bank transfer,0,Yes,No,Yes,No,Yes,No
CUST-08890,8,95.54,705.36,Month-to-month,Fiber optic,Credit card,0,No,Yes,No,No,Yes,Yes
CUST-08891,66,67.18,4395.6,Two year,DSL,Bank transfer,0,No,No,No,No,Yes,No
CUST-08892,33,94.76,3148.94,One year,DSL,Bank transfer,0,No,No,Yes,No,Yes,No
CUST-08893,50,74.35,3911.97,Two year,DSL,Electronic check,0,Yes,No,No,Yes,Yes,No
CUST-08894,28,117.92,3398.44,Two year,Fiber optic,Electronic check,0,No,No,No,No,Yes,Yes
CUST-08895,36,97.44,3574.61,Month-to-month,Fiber optic,Mailed check,1,Yes,No,No,No,Yes,Yes
CUST-08896,36,54.36,1984.04,Month-to-month,Fiber optic,Bank transfer,0,Yes,No,No,No,Yes,Yes
CUST-08897,21,128.27,2503.74,One year,Fiber optic,Mailed check,0,No,No,No,No,Yes,No
CUST-08898,40,20.0,608.39,Month-to-month,Fiber optic,Credit card,0,Yes,Yes,No,Yes,Yes,No
CUST-08899,53,85.93,4478.57,Month-to-month,No,Mailed check,1,Yes,No,No,No,No,No
CUST-08900,2,52.59,0.0,Month-to-month,DSL,Credit card,0,No,No,No,No,Yes,Yes
CUST-08901,10,117.05,1005.46,One year,Fiber optic,Mailed check,0,Yes,Yes,Yes,Yes,No,No
CUST-08902,61,76.32,4752.89,Month-to-month,DSL,Mailed check,0,No,Yes,No,No,Yes,No
CUST-08903,42,50.16,2084.2,Month-to-month,DSL,Mailed check,0,No,No,Yes,No,No,No
CUST-08904,71,63.34,4412.57,Two year,No,Credit card,0,No,No,Yes,Yes,Yes,No
CUST-08905,44,52.15,2166.76,Two year,DSL,Mailed check,0,No,No,No,Yes,No,No
CUST-08906,48,62.36,3067.25,Month-to-month,No,Mailed check,0,No,No,No,No,No,No
CUST-08907,65,61.78,4010.57,Month-to-month,Fiber optic,Electronic check,0,No,No,No,No,No,Yes
CUST-08908,48,51.22,2311.0,One year,No,Mailed check,0,No,No,No,Yes,No,No
CUST-08909,24,76.75,1797.22,Month-to-month,Fiber optic,Electronic check,1,Yes,No,No,No,No,No
CUST-08910,39,79.78,3299.58,One year,Fiber optic,Credit card,0,No,No,No,No,No,Yes
CUST-08911,17,45.09,869.81,One year,Fiber optic,Credit card,0,Yes,No,No,Yes,Yes,Yes
CUST-08912,25,28.54,719.58,Month-to-month,Fiber optic,Mailed check,0,No,No,No,No,Yes,Yes
CUST-08913,49,77.77,3848.71,Month-to-month,No,Credit card,0,No,No,No,No,No,No
CUST-08914,11,83.3,871.96,Month-to-month,Fiber optic,Mailed check,1,No,No,No,No,Yes,Yes
CUST-08915,49,88.26,4297.65,Month-to-month,Fiber optic,Credit card,0,No,No,No,Yes,Yes,No
CUST-08916,43,83.78,3489.09,One year,No,Electronic check,0,Yes,No,Yes,No,No,No
CUST-08917,23,109.32,2446.04,Month-to-month,Fiber optic,Credit card,0,No,No,No,No,Yes,Yes
CUST-08918,4,94.93,428.81,Two year,Fiber optic,Electronic check,1,Yes,No,No,No,Yes,Yes
CUST-08919,51,130.0,6772.96,One year,DSL,Mailed check,0,Yes,No,No,No,Yes,No
CUST-08920,60,130.0,7835.06,Month-to-month,DSL,Mailed check,0,No,No,Yes,No,Yes,No
CUST-08921,53,26.05,1478.03,Month-to-month,Fiber optic,Electronic check,0,Yes,No,Yes,Yes,Yes,Yes
CUST-08922,31,20.0,414.52,Month-to-month,Fiber optic,Credit card,0,Yes,No,Yes,No,No,No
CUST-08923,48,69.82,3399.32,Month-to-month,Fiber optic,Mailed check,0,Yes,No,Yes,Yes,No,No
CUST-08924,30,82.61,2511.98,One year,DSL,Mailed check,0,Yes,No,No,No,Yes,No
CUST-08925,26,68.1,1693.25,Month-to-month,DSL,Electronic check,0,No,Yes,No,No,Yes,No
CUST-08926,24,87.59,2095.76,Month-to-month,No,Bank transfer,0,No,No,Yes,No,Yes,Yes
CUST-08927,16,63.24,1145.28,Month-to-month,Fiber optic,Electronic check,1,Yes,No,No,Yes,No,Yes
CUST-08928,70,52.65,3728.15,Month-to-month,Fiber optic,Mailed check,0,No,No,No,Yes,Yes,No
CUST-08929,48,56.43,2675.8,One year,DSL,Credit card,0,No,Yes,No,No,Yes,No
CUST-08930,13,65.0,1028.6,Two year,No,Credit card,1,No,Yes,No,Yes,No,No
CUST-08931,63,91.09,5741.02,One year,No,Electronic check,1,No,No,No,No,Yes,No
CUST-08932,11,57.83,787.82,Two year,Fiber optic,Bank transfer,0,Yes,No,No,No,Yes,No
CUST-08933,43,62.78,2660.64,One year,DSL,Bank transfer,0,No,Yes,No,Yes,No,No
CUST-08934,12,84.26,1014.88,Month-to-month,No,Credit card,1,Yes,Yes,Yes,No,Yes,Yes
CUST-08935,27,65.03,1904.22,Two year,No,Electronic check,0,No,No,No,No,No,Yes
CUST-08936,48,97.92,4602.26,Month-to-month,Fiber optic,Mailed check,0,Yes,No,Yes,No,Yes,Yes
CUST-08937,72,47.01,3621.81,Month-to-month,Fiber optic,Electronic check,1,No,No,No,No,Yes,Yes
CUST-08938,72,41.59,2919.68,Two year,Fiber optic,Bank transfer,0,Yes,No,No,No,Yes,No
CUST-08939,65,77.62,5112.26,One year,DSL,Bank transfer,0,No,Yes,No,Yes,Yes,No
CUST-08940,17,80.11,1415.62,Two year,Fiber optic,Electronic check,0,No,No,Yes,No,Yes,No
CUST-08941,7,48.38,226.36,Month-to-month,Fiber optic,Electronic check,0,No,Yes,No,Yes,No,Yes
CUST-08942,66,103.59,6684.08,One year,Fiber optic,Electronic check,0,No,Yes,No,No,Yes,No
CUST-08943,67,118.12,7786.41,Month-to-month,Fiber optic,Electronic check,0,Yes,No,No,Yes,No,No
CUST-08944,21,54.3,1120.35,Month-to-month,Fiber optic,Bank transfer,0,Yes,No,No,Yes,No,No
CUST-08945,2,107.18,283.11,Two year,No,Electronic check,0,No,No,No,No,No,No
CUST-08946,47,20.0,911.81,Month-to-month,DSL,Credit card,0,No,No,No,Yes,No,No
CUST-08947,6,96.9,527.11,One year,No,Bank transfer,0,No,No,Yes,No,No,No
CUST-08948,3,48.56,81.64,Two year,DSL,Electronic check,0,No,No,No,Yes,No,No
CUST-08949,68,94.4,6398.58,Two year,DSL,Credit card,0,No,No,No,No,Yes,No
CUST-08950,36,45.97,1620.47,Month-to-month,Fiber optic,Bank transfer,0,No,No,No,Yes,Yes,Yes
CUST-08951,9,68.29,568.7,Month-to-month,DSL,Credit card,0,No,Yes,Yes,Yes,Yes,Yes
CUST-08952,48,49.75,2285.57,Two year,DSL,Bank transfer,0,No,No,Yes,No,No,No
CUST-08953,27,64.65,1663.01,One year,Fiber optic,Bank transfer,0,No,No,No,No,No,No
CUST-08954,39,115.75,4597.23,Month-to-month,DSL,Mailed check,0,No,No,Yes,Yes,Yes,No
CUST-08955,65,67.3,4305.6,Month-to-month,Fiber optic,Bank transfer,0,Yes,No,No,Yes,No,No
CUST-08956,18,122.76,2291.03,Month-to-month,DSL,Credit card,0,No,No,No,No,No,Yes
CUST-08957,47,60.35,2848.2,Two year,Fiber optic,Credit card,1,No,Yes,Yes,No,Yes,No
CUST-08958,60,107.29,6629.0,Month-to-month,Fiber optic,Bank transfer,0,Yes,No,No,Yes,Yes,Yes
CUST-08959,31,29.36,925.51,One year,Fiber optic,Credit card,0,No,No,No,Yes,Yes,No
CUST-08960,70,62.84,4456.63,Month-to-month,Fiber optic,Credit card,0,No,No,Yes,No,Yes,No
CUST-08961,33,56.6,1762.1,Month-to-month,Fiber optic,Bank transfer,0,No,Yes,No,Yes,Yes,No
CUST-08962,34,108.44,3549.45,One year,DSL,Credit card,0,No,No,No,No,Yes,No
CUST-08963,64,74.63,4966.62,Two year,DSL,Electronic check,0,Yes,No,Yes,No,Yes,No
CUST-08964,46,20.0,1011.43,Month-to-month,Fiber optic,Credit card,0,No,Yes,No,Yes,Yes,No
CUST-08965,63,37.25,2217.56,Month-to-month,Fiber optic,Credit card,0,Yes,Yes,Yes,No,Yes,No
CUST-08966,57,44.68,2611.76,One year,Fiber optic,Mailed check,0,No,No,No,No,No,No
CUST-08967,52,93.35,4928.44,Month-to-month,DSL,Credit card,0,No,No,Yes,No,No,No
CUST-08968,18,90.13,1783.28,Month-to-month,No,Credit card,0,Yes,No,No,Yes,No,Yes
CUST-08969,29,62.49,1726.49,One year,DSL,Electronic check,0,Yes,No,Yes,No,No,No
CUST-08970,63,56.29,3530.73,Month-to-month,No,Credit card,0,No,Yes,No,No,No,No
CUST-08971,45,87.91,3905.09,One year,DSL,Bank transfer,0,No,No,No,Yes,Yes,No
CUST-08972,21,41.76,898.9,Month-to-month,No,Electronic check,1,No,No,No,Yes,No,Yes
CUST-08973,24,81.44,1915.24,One year,Fiber optic,Electronic check,0,No,No,No,No,No,No
CUST-08974,56,79.31,4513.0,Two year,Fiber optic,Bank transfer,1,Yes,No,No,No,Yes,No
CUST-08975,13,63.14,681.63,Two year,DSL,Bank transfer,1,Yes,Yes,Yes,No,No,No
CUST-08976,9,79.94,736.66,One year,No,Credit card,0,Yes,Yes,No,Yes,Yes,No
CUST-08977,56,72.55,3923.19,One year,DSL,Bank transfer,0,No,Yes,No,No,No,No
CUST-08978,21,82.44,1848.01,Month-to-month,Fiber optic,Mailed check,0,Yes,Yes,No,No,No,Yes
CUST-08979,56,36.65,2026.0,Month-to-month,DSL,Mailed check,0,No,No,No,Yes,Yes,No
CUST-08980,39,85.36,3312.8,Month-to-month,Fiber optic,Bank transfer,0,No,Yes,No,Yes,No,Yes
CUST-08981,72,95.67,6970.71,One year,Fiber optic,Mailed check,1,No,No,No,Yes,Yes,No
CUST-08982,38,78.02,2985.64,Month-to-month,Fiber optic,Bank transfer,0,Yes,No,Yes,Yes,Yes,No
CUST-08983,63,85.03,5357.45,Month-to-month,Fiber optic,Electronic check,0,Yes,No,No,No,No,Yes
CUST-08984,62,67.25,4109.78,Month-to-month,Fiber optic,Credit card,0,No,No,Yes,No,Yes,No
CUST-08985,16,92.28,1455.95,One year,Fiber optic,Electronic check,0,Yes,No,No,No,Yes,No
CUST-08986,72,71.63,5060.54,Month-to-month,DSL,Electronic check,1,No,No,Yes,No,Yes,Yes
CUST-08987,54,41.3,2129.79,Month-to-month,Fiber optic,Credit card,0,Yes,No,No,Yes,Yes,No
CUST-08988,8,90.51,758.42,One year,Fiber optic,Mailed check,0,No,No,No,No,No,Yes
CUST-08989,1,29.15,0.0,Two year,DSL,Bank transfer,0,No,No,No,Yes,Yes,No
CUST-08990,20,77.07,1519.89,One year,Fiber optic,Mailed check,0,No,No,No,Yes,Yes,No
CUST-08991,2,60.39,143.93,Month-to-month,DSL,Credit card,0,Yes,No,No,No,No,No
CUST-08992,26,58.8,1563.18,Two year,No,Electronic check,0,Yes,Yes,No,Yes,No,No
CUST-08993,72,74.3,5119.4,Month-to-month,Fiber optic,Mailed check,0,Yes,No,No,No,Yes,No
CUST-08994,35,52.27,1762.96,Month-to-month,Fiber optic,Electronic check,0,No,No,No,No,No,Yes
CUST-08995,2,82.81,247.66,Month-to-month,Fiber optic,Bank transfer,0,No,No,Yes,No,No,Yes
CUST-08996,36,71.42,2628.98,Month-to-month,Fiber optic,Bank transfer,0,Yes,No,No,No,Yes,Yes
CUST-08997,16,54.57,877.42,One year,DSL,Mailed check,0,No,No,No,Yes,Yes,No
CUST-08998,62,103.45,6361.64,Month-to-month,DSL,Credit card,0,No,Yes,No,Yes,Yes,No
CUST-08999,7,75.12,506.38,Two year,Fiber optic,Credit card,0,Yes,Yes,No,No,No,No
CUST-09000,56,85.77,4841.12,One year,DSL,Credit card,0,No,No,No,No,Yes,No
CUST-09001,33,105.41,3441.54,Month-to-month,DSL,Credit card,0,No,No,No,No,No,No
CUST-09002,2,105.0,260.4,Month-to-month,Fiber optic,Credit card,0,Yes,No,Yes,No,Yes,Yes
CUST-09003,49,84.49,4235.09,One year,DSL,Mailed check,0,No,Yes,No,No,Yes,No
CUST-09004,33,62.43,2026.19,Month-to-month,DSL,Credit card,0,No,No,No,Yes,No,No
CUST-09005,56,34.26,1974.65,Month-to-month,DSL,Bank transfer,0,No,No,Yes,No,No,No
CUST-09006,45,75.17,3330.31,Month-to-month,DSL,Electronic check,0,Yes,No,Yes,Yes,Yes,No
CUST-09007,57,97.36,5513.85,Month-to-month,Fiber optic,Electronic check,0,Yes,No,No,No,Yes,No
CUST-09008,34,78.86,2740.19,Month-to-month,DSL,Mailed check,1,No,Yes,No,No,Yes,No
CUST-09009,1,20.0,214.04,Two year,DSL,Bank transfer,0,Yes,No,No,No,No,No
CUST-09010,10,91.75,896.16,Month-to-month,Fiber optic,Electronic check,0,No,Yes,No,No,Yes,Yes
CUST-09011,34,93.29,3409.81,Month-to-month,Fiber optic,Bank transfer,0,Yes,No,Yes,No,No,Yes
CUST-09012,29,62.47,1757.29,One year,No,Bank transfer,0,No,No,No,Yes,Yes,No
CUST-09013,58,94.71,5598.94,Two year,No,Bank transfer,0,Yes,No,No,No,No,Yes
CUST-09014,30,85.7,2674.8,One year,Fiber optic,Credit card,0,No,No,No,No,No,Yes
CUST-09015,62,52.86,3402.62,Month-to-month,Fiber optic,Mailed check,0,Yes,No,No,Yes,Yes,No
CUST-09016,14,101.78,1388.43,Two year,DSL,Electronic check,0,No,No,No,No,Yes,No
CUST-09017,28,38.31,1124.51,Month-to-month,Fiber optic,Credit card,1,Yes,No,No,Yes,No,Yes
CUST-09018,55,68.57,3789.59,Month-to-month,Fiber optic,Bank transfer,0,Yes,No,Yes,No,Yes,No
CUST-09019,9,66.07,579.96,One year,Fiber optic,Bank transfer,0,Yes,No,No,No,Yes,No
CUST-09020,24,49.36,1177.84,Month-to-month,DSL,Bank transfer,0,No,No,No,No,No,Yes
CUST-09021,55,77.59,4130.22,One year,No,Mailed check,0,Yes,Yes,Yes,Yes,Yes,No
CUST-09022,43,102.76,4411.72,Two year,Fiber optic,Electronic check,0,No,No,No,No,No,No
CUST-09023,57,101.19,5727.08,Month-to-month,Fiber optic,Bank transfer,0,Yes,No,No,Yes,Yes,No
CUST-09024,38,88.09,3324.81,Month-to-month,No,Credit card,0,No,Yes,Yes,No,Yes,Yes
CUST-09025,62,27.6,1590.0,Month-to-month,No,Electronic check,0,Yes,No,Yes,No,Yes,No
CUST-09026,64,36.6,2312.33,Month-to-month,DSL,Mailed check,0,Yes,Yes,No,No,No,No
CUST-09027,71,74.15,5293.57,One year,Fiber optic,Credit card,0,No,No,No,No,No,No
CUST-09028,9,69.14,532.9,Two year,Fiber optic,Mailed check,0,Yes,No,No,No,Yes,No
CUST-09029,43,57.55,2506.96,One year,Fiber optic,Electronic check,1,No,No,No,No,Yes,No
CUST-09030,9,117.63,1070.2,Two year,Fiber optic,Credit card,0,No,Yes,No,Yes,No,Yes
CUST-09031,17,72.65,1200.77,Month-to-month,Fiber optic,Electronic check,0,No,No,No,No,Yes,Yes
CUST-09032,22,83.56,1896.48,Month-to-month,No,Electronic check,0,Yes,No,No,No,Yes,Yes
CUST-09033,47,94.7,4547.84,Month-to-month,DSL,Mailed check,1,Yes,No,No,No,Yes,No
CUST-09034,32,71.37,2239.65,One year,DSL,Mailed check,0,Yes,No,No,Yes,No,No
CUST-09035,63,130.0,8120.17,Month-to-month,Fiber optic,Mailed check,0,Yes,No,No,Yes,No,Yes
CUST-09036,22,46.49,1085.08,Month-to-month,Fiber optic,Credit card,0,No,No,No,No,No,No
CUST-09037,45,54.85,2408.3,Month-to-month,No,Bank transfer,1,No,Yes,No,No,No,Yes
CUST-09038,55,46.43,2433.4,Month-to-month,Fiber optic,Mailed check,1,No,No,No,No,Yes,Yes
CUST-09039,71,109.07,7814.0,One year,Fiber optic,Bank transfer,0,No,Yes,Yes,No,No,No
CUST-09040,18,90.05,1568.05,Two year,Fiber optic,Bank transfer,0,No,No,No,Yes,No,No
CUST-09041,53,56.4,3040.46,Month-to-month,No,Bank transfer,0,No,No,No,Yes,No,No
CUST-09042,7,48.4,206.46,Month-to-month,DSL,Mailed check,0,Yes,No,No,No,Yes,No
CUST-09043,40,104.62,4209.0,Month-to-month,DSL,Bank transfer,0,Yes,No,Yes,Yes,No,No
CUST-09044,30,79.04,2371.97,Month-to-month,Fiber optic,Mailed check,1,Yes,Yes,No,No,Yes,No
CUST-09045,70,105.26,7449.21,Month-to-month,DSL,Mailed check,0,Yes,Yes,No,No,Yes,No
CUST-09046,56,68.5,3662.22,One year,No,Electronic check,0,No,No,No,No,Yes,Yes
CUST-09047,67,82.79,5417.12,One year,DSL,Electronic check,0,No,No,No,Yes,Yes,No
CUST-09048,62,77.51,4927.53,One year,Fiber optic,Credit card,0,Yes,No,No,Yes,No,No
CUST-09049,30,54.4,1622.19,Two year,No,Credit card,0,Yes,Yes,No,No,Yes,No
CUST-09050,53,66.4,3403.96,Month-to-month,DSL,Mailed check,0,No,Yes,No,No,Yes,No
CUST-09051,3,40.39,161.48,One year,DSL,Mailed check,0,No,No,Yes,No,Yes,No
CUST-09052,41,82.35,3325.72,One year,DSL,Credit card,0,Yes,No,No,Yes,Yes,No
CUST-09053,4,89.03,285.04,Month-to-month,No,Bank transfer,0,No,No,No,Yes,No,No
CUST-09054,53,94.75,5187.36,Month-to-month,No,Electronic check,1,No,No,No,No,Yes,Yes
CUST-09055,70,86.66,6020.42,Month-to-month,Fiber optic,Bank transfer,1,Yes,No,No,Yes,Yes,No
CUST-09056,50,66.79,3140.32,Month-to-month,Fiber optic,Credit card,0,No,No,No,No,Yes,Yes
CUST-09057,61,108.8,6602.39,Month-to-month,Fiber optic,Electronic check,0,No,No,Yes,No,No,Yes
CUST-09058,17,92.31,1488.75,Month-to-month,DSL,Credit card,0,No,No,Yes,Yes,Yes,Yes
CUST-09059,72,104.71,7301.73,Two year,DSL,Credit card,0,No,No,No,Yes,Yes,No
CUST-09060,40,106.28,4316.81,Two year,No,Electronic check,0,Yes,Yes,No,No,Yes,No
CUST-09061,49,66.86,3400.7,One year,DSL,Credit card,0,No,Yes,No,Yes,Yes,No
CUST-09062,56,79.7,4497.09,One year,Fiber optic,Bank transfer,0,No,No,No,No,No,No
CUST-09063,47,89.36,4181.4,Two year,DSL,Electronic check,0,Yes,No,No,Yes,Yes,No
CUST-09064,23,41.27,902.32,Month-to-month,Fiber optic,Credit card,0,Yes,No,No,Yes,Yes,Yes
CUST-09065,45,41.83,1860.95,Month-to-month,DSL,Credit card,0,No,No,No,No,Yes,No
CUST-09066,48,37.52,1885.06,One year,DSL,Bank transfer,0,No,Yes,No,No,No,No
CUST-09067,62,67.3,3961.29,Two year,DSL,Credit card,0,No,No,No,Yes,No,No
CUST-09068,35,61.67,2153.68,One year,No,Credit card,1,No,Yes,No,No,Yes,No
CUST-09069,37,34.11,1365.02,Month-to-month,DSL,Mailed check,0,No,Yes,Yes,No,Yes,No
CUST-09070,37,73.73,2592.72,One year,Fiber optic,Electronic check,0,No,No,No,Yes,No,No
CUST-09071,9,67.61,698.46,Month-to-month,Fiber optic,Credit card,1,No,No,No,No,Yes,Yes
CUST-09072,7,99.56,855.89,Month-to-month,DSL,Credit card,0,Yes,No,No,No,Yes,Yes
CUST-09073,2,120.32,180.92,Month-to-month,Fiber optic,Mailed check,0,Yes,No,No,Yes,Yes,Yes
CUST-09074,48,81.41,3770.44,One year,DSL,Bank transfer,0,Yes,No,No,No,Yes,No
CUST-09075,31,52.58,1566.26,Month-to-month,Fiber optic,Bank transfer,1,Yes,No,Yes,Yes,Yes,No
CUST-09076,63,86.17,5461.97,Month-to-month,Fiber optic,Mailed check,1,Yes,No,Yes,No,Yes,No
CUST-09077,51,70.23,3828.87,One year,No,Bank transfer,0,No,No,No,No,No,No
CUST-09078,11,64.0,624.8,Month-to-month,Fiber optic,Bank transfer,0,No,No,No,No,No,Yes
CUST-09079,8,48.46,313.47,Two year,DSL,Credit card,0,No,No,Yes,No,Yes,No
CUST-09080,27,58.39,1564.12,Month-to-month,Fiber optic,Mailed check,0,No,No,Yes,Yes,No,Yes
CUST-09081,67,65.56,4403.9,One year,Fiber optic,Electronic check,0,Yes,No,Yes,No,No,No
CUST-09082,4,90.1,357.91,Month-to-month,No,Mailed check,0,Yes,No,Yes,No,Yes,No
CUST-09083,14,82.78,991.31,Two year,No,Electronic check,0,Yes,Yes,No,No,No,No
CUST-09084,3,115.64,223.55,Two year,Fiber optic,Electronic check,1,No,No,No,No,No,Yes
CUST-09085,30,86.86,2686.12,Month-to-month,Fiber optic,Bank transfer,0,Yes,No,No,No,Yes,Yes
CUST-09086,72,80.61,5931.73,One year,DSL,Credit card,0,Yes,No,No,No,Yes,No
CUST-09087,50,62.34,2983.67,One year,No,Electronic check,0,Yes,No,No,No,Yes,No
CUST-09088,36,44.06,1707.58,Month-to-month,No,Mailed check,0,No,No,No,No,Yes,No
CUST-09089,11,55.75,380.44,One year,DSL,Electronic check,0,No,No,Yes,Yes,Yes,No
CUST-09090,26,52.5,1390.98,Two year,Fiber optic,Mailed check,0,Yes,No,No,No,Yes,Yes
CUST-09091,38,20.0,726.04,Month-to-month,DSL,Bank transfer,0,Yes,No,No,No,No,No
CUST-09092,20,44.78,930.34,Two year,DSL,Credit card,1,Yes,No,Yes,Yes,No,No
CUST-09093,51,110.06,5476.17,Month-to-month,Fiber optic,Credit card,0,No,No,No,Yes,No,Yes
CUST-09094,71,79.22,5704.22,Two year,DSL,Credit card,0,Yes,Yes,Yes,Yes,Yes,No
CUST-09095,15,60.59,876.45,Two year,Fiber optic,Mailed check,1,Yes,No,No,No,Yes,No
CUST-09096,19,79.96,1440.94,Month-to-month,DSL,Credit card,0,Yes,No,No,No,Yes,Yes
CUST-09097,10,21.16,164.51,Month-to-month,Fiber optic,Mailed check,1,Yes,No,No,No,No,Yes
CUST-09098,53,77.05,4156.04,One year,Fiber optic,Electronic check,0,Yes,No,No,Yes,Yes,No
CUST-09099,34,101.94,3457.98,Two year,Fiber optic,Credit card,0,No,Yes,No,Yes,Yes,Yes
CUST-09100,21,66.97,1437.57,Month-to-month,DSL,Credit card,1,No,No,Yes,Yes,No,No
CUST-09101,16,25.7,478.93,Month-to-month,DSL,Electronic check,0,No,No,No,No,Yes,No
CUST-09102,6,59.65,284.28,One year,Fiber optic,Electronic check,1,Yes,No,No,No,No,Yes
CUST-09103,35,101.98,3504.78,Month-to-month,Fiber optic,Credit card,0,No,No,Yes,No,No,Yes
CUST-09104,50,76.47,4080.71,One year,Fiber optic,Mailed check,0,No,No,No,No,Yes,No
CUST-09105,17,34.54,451.65,One year,Fiber optic,Credit card,0,Yes,No,No,No,No,No
CUST-09106,1,129.19,0.0,Two year,No,Credit card,0,Yes,No,No,Yes,No,No
CUST-09107,35,38.65,1272.56,Month-to-month,DSL,Bank transfer,0,Yes,Yes,Yes,No,Yes,No
CUST-09108,49,63.93,3099.19,Two year,DSL,Electronic check,0,No,No,No,No,Yes,No
CUST-09109,25,44.07,1173.32,One year,No,Bank transfer,0,No,No,No,No,Yes,No
CUST-09110,19,44.1,769.55,Two year,Fiber optic,Electronic check,0,Yes,No,No,Yes,No,No
CUST-09111,12,58.7,779.44,Month-to-month,DSL,Bank transfer,0,No,No,No,No,No,Yes
CUST-09112,54,85.9,4588.56,One year,No,Bank transfer,0,Yes,No,Yes,No,Yes,No
CUST-09113,63,102.26,6491.77,Two year,DSL,Mailed check,0,No,Yes,No,No,Yes,No
CUST-09114,56,60.35,3487.95,One year,Fiber optic,Mailed check,0,Yes,No,Yes,No,Yes,No
CUST-09115,38,44.75,1635.46,Month-to-month,Fiber optic,Credit card,0,Yes,Yes,No,Yes,Yes,Yes
CUST-09116,53,81.97,4426.95,Month-to-month,Fiber optic,Mailed check,0,No,No,No,No,No,Yes
CUST-09117,29,82.7,2280.39,Month-to-month,No,Credit card,0,Yes,Yes,No,Yes,No,No
CUST-09118,2,76.01,156.56,Month-to-month,Fiber optic,Credit card,0,Yes,No,No,No,No,Yes
CUST-09119,27,76.89,2093.12,One year,DSL,Credit card,0,No,No,No,No,Yes,No
CUST-09120,51,67.19,3437.52,Two year,Fiber optic,Credit card,0,Yes,No,No,No,No,No
CUST-09121,47,72.45,3427.72,One year,Fiber optic,Bank transfer,0,Yes,Yes,No,Yes,Yes,No
CUST-09122,72,65.46,4731.02,Month-to-month,Fiber optic,Credit card,0,Yes,No,No,No,Yes,No
CUST-09123,72,96.76,6662.32,Month-to-month,DSL,Bank transfer,0,No,Yes,No,Yes,Yes,No
CUST-09124,18,125.71,2278.27,Month-to-month,DSL,Electronic check,0,Yes,No,No,Yes,No,No
CUST-09125,1,74.49,0.0,Month-to-month,No,Electronic check,1,No,No,No,Yes,Yes,Yes
CUST-09126,20,69.84,1334.74,Two year,Fiber optic,Bank transfer,0,Yes,No,No,Yes,Yes,No
CUST-09127,64,76.4,4967.46,Month-to-month,Fiber optic,Bank transfer,0,No,No,No,No,Yes,No
CUST-09128,59,53.55,3207.65,Month-to-month,Fiber optic,Credit card,0,Yes,Yes,Yes,Yes,Yes,No
CUST-09129,8,89.12,856.96,One year,DSL,Bank transfer,1,Yes,Yes,No,Yes,Yes,No
CUST-09130,12,81.03,1008.69,Month-to-month,DSL,Electronic check,0,Yes,No,No,Yes,Yes,Yes
CUST-09131,41,59.49,2357.91,Month-to-month,DSL,Credit card,0,Yes,Yes,No,No,Yes,No
CUST-09132,48,92.55,4308.7,Month-to-month,DSL,Mailed check,0,No,Yes,No,Yes,Yes,No
CUST-09133,71,70.47,5119.61,Month-to-month,No,Credit card,1,No,No,No,Yes,Yes,No
CUST-09134,55,45.75,2404.68,One year,DSL,Electronic check,0,No,Yes,No,No,Yes,No
CUST-09135,16,78.79,1139.64,Month-to-month,DSL,Electronic check,0,No,No,No,No,No,Yes
CUST-09136,3,75.92,230.06,One year,Fiber optic,Electronic check,0,Yes,No,Yes,Yes,Yes,Yes
CUST-09137,46,94.01,4440.21,Month-to-month,No,Credit card,0,Yes,No,No,Yes,Yes,No
CUST-09138,40,90.79,3634.44,Month-to-month,DSL,Electronic check,0,Yes,No,No,No,No,No
CUST-09139,67,67.27,4471.55,One year,DSL,Bank transfer,0,Yes,No,No,No,Yes,No
CUST-09140,42,58.2,2365.26,Month-to-month,Fiber optic,Bank transfer,1,No,No,No,Yes,Yes,No
CUST-09141,37,70.04,2625.76,Month-to-month,Fiber optic,Credit card,0,No,No,No,Yes,Yes,No
CUST-09142,22,79.08,1556.57,Month-to-month,Fiber optic,Bank transfer,0,No,Yes,Yes,No,No,No
CUST-09143,7,82.09,428.13,Month-to-month,DSL,Electronic check,1,Yes,Yes,No,No,No,Yes
CUST-09144,64,77.54,4877.91,Month-to-month,No,Electronic check,0,Yes,No,Yes,Yes,Yes,No
CUST-09145,60,67.73,3982.37,Two year,Fiber optic,Electronic check,0,No,No,No,No,Yes,No
CUST-09146,12,94.92,1075.7,Month-to-month,Fiber optic,Bank transfer,0,Yes,Yes,No,No,Yes,Yes
CUST-09147,51,53.14,2802.16,Month-to-month,No,Mailed check,0,No,No,No,No,Yes,No
CUST-09148,27,130.0,3636.05,Month-to-month,Fiber optic,Electronic check,0,Yes,No,No,No,Yes,Yes
CUST-09149,32,89.08,2753.86,Month-to-month,DSL,Electronic check,0,Yes,No,No,No,Yes,Yes
CUST-09150,62,41.81,2561.33,One year,Fiber optic,Electronic check,1,No,Yes,No,No,No,Yes
CUST-09151,61,74.63,4471.22,One year,Fiber optic,Mailed check,0,Yes,No,No,No,Yes,No
CUST-09152,14,89.32,1186.98,Two year,DSL,Credit card,0,No,No,No,No,No,No
CUST-09153,23,61.27,1458.21,Month-to-month,DSL,Credit card,1,Yes,No,No,No,Yes,Yes
CUST-09154,60,32.62,2066.17,Month-to-month,DSL,Mailed check,1,Yes,No,Yes,No,No,No
CUST-09155,67,44.02,3069.94,One year,No,Mailed check,1,Yes,No,No,No,No,No
CUST-09156,6,83.55,501.64,Month-to-month,Fiber optic,Credit card,1,Yes,No,No,No,No,No
CUST-09157,61,26.13,1407.64,Month-to-month,Fiber optic,Credit card,0,No,No,No,No,No,Yes
CUST-09158,36,33.77,1075.64,Month-to-month,Fiber optic,Mailed check,0,Yes,No,No,Yes,No,Yes
CUST-09159,43,83.42,3411.17,Month-to-month,Fiber optic,Mailed check,0,No,No,No,No,No,Yes
CUST-09160,6,64.44,484.57,Two year,No,Electronic check,0,Yes,No,No,No,Yes,No
CUST-09161,49,52.61,2510.38,Two year,DSL,Electronic check,0,No,Yes,No,No,Yes,No
CUST-09162,49,57.63,2833.11,One year,DSL,Credit card,0,No,No,No,No,Yes,No
CUST-09163,48,33.23,1742.6,Month-to-month,Fiber optic,Electronic check,0,No,No,No,Yes,Yes,Yes
CUST-09164,57,82.11,4568.87,One year,Fiber optic,Electronic check,0,Yes,No,No,No,No,No
CUST-09165,69,49.84,3404.14,One year,Fiber optic,Mailed check,0,No,No,No,No,Yes,No
CUST-09166,62,56.61,3513.29,One year,No,Mailed check,0,No,Yes,No,No,Yes,No
CUST-09167,54,78.67,4099.03,Month-to-month,Fiber optic,Electronic check,0,Yes,Yes,No,Yes,Yes,No
CUST-09168,71,63.58,4592.01,Two year,DSL,Bank transfer,0,Yes,No,Yes,Yes,Yes,No
CUST-09169,49,52.38,2683.2,Month-to-month,DSL,Bank transfer,0,No,No,No,Yes,Yes,No
CUST-09170,49,20.26,1057.42,One year,Fiber optic,Bank transfer,0,Yes,Yes,No,No,Yes,No
CUST-09171,40,79.19,3233.33,Two year,Fiber optic,Credit card,0,Yes,No,No,Yes,Yes,No
CUST-09172,56,71.97,4036.9,Two year,Fiber optic,Credit card,0,No,Yes,Yes,No,Yes,No
CUST-09173,6,57.07,374.99,Two year,DSL,Mailed check,0,Yes,Yes,No,Yes,Yes,No
CUST-09174,37,44.07,1747.9,Month-to-month,Fiber optic,Credit card,1,Yes,No,No,No,No,Yes
CUST-09175,31,70.32,2285.89,One year,Fiber optic,Bank transfer,0,Yes,No,No,No,Yes,No
CUST-09176,66,82.01,5451.12,Month-to-month,DSL,Electronic check,1,Yes,No,No,Yes,Yes,No
CUST-09177,6,72.44,346.36,One year,Fiber optic,Mailed check,0,No,Yes,No,No,Yes,No
CUST-09178,47,110.95,4952.15,Month-to-month,DSL,Electronic check,0,No,No,Yes,No,No,Yes
CUST-09179,14,87.62,1358.54,Month-to-month,Fiber optic,Credit card,1,Yes,No,No,Yes,Yes,Yes
CUST-09180,64,67.32,4474.26,Two year,Fiber optic,Bank transfer,0,Yes,Yes,No,No,No,No
CUST-09181,62,88.46,5423.15,Two year,DSL,Credit card,0,No,Yes,Yes,No,No,No
CUST-09182,17,71.22,1323.14,Month-to-month,Fiber optic,Electronic check,0,No,No,No,No,Yes,Yes
CUST-09183,63,71.13,4263.89,Month-to-month,Fiber optic,Bank transfer,0,Yes,No,No,No,No,Yes
CUST-09184,36,102.41,3756.4,Month-to-month,DSL,Bank transfer,0,No,No,No,No,Yes,Yes
CUST-09185,70,47.55,3367.24,Month-to-month,No,Bank transfer,0,No,No,No,No,Yes,No
CUST-09186,53,70.58,3674.64,Month-to-month,Fiber optic,Mailed check,0,Yes,No,No,Yes,Yes,No
CUST-09187,3,99.74,495.03,Two year,Fiber optic,Electronic check,0,No,Yes,Yes,No,No,No
CUST-09188,15,77.72,1138.96,Month-to-month,DSL,Credit card,0,No,No,No,No,Yes,Yes
CUST-09189,30,60.77,1915.8,Month-to-month,Fiber optic,Mailed check,1,No,Yes,Yes,No,No,No
CUST-09190,16,27.35,623.67,One year,DSL,Credit card,0,Yes,Yes,No,No,Yes,Yes
CUST-09191,10,20.0,187.69,Month-to-month,DSL,Mailed check,0,Yes,No,No,Yes,Yes,No
CUST-09192,71,121.9,8743.04,Month-to-month,Fiber optic,Mailed check,0,No,No,No,Yes,Yes,No
CUST-09193,63,77.71,4891.1,Month-to-month,No,Mailed check,1,Yes,No,No,No,Yes,No
CUST-09194,32,55.4,1804.79,Month-to-month,DSL,Electronic check,0,No,No,Yes,No,No,No
CUST-09195,16,78.74,1162.23,Month-to-month,Fiber optic,Bank transfer,0,No,No,No,No,No,Yes
CUST-09196,14,46.31,661.28,One year,Fiber optic,Credit card,1,Yes,Yes,Yes,No,Yes,No
CUST-09197,66,61.72,4090.52,Month-to-month,Fiber optic,Mailed check,0,No,No,Yes,Yes,Yes,No
CUST-09198,24,46.48,1126.68,Two year,Fiber optic,Electronic check,0,Yes,No,Yes,No,Yes,No
CUST-09199,1,34.67,150.23,Two year,Fiber optic,Electronic check,0,No,No,No,No,Yes,No
CUST-09200,29,20.0,607.64,Two year,Fiber optic,Electronic check,0,No,No,No,Yes,No,Yes
CUST-09201,33,30.06,888.85,Two year,DSL,Mailed check,0,No,Yes,No,No,No,No
CUST-09202,45,95.53,4352.49,Two year,DSL,Mailed check,0,No,No,Yes,No,Yes,No
CUST-09203,25,45.33,1073.86,Two year,Fiber optic,Bank transfer,1,Yes,No,No,No,Yes,No
CUST-09204,67,83.37,5604.05,Month-to-month,DSL,Mailed check,1,Yes,Yes,Yes,No,Yes,No
CUST-09205,47,93.92,4426.99,Month-to-month,DSL,Mailed check,0,Yes,No,No,No,No,Yes
CUST-09206,72,70.41,5140.63,One year,DSL,Electronic check,0,No,No,No,No,No,No
CUST-09207,27,62.54,1707.92,Two year,DSL,Bank transfer,0,No,No,No,Yes,No,No
CUST-09208,47,73.33,3506.39,Two year,Fiber optic,Mailed check,1,No,Yes,No,No,Yes,No
CUST-09209,27,59.58,1623.23,One year,DSL,Bank transfer,0,Yes,Yes,No,No,Yes,No
CUST-09210,51,100.1,5334.92,Two year,DSL,Electronic check,0,No,Yes,No,No,Yes,No
CUST-09211,54,116.91,6279.54,One year,Fiber optic,Bank transfer,1,No,No,No,No,No,No
CUST-09212,24,106.25,2496.22,One year,Fiber optic,Credit card,1,No,No,No,No,No,Yes
CUST-09213,68,20.0,1421.96,Month-to-month,No,Bank transfer,0,No,No,Yes,No,Yes,Yes
CUST-09214,62,59.07,3619.77,Month-to-month,No,Mailed check,0,Yes,No,No,Yes,Yes,Yes
CUST-09215,65,70.1,4636.73,Month-to-month,No,Bank transfer,1,No,Yes,No,Yes,No,No
CUST-09216,16,81.58,1184.18,Month-to-month,Fiber optic,Credit card,0,Yes,No,No,Yes,No,Yes
CUST-09217,52,26.82,1411.24,Month-to-month,DSL,Bank transfer,1,Yes,No,No,No,Yes,No
CUST-09218,8,26.41,258.85,Month-to-month,DSL,Bank transfer,0,Yes,No,No,No,No,Yes
CUST-09219,8,102.67,711.65,Two year,No,Credit card,0,No,No,No,No,Yes,Yes
CUST-09220,71,56.02,4017.98,Month-to-month,No,Mailed check,1,No,No,No,No,Yes,Yes
CUST-09221,12,32.81,199.25,One year,Fiber optic,Electronic check,1,Yes,No,No,No,Yes,No
CUST-09222,63,42.41,2676.62,Month-to-month,Fiber optic,Credit card,0,Yes,No,No,No,No,Yes
CUST-09223,32,79.76,2672.42,Two year,DSL,Mailed check,1,Yes,Yes,No,Yes,No,No
CUST-09224,22,49.44,1003.3,Month-to-month,DSL,Mailed check,0,Yes,Yes,No,No,No,Yes
CUST-09225,6,76.04,450.75,One year,Fiber optic,Bank transfer,1,No,No,No,No,Yes,Yes
CUST-09226,49,45.53,2148.33,One year,DSL,Electronic check,0,No,No,No,No,Yes,No
CUST-09227,52,26.39,1443.22,Month-to-month,Fiber optic,Mailed check,1,Yes,Yes,No,No,No,No
CUST-09228,34,105.61,3672.95,One year,Fiber optic,Bank transfer,0,Yes,No,No,Yes,No,No
CUST-09229,59,79.95,4772.48,One year,Fiber optic,Bank transfer,0,No,No,Yes,Yes,Yes,No
CUST-09230,24,61.66,1556.11,Two year,No,Electronic check,0,Yes,No,No,No,Yes,No
CUST-09231,40,56.97,2212.69,Month-to-month,DSL,Credit card,0,No,No,Yes,Yes,Yes,Yes
CUST-09232,21,106.62,2230.42,Two year,Fiber optic,Mailed check,0,No,No,Yes,Yes,Yes,No
CUST-09233,42,84.79,3446.31,Month-to-month,Fiber optic,Credit card,0,No,Yes,No,No,No,No
CUST-09234,10,98.67,896.62,Month-to-month,Fiber optic,Credit card,1,No,No,Yes,No,Yes,Yes
CUST-09235,35,55.41,1921.37,Month-to-month,No,Bank transfer,0,No,Yes,No,No,Yes,Yes
CUST-09236,40,71.27,2970.54,Month-to-month,DSL,Credit card,0,No,No,No,Yes,Yes,Yes
CUST-09237,41,80.05,3197.22,Month-to-month,DSL,Electronic check,0,No,No,Yes,No,No,No
CUST-09238,33,56.25,1888.94,Two year,Fiber optic,Mailed check,0,No,No,No,No,No,No
CUST-09239,47,67.61,3091.6,One year,Fiber optic,Electronic check,0,Yes,No,No,No,No,No
CUST-09240,37,55.41,1931.72,Two year,Fiber optic,Mailed check,0,Yes,No,No,No,Yes,Yes
CUST-09241,21,79.98,1818.2,Month-to-month,DSL,Bank transfer,0,No,Yes,No,Yes,No,Yes
CUST-09242,16,36.97,706.44,One year,DSL,Bank transfer,0,No,No,No,No,Yes,Yes
CUST-09243,47,84.3,3884.86,Month-to-month,Fiber optic,Electronic check,0,No,No,No,Yes,Yes,No
CUST-09244,68,77.77,5255.77,Month-to-month,Fiber optic,Electronic check,0,Yes,No,No,No,Yes,Yes
CUST-09245,55,64.92,3588.66,Month-to-month,DSL,Credit card,0,Yes,Yes,Yes,Yes,Yes,No
CUST-09246,46,81.24,3637.41,One year,No,Mailed check,0,Yes,No,No,Yes,No,No
CUST-09247,67,60.88,4130.25,One year,Fiber optic,Mailed check,0,Yes,No,No,Yes,No,No
CUST-09248,65,53.25,3301.85,Month-to-month,DSL,Bank transfer,0,No,No,No,Yes,Yes,No
CUST-09249,37,83.59,3040.94,Month-to-month,DSL,Electronic check,1,Yes,No,Yes,Yes,No,No
CUST-09250,8,84.68,642.67,Month-to-month,DSL,Mailed check,0,Yes,No,Yes,No,No,No
CUST-09251,46,57.32,2682.36,Month-to-month,DSL,Bank transfer,0,No,No,No,Yes,Yes,Yes
CUST-09252,45,55.17,2608.66,One year,Fiber optic,Electronic check,0,No,No,No,No,Yes,Yes
CUST-09253,20,65.43,1203.19,Month-to-month,No,Credit card,0,No,Yes,No,No,No,No
CUST-09254,62,56.2,3469.46,Two year,DSL,Bank transfer,0,Yes,No,No,No,Yes,No
CUST-09255,63,108.13,6868.37,Two year,DSL,Credit card,0,Yes,No,No,No,Yes,No
CUST-09256,24,77.91,1860.1,Month-to-month,No,Bank transfer,0,No,No,No,No,No,No
CUST-09257,35,70.37,2441.33,Two year,Fiber optic,Credit card,0,No,No,Yes,Yes,No,No
CUST-09258,15,46.68,779.03,One year,Fiber optic,Mailed check,0,No,No,Yes,No,No,No
CUST-09259,13,88.47,961.46,Month-to-month,Fiber optic,Bank transfer,0,No,Yes,No,No,Yes,Yes
CUST-09260,20,54.71,1069.75,Two year,DSL,Credit card,0,No,No,Yes,No,No,No
CUST-09261,27,53.68,1452.54,Month-to-month,DSL,Credit card,0,No,No,No,No,No,Yes
CUST-09262,20,89.32,1781.07,One year,No,Credit card,0,No,No,No,No,No,No
CUST-09263,11,79.68,795.32,One year,Fiber optic,Mailed check,0,No,No,No,Yes,Yes,Yes
CUST-09264,33,20.0,746.23,Two year,DSL,Bank transfer,0,No,No,No,No,Yes,No
CUST-09265,45,66.06,2999.08,One year,No,Bank transfer,0,No,No,No,No,No,No
CUST-09266,24,73.14,1420.25,Two year,Fiber optic,Electronic check,0,No,No,No,No,No,No
CUST-09267,39,61.51,2457.49,Month-to-month,DSL,Mailed check,0,Yes,No,No,No,No,Yes
CUST-09268,20,74.01,1462.84,Two year,No,Bank transfer,0,No,Yes,No,No,No,No
CUST-09269,51,24.76,1348.74,One year,Fiber optic,Bank transfer,0,Yes,No,No,No,Yes,No
CUST-09270,47,20.0,1071.69,One year,Fiber optic,Bank transfer,0,Yes,Yes,No,No,Yes,No
CUST-09271,70,45.61,3199.15,Two year,DSL,Bank transfer,1,Yes,No,No,No,No,No
CUST-09272,4,77.06,230.44,Month-to-month,DSL,Bank transfer,0,Yes,Yes,Yes,No,No,Yes
CUST-09273,62,20.0,1329.86,Month-to-month,No,Bank transfer,0,Yes,No,No,No,Yes,No
CUST-09274,25,48.91,1369.84,Two year,DSL,Bank transfer,0,No,No,No,No,No,No
CUST-09275,5,21.93,142.01,Two year,No,Mailed check,1,Yes,Yes,Yes,No,Yes,No
CUST-09276,50,63.93,3191.06,One year,Fiber optic,Electronic check,0,No,No,Yes,Yes,No,No
CUST-09277,13,118.95,1640.54,Month-to-month,Fiber optic,Bank transfer,0,Yes,No,No,No,No,Yes
CUST-09278,13,64.57,753.64,Month-to-month,No,Mailed check,0,Yes,No,No,No,No,Yes
CUST-09279,71,67.31,4789.07,Month-to-month,No,Credit card,1,Yes,Yes,No,No,Yes,No
CUST-09280,16,90.98,1411.21,Month-to-month,No,Credit card,0,No,No,Yes,Yes,No,No
CUST-09281,40,70.53,2878.4,Two year,Fiber optic,Mailed check,0,No,No,Yes,No,No,No
CUST-09282,15,64.63,948.69,One year,Fiber optic,Electronic check,0,Yes,No,No,No,Yes,Yes
CUST-09283,9,93.17,821.2,Month-to-month,DSL,Electronic check,0,Yes,Yes,Yes,Yes,No,No
CUST-09284,1,81.8,138.57,Month-to-month,DSL,Bank transfer,0,No,No,No,No,Yes,No
CUST-09285,2,77.22,292.71,Two year,No,Credit card,0,No,Yes,No,Yes,Yes,No
CUST-09286,35,66.53,2392.62,One year,No,Credit card,0,Yes,No,No,Yes,No,No
CUST-09287,32,61.35,2045.09,Month-to-month,DSL,Credit card,0,Yes,No,No,No,Yes,Yes
CUST-09288,3,92.93,383.73,Month-to-month,Fiber optic,Electronic check,0,No,Yes,No,No,Yes,Yes
CUST-09289,26,61.59,1570.8,Month-to-month,No,Electronic check,1,Yes,No,Yes,No,Yes,Yes
CUST-09290,20,100.78,2036.38,Month-to-month,Fiber optic,Credit card,0,No,Yes,No,Yes,Yes,Yes
CUST-09291,42,43.82,1829.79,One year,DSL,Bank transfer,0,No,No,Yes,Yes,Yes,No
CUST-09292,72,105.84,7621.87,Month-to-month,DSL,Credit card,0,Yes,Yes,No,No,Yes,No
CUST-09293,50,81.8,4054.07,Month-to-month,Fiber optic,Credit card,0,No,No,No,Yes,No,Yes
CUST-09294,67,45.79,3051.6,Month-to-month,No,Bank transfer,0,No,No,No,Yes,Yes,No
CUST-09295,14,82.72,1130.36,Month-to-month,DSL,Mailed check,0,Yes,No,Yes,No,No,No
CUST-09296,16,53.74,786.85,One year,Fiber optic,Bank transfer,0,Yes,No,No,Yes,Yes,No
CUST-09297,55,70.84,3650.25,One year,Fiber optic,Bank transfer,1,No,No,Yes,No,Yes,No
CUST-09298,23,57.83,1333.69,Month-to-month,Fiber optic,Credit card,0,No,No,Yes,No,Yes,Yes
CUST-09299,62,66.68,4289.57,Month-to-month,No,Credit card,0,Yes,Yes,No,No,No,No
CUST-09300,34,93.54,3232.49,One year,Fiber optic,Electronic check,1,No,No,No,No,Yes,Yes
CUST-09301,15,82.96,1229.48,Two year,Fiber optic,Credit card,0,Yes,No,No,No,Yes,No
CUST-09302,61,41.87,2421.15,Month-to-month,No,Bank transfer,0,Yes,Yes,Yes,Yes,Yes,No
CUST-09303,40,43.3,1644.86,Month-to-month,Fiber optic,Bank transfer,0,Yes,No,Yes,No,Yes,Yes
CUST-09304,58,76.77,4270.17,Two year,Fiber optic,Mailed check,0,No,No,No,No,Yes,No
CUST-09305,33,78.58,2633.25,Month-to-month,DSL,Mailed check,0,Yes,Yes,No,No,No,Yes
CUST-09306,10,53.14,451.24,Two year,Fiber optic,Credit card,0,No,No,Yes,No,Yes,No
CUST-09307,50,109.78,5600.62,Two year,DSL,Electronic check,0,No,No,No,No,Yes,No
CUST-09308,9,90.34,580.16,Month-to-month,No,Bank transfer,0,Yes,No,Yes,Yes,Yes,Yes
CUST-09309,48,54.36,2554.94,Month-to-month,DSL,Credit card,0,Yes,No,No,No,No,Yes
CUST-09310,31,51.94,1709.09,Two year,DSL,Credit card,0,No,Yes,No,Yes,No,No
CUST-09311,57,64.3,3533.69,Month-to-month,No,Electronic check,0,Yes,No,No,Yes,No,No
CUST-09312,63,61.7,3754.45,Month-to-month,Fiber optic,Electronic check,0,Yes,No,No,Yes,No,No
CUST-09313,30,101.4,2981.22,Month-to-month,Fiber optic,Bank transfer,0,No,No,No,No,No,Yes
CUST-09314,64,94.61,5938.94,One year,Fiber optic,Electronic check,1,No,No,No,No,Yes,No
CUST-09315,8,70.88,522.13,Two year,DSL,Credit card,0,Yes,Yes,Yes,No,No,No
CUST-09316,8,86.95,465.52,One year,DSL,Credit card,1,No,No,No,Yes,No,Yes
CUST-09317,72,90.57,6635.52,Month-to-month,Fiber optic,Credit card,1,No,Yes,No,No,No,No
CUST-09318,42,71.46,3075.95,One year,No,Mailed check,0,Yes,No,No,Yes,Yes,No
CUST-09319,33,80.07,2582.39,One year,Fiber optic,Mailed check,1,Yes,No,No,Yes,Yes,No
CUST-09320,12,84.85,828.43,Month-to-month,DSL,Bank transfer,0,No,No,No,No,No,Yes
CUST-09321,21,82.19,1631.19,One year,DSL,Electronic check,0,Yes,No,No,Yes,No,No
CUST-09322,50,50.53,2594.62,One year,Fiber optic,Bank transfer,0,Yes,Yes,Yes,No,Yes,No
CUST-09323,60,53.06,3255.32,Month-to-month,DSL,Credit card,0,Yes,No,No,No,No,No
CUST-09324,66,62.79,4074.86,Two year,DSL,Electronic check,0,No,No,No,No,No,No
CUST-09325,30,52.33,1609.34,Month-to-month,Fiber optic,Electronic check,0,Yes,No,No,No,Yes,Yes
CUST-09326,33,33.17,935.37,Month-to-month,Fiber optic,Mailed check,0,Yes,No,No,No,Yes,Yes
CUST-09327,12,86.9,1027.67,Month-to-month,Fiber optic,Credit card,0,No,Yes,Yes,Yes,No,No
CUST-09328,6,78.66,336.65,Month-to-month,DSL,Mailed check,1,No,No,No,No,Yes,Yes
CUST-09329,32,36.52,1198.39,Month-to-month,DSL,Bank transfer,0,Yes,Yes,No,No,No,Yes
CUST-09330,42,63.98,2636.62,Month-to-month,DSL,Credit card,0,No,No,Yes,Yes,Yes,No
CUST-09331,8,65.39,489.89,One year,Fiber optic,Mailed check,0,Yes,No,No,No,No,No
CUST-09332,30,74.55,2228.54,One year,DSL,Electronic check,0,Yes,Yes,No,No,No,No
CUST-09333,47,42.95,1833.27,Month-to-month,No,Credit card,1,Yes,No,No,No,No,Yes
CUST-09334,59,36.15,2129.03,One year,DSL,Mailed check,0,No,No,No,No,No,No
CUST-09335,68,82.99,5752.4,One year,Fiber optic,Bank transfer,0,Yes,Yes,Yes,Yes,No,No
CUST-09336,25,31.65,796.82,Month-to-month,DSL,Credit card,0,No,No,Yes,No,Yes,No
CUST-09337,29,64.18,1963.25,Two year,Fiber optic,Credit card,0,Yes,No,No,No,No,No
CUST-09338,63,61.85,3853.59,Month-to-month,Fiber optic,Credit card,0,No,Yes,No,Yes,Yes,No
CUST-09339,50,66.92,3368.14,Month-to-month,DSL,Mailed check,0,No,Yes,No,No,No,No
CUST-09340,20,76.32,1560.38,Month-to-month,Fiber optic,Bank transfer,0,No,Yes,Yes,No,No,No
CUST-09341,50,109.96,5559.86,Month-to-month,DSL,Mailed check,0,No,No,No,No,No,No
CUST-09342,12,30.01,452.55,Month-to-month,Fiber optic,Bank transfer,1,No,No,No,No,No,Yes
CUST-09343,33,91.91,2892.86,Month-to-month,No,Mailed check,0,No,No,No,No,No,Yes
CUST-09344,23,20.0,381.61,One year,Fiber optic,Credit card,0,Yes,Yes,No,Yes,No,No
CUST-09345,72,104.84,7597.09,Two year,Fiber optic,Credit card,0,No,No,No,No,Yes,No
CUST-09346,3,20.0,96.56,One year,DSL,Credit card,0,No,No,No,No,Yes,No
CUST-09347,62,130.0,8057.22,One year,Fiber optic,Mailed check,0,Yes,Yes,No,Yes,Yes,No
CUST-09348,21,60.26,1526.99,One year,Fiber optic,Credit card,0,Yes,No,No,No,Yes,No
CUST-09349,3,102.26,316.19,One year,DSL,Electronic check,0,Yes,No,No,No,Yes,No
CUST-09350,48,97.1,4690.0,Month-to-month,DSL,Bank transfer,0,No,No,No,No,No,Yes
CUST-09351,49,59.09,2760.09,Month-to-month,DSL,Electronic check,0,Yes,No,No,No,No,Yes
CUST-09352,11,61.01,765.31,Month-to-month,DSL,Bank transfer,0,Yes,No,No,Yes,Yes,No
CUST-09353,3,49.07,156.37,Month-to-month,No,Credit card,0,Yes,No,No,No,Yes,Yes
CUST-09354,9,89.68,813.39,One year,DSL,Credit card,1,No,No,No,No,Yes,No
CUST-09355,30,59.41,1972.22,Month-to-month,DSL,Mailed check,1,Yes,Yes,Yes,No,Yes,No
CUST-09356,10,49.53,478.35,Month-to-month,DSL,Credit card,0,No,No,No,No,No,Yes
CUST-09357,51,83.43,4366.58,Month-to-month,DSL,Electronic check,0,No,No,No,No,Yes,Yes
CUST-09358,6,47.57,395.55,One year,Fiber optic,Bank transfer,1,Yes,No,No,No,Yes,No
CUST-09359,57,61.78,3501.85,Month-to-month,DSL,Mailed check,0,No,No,No,Yes,No,No
CUST-09360,63,72.68,4435.08,Month-to-month,DSL,Electronic check,0,Yes,No,No,No,No,No
CUST-09361,52,53.94,2741.13,Month-to-month,DSL,Credit card,0,No,No,No,Yes,No,No
CUST-09362,68,57.71,4035.09,Month-to-month,Fiber optic,Credit card,0,No,No,Yes,Yes,Yes,No
CUST-09363,68,108.37,7330.35,One year,Fiber optic,Electronic check,1,No,Yes,No,No,No,No
CUST-09364,4,64.89,134.53,Month-to-month,Fiber optic,Mailed check,0,Yes,Yes,No,No,No,Yes
CUST-09365,25,61.01,1539.38,Month-to-month,DSL,Bank transfer,0,Yes,Yes,No,Yes,Yes,No
CUST-09366,55,65.62,3501.58,Two year,DSL,Electronic check,0,No,No,No,No,No,No
CUST-09367,25,81.36,1940.52,Month-to-month,No,Mailed check,0,Yes,Yes,No,No,No,No
CUST-09368,54,44.15,2283.04,One year,DSL,Electronic check,0,No,No,No,No,No,No
CUST-09369,56,80.68,4615.9,One year,Fiber optic,Electronic check,0,Yes,Yes,No,Yes,No,No
CUST-09370,72,76.4,5625.98,Month-to-month,DSL,Electronic check,1,No,No,No,Yes,No,Yes
CUST-09371,24,25.28,470.46,Month-to-month,DSL,Bank transfer,0,Yes,No,No,No,Yes,No
CUST-09372,26,114.86,3006.79,Month-to-month,Fiber optic,Bank transfer,0,No,No,No,No,Yes,No
CUST-09373,2,106.52,263.58,Month-to-month,Fiber optic,Mailed check,0,Yes,Yes,No,No,No,Yes
CUST-09374,21,49.99,980.03,Month-to-month,DSL,Electronic check,0,Yes,No,Yes,Yes,No,Yes
CUST-09375,21,41.94,799.8,One year,Fiber optic,Credit card,0,Yes,No,No,No,No,No
CUST-09376,33,75.7,2662.11,Month-to-month,Fiber optic,Bank transfer,0,No,No,Yes,Yes,Yes,No
CUST-09377,31,34.35,938.39,Month-to-month,Fiber optic,Credit card,0,No,No,No,No,No,Yes
CUST-09378,62,104.11,6514.46,One year,Fiber optic,Credit card,0,Yes,No,No,No,No,No
CUST-09379,56,58.29,3308.23,Month-to-month,Fiber optic,Bank transfer,0,No,No,No,Yes,No,No
CUST-09380,53,110.55,6097.77,One year,DSL,Electronic check,1,Yes,Yes,No,Yes,No,No
CUST-09381,1,49.39,161.97,Month-to-month,DSL,Credit card,0,No,No,No,No,Yes,Yes
CUST-09382,34,67.19,2126.98,One year,Fiber optic,Electronic check,0,Yes,Yes,No,Yes,No,No
CUST-09383,53,101.68,5265.63,Two year,DSL,Bank transfer,0,No,No,Yes,No,Yes,No
CUST-09384,18,61.92,1044.71,Month-to-month,No,Electronic check,0,No,No,No,No,Yes,Yes
CUST-09385,31,76.8,2388.2,Two year,Fiber optic,Credit card,0,Yes,No,Yes,No,Yes,No
CUST-09386,53,97.32,4982.8,Month-to-month,DSL,Credit card,1,No,No,Yes,Yes,Yes,Yes
CUST-09387,58,56.1,3288.38,Month-to-month,Fiber optic,Credit card,0,No,Yes,Yes,No,Yes,No
CUST-09388,62,38.46,2409.85,Month-to-month,DSL,Mailed check,0,Yes,No,No,No,Yes,No
CUST-09389,31,33.53,995.31,Month-to-month,DSL,Bank transfer,0,Yes,No,Yes,No,Yes,No
CUST-09390,29,84.59,2569.05,Two year,No,Electronic check,0,Yes,No,No,No,Yes,No
CUST-09391,28,79.72,2290.11,Month-to-month,Fiber optic,Credit card,0,Yes,No,No,Yes,Yes,No
CUST-09392,49,96.54,4849.21,Month-to-month,Fiber optic,Electronic check,0,No,No,No,No,No,Yes
CUST-09393,31,63.15,2219.04,Two year,Fiber optic,Credit card,0,Yes,Yes,Yes,No,Yes,Yes
CUST-09394,29,34.23,901.54,Month-to-month,DSL,Electronic check,0,Yes,No,No,No,Yes,Yes
CUST-09395,13,20.0,311.5,One year,Fiber optic,Mailed check,0,Yes,No,No,No,Yes,No
CUST-09396,35,130.0,4492.03,Month-to-month,No,Bank transfer,0,No,Yes,No,Yes,No,No
CUST-09397,18,83.17,1568.19,Two year,Fiber optic,Credit card,0,Yes,No,No,Yes,No,No
CUST-09398,38,73.42,2749.58,Month-to-month,Fiber optic,Bank transfer,0,No,No,Yes,No,No,Yes
CUST-09399,64,76.97,4889.26,One year,DSL,Mailed check,0,No,Yes,Yes,No,Yes,No
CUST-09400,56,34.22,1811.08,One year,No,Mailed check,1,Yes,Yes,Yes,No,Yes,No
CUST-09401,35,50.13,1806.49,Two year,DSL,Bank transfer,0,No,Yes,Yes,Yes,No,Yes
CUST-09402,71,113.58,8235.51,Two year,No,Mailed check,0,Yes,No,Yes,No,Yes,No
CUST-09403,71,86.46,6034.75,One year,DSL,Electronic check,0,No,No,No,No,Yes,No
CUST-09404,32,50.91,1425.7,Month-to-month,DSL,Bank transfer,0,Yes,No,Yes,Yes,Yes,Yes
CUST-09405,55,39.33,2231.84,Month-to-month,DSL,Mailed check,1,Yes,No,No,No,No,No
CUST-09406,25,57.11,1556.82,Two year,Fiber optic,Credit card,0,No,No,Yes,No,Yes,No
CUST-09407,64,62.11,4233.75,One year,DSL,Electronic check,0,Yes,No,No,No,Yes,No
CUST-09408,27,121.23,3260.95,Two year,Fiber optic,Bank transfer,0,Yes,No,No,No,Yes,No
CUST-09409,19,65.29,1227.88,One year,No,Credit card,0,Yes,No,Yes,No,Yes,No
CUST-09410,10,40.26,463.26,Month-to-month,DSL,Credit card,0,No,No,No,Yes,Yes,No
CUST-09411,61,68.53,4093.7,Month-to-month,Fiber optic,Bank transfer,0,No,No,Yes,No,No,No
CUST-09412,22,76.61,1613.83,Month-to-month,Fiber optic,Credit card,0,Yes,Yes,Yes,No,Yes,Yes
CUST-09413,59,37.99,2332.07,One year,Fiber optic,Mailed check,0,No,No,No,Yes,No,No
CUST-09414,7,80.05,423.84,Month-to-month,Fiber optic,Mailed check,0,No,No,No,Yes,No,Yes
CUST-09415,37,100.22,3607.52,Month-to-month,No,Credit card,1,No,Yes,No,No,Yes,No
CUST-09416,31,73.47,2129.87,One year,Fiber optic,Electronic check,0,No,No,No,No,Yes,No
CUST-09417,32,50.07,1529.64,Month-to-month,Fiber optic,Credit card,0,Yes,No,No,Yes,Yes,Yes
CUST-09418,13,56.78,703.41,Month-to-month,DSL,Bank transfer,0,Yes,No,No,Yes,No,No
CUST-09419,6,28.53,144.86,Month-to-month,Fiber optic,Bank transfer,0,No,No,No,No,No,Yes
CUST-09420,25,66.65,1643.88,Month-to-month,DSL,Electronic check,0,No,No,Yes,No,No,Yes
CUST-09421,34,77.77,2720.28,Month-to-month,Fiber optic,Bank transfer,0,No,No,Yes,Yes,No,No
CUST-09422,58,47.58,2742.78,One year,Fiber optic,Mailed check,1,No,No,No,Yes,Yes,No
CUST-09423,34,118.49,3947.94,Two year,Fiber optic,Electronic check,0,No,No,Yes,No,No,No
CUST-09424,18,89.81,1497.99,One year,Fiber optic,Bank transfer,0,No,No,No,No,No,No
CUST-09425,19,25.18,441.08,Two year,Fiber optic,Credit card,0,No,No,No,No,Yes,Yes
CUST-09426,45,25.69,1348.45,Month-to-month,DSL,Bank transfer,1,Yes,Yes,Yes,No,No,No
CUST-09427,32,45.4,1478.71,Month-to-month,Fiber optic,Electronic check,0,Yes,No,Yes,No,No,Yes
CUST-09428,65,109.33,7277.07,Month-to-month,No,Mailed check,0,Yes,Yes,No,No,No,Yes
CUST-09429,32,92.27,2744.84,One year,Fiber optic,Bank transfer,0,No,Yes,No,Yes,No,No
CUST-09430,41,110.59,4439.73,Month-to-month,DSL,Bank transfer,0,No,Yes,No,Yes,Yes,No
CUST-09431,5,70.26,168.86,Two year,Fiber optic,Bank transfer,0,No,Yes,No,Yes,No,No
CUST-09432,14,64.76,893.44,One year,DSL,Electronic check,0,Yes,Yes,Yes,Yes,Yes,No
CUST-09433,62,38.81,2452.54,Two year,Fiber optic,Credit card,0,Yes,No,No,Yes,No,No
CUST-09434,25,78.74,2061.33,Month-to-month,DSL,Electronic check,1,Yes,Yes,No,No,No,No
CUST-09435,31,65.1,2091.89,One year,Fiber optic,Credit card,0,No,No,No,Yes,Yes,Yes
CUST-09436,43,64.13,2853.29,Month-to-month,No,Mailed check,0,Yes,Yes,No,No,Yes,Yes
CUST-09437,5,110.45,529.25,Month-to-month,DSL,Credit card,0,Yes,No,No,No,Yes,Yes
CUST-09438,37,66.84,2417.09,One year,Fiber optic,Electronic check,0,Yes,No,Yes,No,No,No
CUST-09439,25,103.27,2488.61,Month-to-month,DSL,Bank transfer,0,No,No,No,Yes,No,Yes
CUST-09440,11,30.3,489.1,Two year,DSL,Credit card,0,Yes,Yes,No,No,No,No
CUST-09441,31,130.0,4108.06,One year,Fiber optic,Credit card,0,Yes,No,No,No,No,No
CUST-09442,33,60.67,1963.22,One year,Fiber optic,Mailed check,1,No,Yes,No,Yes,No,No
CUST-09443,14,87.68,1232.67,Month-to-month,No,Mailed check,0,No,Yes,No,Yes,No,Yes
CUST-09444,40,91.66,3768.66,Month-to-month,DSL,Credit card,0,No,Yes,No,No,No,Yes
CUST-09445,54,57.57,3038.48,Month-to-month,DSL,Bank transfer,0,Yes,No,Yes,No,Yes,No
CUST-09446,20,90.48,1836.18,One year,Fiber optic,Credit card,1,Yes,Yes,No,Yes,Yes,No
CUST-09447,70,91.78,6405.15,Month-to-month,Fiber optic,Electronic check,0,Yes,No,Yes,Yes,No,No
CUST-09448,45,52.17,2474.88,Two year,Fiber optic,Mailed check,0,No,No,No,No,Yes,No
CUST-09449,56,52.47,2907.24,Two year,Fiber optic,Mailed check,1,Yes,No,Yes,No,Yes,No
CUST-09450,6,71.13,496.19,Month-to-month,No,Mailed check,0,Yes,No,No,No,No,No
CUST-09451,56,67.11,3659.68,One year,DSL,Credit card,0,Yes,Yes,No,Yes,No,No
CUST-09452,25,104.83,2510.79,Month-to-month,No,Credit card,0,Yes,No,No,Yes,No,No
CUST-09453,52,87.57,4431.03,Month-to-month,No,Bank transfer,0,Yes,Yes,Yes,No,No,No
CUST-09454,58,68.24,4055.76,Month-to-month,DSL,Electronic check,0,No,No,Yes,Yes,Yes,No
CUST-09455,19,85.15,1682.54,Two year,DSL,Mailed check,0,No,No,Yes,Yes,No,No
CUST-09456,19,20.0,513.43,Two year,Fiber optic,Mailed check,0,No,No,No,Yes,No,Yes
CUST-09457,5,54.62,336.4,Month-to-month,Fiber optic,Bank transfer,1,No,No,No,No,Yes,Yes
CUST-09458,44,77.2,3409.74,Month-to-month,DSL,Mailed check,0,Yes,No,Yes,No,Yes,No
CUST-09459,56,97.88,5454.03,Month-to-month,Fiber optic,Bank transfer,0,Yes,No,No,No,Yes,Yes
CUST-09460,30,74.99,2352.58,Month-to-month,Fiber optic,Credit card,0,Yes,No,No,Yes,No,Yes
CUST-09461,12,106.46,1340.01,Month-to-month,No,Bank transfer,0,Yes,No,Yes,No,Yes,Yes
CUST-09462,23,91.7,2029.07,Two year,Fiber optic,Credit card,0,Yes,No,Yes,No,Yes,No
CUST-09463,30,57.79,1677.43,Two year,No,Mailed check,0,No,Yes,Yes,No,Yes,No
CUST-09464,66,66.5,4405.4,Month-to-month,Fiber optic,Bank transfer,0,No,No,Yes,Yes,Yes,No
CUST-09465,9,80.21,723.45,Two year,Fiber optic,Mailed check,1,No,No,Yes,Yes,No,No
CUST-09466,25,58.78,1548.93,One year,DSL,Mailed check,1,Yes,No,Yes,No,No,No
CUST-09467,46,108.28,5048.75,One year,Fiber optic,Mailed check,0,No,No,No,Yes,No,No
CUST-09468,18,42.28,684.71,Two year,No,Bank transfer,0,No,No,No,Yes,No,No
CUST-09469,64,77.9,4877.77,Month-to-month,Fiber optic,Bank transfer,0,Yes,No,No,No,No,No
CUST-09470,66,88.39,5668.74,Month-to-month,Fiber optic,Bank transfer,0,No,No,No,No,No,No
CUST-09471,28,62.16,1740.54,Month-to-month,DSL,Credit card,0,No,Yes,No,No,No,Yes
CUST-09472,54,56.53,3233.45,One year,DSL,Bank transfer,0,Yes,No,Yes,Yes,Yes,No
CUST-09473,55,68.1,3724.56,Month-to-month,Fiber optic,Bank transfer,1,No,Yes,No,No,Yes,Yes
CUST-09474,50,90.3,4512.94,Month-to-month,DSL,Credit card,0,No,No,No,Yes,Yes,Yes
CUST-09475,14,57.5,830.76,Month-to-month,DSL,Electronic check,0,Yes,No,No,No,No,No
CUST-09476,4,43.28,174.83,Month-to-month,Fiber optic,Electronic check,1,No,No,No,Yes,No,No
CUST-09477,26,98.76,2446.2,Month-to-month,DSL,Electronic check,0,Yes,No,No,Yes,Yes,Yes
CUST-09478,10,79.98,730.91,Month-to-month,Fiber optic,Electronic check,0,No,No,No,No,Yes,Yes
CUST-09479,22,95.2,2069.31,Two year,DSL,Electronic check,1,No,No,No,Yes,Yes,Yes
CUST-09480,46,88.98,4250.72,One year,DSL,Electronic check,1,Yes,No,No,Yes,No,No
CUST-09481,43,124.5,5473.68,Month-to-month,DSL,Bank transfer,0,Yes,No,No,No,Yes,No
CUST-09482,16,97.87,1451.66,Two year,DSL,Bank transfer,0,No,Yes,Yes,No,No,No
CUST-09483,2,51.9,237.69,Two year,Fiber optic,Bank transfer,0,Yes,Yes,No,No,No,No
CUST-09484,17,81.76,1564.28,Month-to-month,Fiber optic,Credit card,1,Yes,No,No,No,Yes,Yes
CUST-09485,33,56.06,1894.51,One year,Fiber optic,Credit card,1,No,Yes,No,Yes,No,No
CUST-09486,57,58.65,3282.57,Month-to-month,No,Mailed check,0,No,No,No,No,Yes,No
CUST-09487,27,34.69,943.28,Month-to-month,Fiber optic,Electronic check,0,Yes,Yes,Yes,No,Yes,Yes
CUST-09488,21,62.85,1476.75,One year,Fiber optic,Mailed check,0,Yes,No,No,No,Yes,No
CUST-09489,40,83.63,3232.06,Month-to-month,Fiber optic,Credit card,0,No,No,Yes,No,Yes,Yes
CUST-09490,6,68.35,368.84,Month-to-month,Fiber optic,Credit card,0,No,No,No,Yes,No,Yes
CUST-09491,17,42.52,763.11,Month-to-month,DSL,Electronic check,0,Yes,No,No,No,Yes,Yes
CUST-09492,3,31.92,60.77,Month-to-month,No,Electronic check,0,No,No,No,No,No,Yes
CUST-09493,38,122.8,4497.73,Month-to-month,Fiber optic,Bank transfer,0,Yes,Yes,No,No,Yes,Yes
CUST-09494,32,78.13,2384.63,Two year,Fiber optic,Credit card,1,Yes,Yes,No,Yes,No,No
CUST-09495,42,49.4,1937.73,Month-to-month,Fiber optic,Credit card,0,Yes,No,Yes,No,Yes,Yes
CUST-09496,45,81.54,3625.02,Month-to-month,Fiber optic,Credit card,1,No,No,No,No,No,No
CUST-09497,29,124.73,3797.35,One year,Fiber optic,Mailed check,0,Yes,No,No,No,No,Yes
CUST-09498,63,85.51,5525.74,Month-to-month,Fiber optic,Credit card,1,No,Yes,No,No,Yes,No
CUST-09499,67,20.0,1343.6,One year,Fiber optic,Bank transfer,0,No,No,Yes,Yes,Yes,No
CUST-09500,8,130.0,1104.78,Month-to-month,Fiber optic,Mailed check,0,Yes,No,Yes,No,Yes,Yes
CUST-09501,67,23.77,1610.14,Month-to-month,DSL,Electronic check,0,No,No,No,No,Yes,No
CUST-09502,15,64.85,953.54,Month-to-month,No,Bank transfer,0,No,No,No,No,No,No
CUST-09503,18,41.66,753.73,Month-to-month,Fiber optic,Mailed check,0,No,Yes,No,No,Yes,Yes
CUST-09504,39,51.5,1976.28,One year,DSL,Mailed check,0,No,Yes,Yes,Yes,No,No
CUST-09505,3,77.11,104.14,One year,DSL,Electronic check,0,No,Yes,No,No,No,No
CUST-09506,27,20.0,543.02,Month-to-month,No,Electronic check,1,Yes,No,No,No,Yes,No
CUST-09507,15,67.74,936.2,Month-to-month,DSL,Electronic check,0,No,Yes,No,No,Yes,Yes
CUST-09508,35,98.68,3402.21,Two year,DSL,Electronic check,0,Yes,Yes,No,No,Yes,No
CUST-09509,59,48.92,2932.22,Month-to-month,DSL,Credit card,0,No,No,No,Yes,Yes,No
CUST-09510,67,35.24,2201.93,Month-to-month,DSL,Electronic check,0,Yes,No,No,No,Yes,No
CUST-09511,16,66.52,953.06,One year,Fiber optic,Mailed check,0,No,No,No,No,Yes,No
CUST-09512,40,61.54,2460.58,Month-to-month,Fiber optic,Credit card,0,Yes,No,No,Yes,Yes,Yes
CUST-09513,35,55.12,1810.58,Two year,Fiber optic,Electronic check,0,Yes,No,Yes,Yes,Yes,Yes
CUST-09514,30,40.29,1144.32,Month-to-month,DSL,Bank transfer,0,Yes,Yes,Yes,No,No,Yes
CUST-09515,46,82.98,3902.44,Two year,Fiber optic,Mailed check,0,Yes,Yes,No,No,Yes,Yes
CUST-09516,72,84.88,6083.37,Month-to-month,DSL,Mailed check,0,No,Yes,Yes,No,No,No
CUST-09517,30,43.36,1225.2,Month-to-month,Fiber optic,Mailed check,0,No,Yes,No,No,No,Yes
CUST-09518,5,46.82,312.42,Month-to-month,Fiber optic,Bank transfer,0,Yes,No,No,Yes,No,Yes
CUST-09519,66,73.41,4671.59,Two year,No,Credit card,0,Yes,Yes,Yes,No,No,No
CUST-09520,68,45.88,2973.69,Month-to-month,Fiber optic,Bank transfer,1,No,No,No,Yes,Yes,No
CUST-09521,24,74.47,1649.28,Month-to-month,Fiber optic,Electronic check,0,Yes,Yes,No,No,No,No
CUST-09522,37,106.7,3879.68,Two year,Fiber optic,Electronic check,0,No,Yes,Yes,No,No,No
CUST-09523,63,68.5,4158.22,Month-to-month,Fiber optic,Bank transfer,0,No,No,No,No,No,No
CUST-09524,37,39.66,1651.34,Month-to-month,Fiber optic,Mailed check,0,No,No,No,No,Yes,Yes
CUST-09525,35,79.8,2533.03,Month-to-month,Fiber optic,Electronic check,0,No,Yes,No,No,No,Yes
CUST-09526,67,65.56,4433.6,Two year,No,Bank transfer,0,Yes,No,No,No,Yes,No
CUST-09527,60,66.25,3933.58,Month-to-month,No,Mailed check,0,No,Yes,No,Yes,No,No
CUST-09528,37,81.88,3035.38,Month-to-month,Fiber optic,Credit card,1,No,No,No,Yes,Yes,No
CUST-09529,12,87.28,989.75,Two year,Fiber optic,Credit card,0,No,No,No,Yes,No,Yes
CUST-09530,32,70.89,2244.83,One year,Fiber optic,Electronic check,0,No,Yes,No,No,No,Yes
CUST-09531,49,68.48,3255.85,Month-to-month,DSL,Credit card,1,No,No,No,Yes,Yes,No
CUST-09532,20,121.59,2549.81,One year,Fiber optic,Credit card,0,No,No,No,No,No,Yes
CUST-09533,39,100.01,3768.49,Month-to-month,No,Bank transfer,0,No,Yes,No,No,Yes,No
CUST-09534,48,90.84,4343.87,Month-to-month,No,Bank transfer,0,No,Yes,No,No,No,No
CUST-09535,7,73.28,751.58,Month-to-month,No,Mailed check,0,No,Yes,No,No,No,Yes
CUST-09536,42,44.86,1962.22,One year,Fiber optic,Mailed check,0,Yes,No,Yes,No,No,No
CUST-09537,54,98.18,5178.04,One year,Fiber optic,Electronic check,0,Yes,Yes,No,Yes,Yes,No
CUST-09538,16,73.61,1305.03,Month-to-month,Fiber optic,Electronic check,0,No,No,Yes,No,Yes,Yes
CUST-09539,40,55.57,2254.06,Month-to-month,Fiber optic,Bank transfer,0,No,Yes,Yes,No,Yes,Yes
CUST-09540,52,63.92,3278.23,Month-to-month,DSL,Bank transfer,0,No,No,Yes,No,Yes,No
CUST-09541,4,45.85,262.92,One year,Fiber optic,Electronic check,1,Yes,Yes,No,Yes,Yes,Yes
CUST-09542,47,96.43,4664.44,One year,DSL,Mailed check,0,Yes,Yes,Yes,No,No,No
CUST-09543,19,87.08,1580.53,One year,Fiber optic,Bank transfer,0,Yes,Yes,No,No,Yes,Yes
CUST-09544,29,74.54,2115.14,Two year,No,Electronic check,0,Yes,No,Yes,No,Yes,No
CUST-09545,47,68.93,3189.18,Two year,Fiber optic,Electronic check,0,No,Yes,No,Yes,Yes,No
CUST-09546,1,52.98,108.84,Two year,DSL,Credit card,0,Yes,No,No,No,Yes,No
CUST-09547,2,20.0,128.17,One year,Fiber optic,Mailed check,1,Yes,No,No,Yes,Yes,Yes
CUST-09548,33,34.68,1207.89,Month-to-month,Fiber optic,Mailed check,0,No,No,No,No,Yes,Yes
CUST-09549,69,51.43,3452.0,One year,Fiber optic,Electronic check,0,No,Yes,Yes,No,No,No
CUST-09550,1,47.68,236.68,Month-to-month,DSL,Electronic check,1,No,No,No,No,Yes,Yes
CUST-09551,57,77.23,4319.46,Month-to-month,Fiber optic,Bank transfer,0,Yes,Yes,Yes,Yes,No,No
CUST-09552,6,90.29,568.22,Month-to-month,No,Mailed check,1,Yes,No,No,Yes,No,No
CUST-09553,36,66.79,2386.37,Month-to-month,DSL,Mailed check,0,No,No,No,No,Yes,No
CUST-09554,32,105.22,3261.62,One year,Fiber optic,Electronic check,0,No,No,No,No,Yes,Yes
CUST-09555,34,50.43,1738.86,Month-to-month,No,Credit card,0,No,No,No,No,No,Yes
CUST-09556,6,66.61,407.19,Month-to-month,Fiber optic,Credit card,0,No,Yes,No,No,No,Yes
CUST-09557,55,68.73,3850.1,Two year,No,Mailed check,1,No,No,No,Yes,Yes,No
CUST-09558,20,97.3,1942.36,One year,Fiber optic,Electronic check,0,No,No,No,No,Yes,Yes
CUST-09559,56,72.65,4091.5,Month-to-month,Fiber optic,Credit card,0,Yes,No,No,Yes,Yes,No
CUST-09560,48,73.34,3701.04,Month-to-month,Fiber optic,Bank transfer,0,Yes,Yes,Yes,No,Yes,No
CUST-09561,40,28.63,1126.71,Month-to-month,DSL,Credit card,0,Yes,No,Yes,No,No,No
CUST-09562,23,47.5,928.17,Two year,DSL,Bank transfer,1,No,No,No,No,Yes,Yes
CUST-09563,47,97.4,4670.9,Month-to-month,Fiber optic,Credit card,0,Yes,No,Yes,No,Yes,Yes
CUST-09564,72,20.0,1526.71,Two year,DSL,Electronic check,0,No,No,No,Yes,Yes,No
CUST-09565,67,103.57,6799.16,Month-to-month,DSL,Bank transfer,0,No,No,No,No,No,No
CUST-09566,66,82.49,5321.96,One year,Fiber optic,Mailed check,0,No,No,Yes,No,No,No
CUST-09567,16,51.31,770.46,Month-to-month,DSL,Credit card,0,Yes,No,No,Yes,No,No
CUST-09568,43,49.2,2022.94,Month-to-month,DSL,Bank transfer,0,Yes,No,No,No,No,No
CUST-09569,29,117.4,3369.3,Month-to-month,Fiber optic,Bank transfer,0,Yes,No,No,Yes,Yes,Yes
CUST-09570,70,105.29,7339.77,Month-to-month,DSL,Credit card,0,Yes,No,Yes,No,Yes,No
CUST-09571,69,67.01,4614.13,Two year,Fiber optic,Bank transfer,0,Yes,No,No,Yes,Yes,No
CUST-09572,63,73.36,4749.07,One year,DSL,Bank transfer,0,Yes,Yes,No,No,Yes,No
CUST-09573,12,53.85,855.6,Month-to-month,Fiber optic,Bank transfer,0,Yes,No,No,Yes,Yes,Yes
CUST-09574,23,73.37,1561.98,One year,Fiber optic,Electronic check,0,Yes,No,No,No,No,Yes
CUST-09575,52,53.15,2774.86,Month-to-month,Fiber optic,Bank transfer,0,No,No,Yes,No,Yes,Yes
CUST-09576,54,68.04,3783.52,Two year,DSL,Mailed check,0,Yes,No,Yes,Yes,Yes,No
CUST-09577,26,115.26,3120.26,Month-to-month,Fiber optic,Electronic check,1,Yes,No,Yes,No,Yes,No
CUST-09578,10,67.61,531.1,Month-to-month,DSL,Mailed check,1,Yes,No,No,Yes,No,Yes
CUST-09579,10,43.8,438.16,Month-to-month,Fiber optic,Mailed check,0,Yes,No,No,Yes,Yes,Yes
CUST-09580,50,35.84,1883.81,Month-to-month,DSL,Mailed check,0,No,No,No,No,No,No
CUST-09581,33,73.18,2331.09,Two year,DSL,Mailed check,0,No,No,No,No,No,No
CUST-09582,36,50.98,1773.03,Month-to-month,DSL,Credit card,0,Yes,Yes,No,Yes,No,No
CUST-09583,59,76.17,4587.07,Month-to-month,DSL,Credit card,0,No,No,No,No,Yes,No
CUST-09584,2,29.51,11.88,Two year,DSL,Electronic check,0,No,No,Yes,No,Yes,No
CUST-09585,55,87.26,4859.65,Month-to-month,DSL,Mailed check,0,No,No,No,No,No,Yes
CUST-09586,20,43.5,1040.56,Month-to-month,No,Mailed check,0,No,Yes,Yes,No,Yes,Yes
CUST-09587,68,71.16,4860.93,One year,Fiber optic,Credit card,0,Yes,Yes,No,No,No,No
CUST-09588,69,61.54,4212.12,Month-to-month,Fiber optic,Mailed check,0,Yes,No,No,Yes,Yes,No
CUST-09589,37,112.96,4245.54,Two year,DSL,Bank transfer,0,Yes,No,No,No,No,No
CUST-09590,23,74.29,1752.16,One year,DSL,Electronic check,0,No,No,No,No,No,No
CUST-09591,17,118.64,1967.67,Month-to-month,No,Bank transfer,0,Yes,Yes,No,No,Yes,Yes
CUST-09592,14,84.02,1186.14,Month-to-month,DSL,Mailed check,0,No,No,No,Yes,No,Yes
CUST-09593,72,105.64,7684.57,Month-to-month,Fiber optic,Credit card,0,Yes,No,No,No,Yes,Yes
CUST-09594,14,64.78,933.84,Month-to-month,Fiber optic,Electronic check,0,No,No,Yes,Yes,Yes,Yes
CUST-09595,33,78.64,2506.98,One year,Fiber optic,Mailed check,0,Yes,No,Yes,Yes,Yes,No
CUST-09596,35,100.47,3598.32,One year,Fiber optic,Credit card,0,No,Yes,Yes,Yes,Yes,No
CUST-09597,49,92.62,4518.4,Month-to-month,Fiber optic,Electronic check,0,Yes,Yes,No,No,Yes,No
CUST-09598,61,83.27,5048.48,One year,No,Mailed check,0,No,Yes,Yes,No,No,No
CUST-09599,41,61.8,2371.23,Month-to-month,Fiber optic,Mailed check,1,No,Yes,No,Yes,Yes,Yes
CUST-09600,55,66.03,3767.44,Two year,DSL,Bank transfer,0,Yes,Yes,No,No,Yes,No
CUST-09601,41,98.44,4091.02,Month-to-month,Fiber optic,Electronic check,0,No,No,No,Yes,Yes,Yes
CUST-09602,32,103.65,3278.01,Two year,DSL,Bank transfer,1,No,Yes,Yes,Yes,Yes,No
CUST-09603,12,55.18,725.6,Month-to-month,Fiber optic,Credit card,0,Yes,No,No,Yes,No,Yes
CUST-09604,16,51.41,934.44,Month-to-month,Fiber optic,Mailed check,0,No,No,No,No,Yes,Yes
CUST-09605,32,47.4,1605.47,Month-to-month,DSL,Electronic check,0,No,No,No,Yes,No,No
CUST-09606,4,90.74,329.26,Two year,No,Mailed check,0,No,No,No,No,Yes,No
CUST-09607,23,46.76,980.78,Two year,No,Bank transfer,0,Yes,No,Yes,Yes,Yes,No
CUST-09608,34,90.44,3019.32,One year,DSL,Bank transfer,0,No,No,No,Yes,Yes,Yes
CUST-09609,35,83.64,2963.37,Month-to-month,DSL,Bank transfer,0,No,No,No,Yes,No,No
CUST-09610,59,56.37,3196.87,One year,Fiber optic,Credit card,0,No,Yes,No,No,Yes,No
CUST-09611,70,109.1,7817.23,Month-to-month,DSL,Credit card,0,Yes,No,Yes,Yes,Yes,No
CUST-09612,53,33.44,1805.28,One year,DSL,Mailed check,1,Yes,No,No,No,Yes,No
CUST-09613,6,111.49,776.59,Month-to-month,No,Credit card,0,No,No,Yes,No,Yes,Yes
CUST-09614,30,77.97,2250.1,Two year,DSL,Mailed check,0,No,No,Yes,No,Yes,No
CUST-09615,53,20.0,1076.01,One year,DSL,Electronic check,0,No,No,No,Yes,Yes,No
CUST-09616,43,109.8,4663.04,Month-to-month,Fiber optic,Bank transfer,0,No,No,Yes,No,No,No
CUST-09617,33,94.31,2931.47,One year,DSL,Credit card,0,No,No,No,No,No,No
CUST-09618,32,59.29,1958.07,Month-to-month,Fiber optic,Mailed check,0,No,No,No,No,Yes,No
CUST-09619,30,45.88,1503.19,Month-to-month,Fiber optic,Bank transfer,1,Yes,No,No,Yes,No,Yes
CUST-09620,42,30.77,1530.81,Month-to-month,Fiber optic,Bank transfer,0,Yes,Yes,No,Yes,Yes,No
CUST-09621,13,130.0,1719.98,Month-to-month,DSL,Credit card,1,Yes,No,No,No,Yes,Yes
CUST-09622,38,46.92,1741.6,Month-to-month,No,Electronic check,0,No,No,No,Yes,Yes,No
CUST-09623,15,38.41,666.81,One year,Fiber optic,Electronic check,0,No,No,No,No,Yes,Yes
CUST-09624,50,76.7,3764.35,One year,Fiber optic,Mailed check,1,Yes,No,No,No,Yes,No
CUST-09625,63,29.05,1771.63,Month-to-month,Fiber optic,Electronic check,1,Yes,No,Yes,No,No,Yes
CUST-09626,37,45.46,1675.02,Two year,Fiber optic,Credit card,0,No,No,Yes,Yes,Yes,No
CUST-09627,28,94.87,2564.72,Two year,DSL,Bank transfer,0,Yes,No,No,No,Yes,Yes
CUST-09628,68,81.61,5461.3,Month-to-month,Fiber optic,Bank transfer,0,No,No,No,No,Yes,No
CUST-09629,48,60.34,3048.99,Month-to-month,Fiber optic,Bank transfer,0,No,No,No,No,Yes,Yes
CUST-09630,31,70.46,2096.62,Two year,Fiber optic,Mailed check,1,Yes,No,No,Yes,Yes,No
CUST-09631,3,58.94,234.49,Month-to-month,Fiber optic,Electronic check,0,Yes,No,No,No,Yes,Yes
CUST-09632,2,68.45,53.33,Month-to-month,Fiber optic,Credit card,0,No,No,No,No,Yes,Yes
CUST-09633,16,50.95,800.34,Two year,Fiber optic,Mailed check,0,Yes,Yes,Yes,No,Yes,No
CUST-09634,18,55.49,1034.67,One year,Fiber optic,Mailed check,0,No,No,No,No,Yes,No
CUST-09635,52,54.73,2857.7,Two year,DSL,Mailed check,0,No,Yes,No,No,No,No
CUST-09636,37,51.85,1834.86,Two year,Fiber optic,Mailed check,0,Yes,No,No,No,Yes,No
CUST-09637,72,96.1,7008.36,Month-to-month,Fiber optic,Credit card,0,Yes,No,No,No,Yes,No
CUST-09638,39,89.25,3493.3,One year,DSL,Electronic check,0,No,No,No,No,Yes,No
CUST-09639,66,46.69,2911.26,Two year,No,Electronic check,0,Yes,No,No,Yes,No,No
CUST-09640,40,40.14,1696.83,Month-to-month,No,Electronic check,0,Yes,No,No,Yes,Yes,No
CUST-09641,26,66.07,1725.25,Month-to-month,Fiber optic,Bank transfer,0,Yes,No,No,Yes,Yes,Yes
CUST-09642,52,123.88,6425.86,Month-to-month,DSL,Electronic check,0,No,No,No,Yes,Yes,No
CUST-09643,33,44.31,1488.03,One year,Fiber optic,Credit card,0,No,No,No,Yes,No,Yes
CUST-09644,20,65.97,1151.18,One year,Fiber optic,Bank transfer,1,Yes,Yes,No,Yes,Yes,No
CUST-09645,35,72.22,2446.45,Two year,DSL,Bank transfer,0,Yes,No,No,Yes,No,No
CUST-09646,48,67.28,3247.43,Month-to-month,DSL,Mailed check,0,No,Yes,No,Yes,Yes,No
CUST-09647,28,58.54,1539.42,One year,Fiber optic,Mailed check,0,No,No,Yes,No,Yes,Yes
CUST-09648,51,98.88,5112.64,Month-to-month,Fiber optic,Credit card,0,Yes,Yes,Yes,No,Yes,Yes
CUST-09649,71,81.36,5648.88,Two year,Fiber optic,Credit card,0,No,No,No,Yes,No,No
CUST-09650,30,91.15,2718.28,One year,Fiber optic,Electronic check,0,Yes,Yes,No,No,No,Yes
CUST-09651,22,84.73,2000.88,One year,Fiber optic,Mailed check,1,Yes,No,Yes,No,No,No
CUST-09652,29,92.35,2591.22,Month-to-month,Fiber optic,Electronic check,0,No,No,No,No,Yes,Yes
CUST-09653,61,109.61,6687.42,Month-to-month,Fiber optic,Mailed check,0,No,No,No,Yes,No,Yes
CUST-09654,13,103.28,1250.94,Month-to-month,DSL,Bank transfer,0,Yes,No,No,No,Yes,Yes
CUST-09655,71,128.12,8941.98,Two year,Fiber optic,Electronic check,0,No,No,No,No,Yes,No
CUST-09656,30,100.43,3074.42,Month-to-month,DSL,Electronic check,0,Yes,No,No,No,No,Yes
CUST-09657,61,53.26,3243.95,Two year,Fiber optic,Mailed check,1,No,No,No,Yes,Yes,No
CUST-09658,57,91.18,5204.53,Month-to-month,Fiber optic,Bank transfer,1,Yes,No,No,No,No,No
CUST-09659,57,87.76,5032.02,Month-to-month,Fiber optic,Bank transfer,0,No,No,No,No,Yes,No
CUST-09660,66,118.01,7705.04,Month-to-month,Fiber optic,Electronic check,1,No,No,Yes,No,Yes,Yes
CUST-09661,14,45.82,520.57,Month-to-month,DSL,Bank transfer,0,No,No,Yes,No,No,Yes
CUST-09662,43,83.95,3628.21,Month-to-month,DSL,Electronic check,0,No,Yes,Yes,Yes,Yes,No
CUST-09663,8,52.97,571.78,Month-to-month,DSL,Mailed check,1,No,No,No,No,Yes,Yes
CUST-09664,22,82.81,1853.71,Month-to-month,Fiber optic,Bank transfer,1,Yes,No,No,Yes,No,Yes
CUST-09665,3,64.63,52.46,One year,Fiber optic,Electronic check,0,Yes,Yes,Yes,Yes,No,Yes
CUST-09666,50,81.99,4393.22,Month-to-month,DSL,Bank transfer,0,No,Yes,No,No,Yes,No
CUST-09667,44,34.74,1405.05,One year,Fiber optic,Electronic check,0,Yes,Yes,No,Yes,Yes,No
CUST-09668,54,89.83,4667.7,One year,DSL,Electronic check,0,Yes,No,No,Yes,Yes,No
CUST-09669,13,75.15,1152.95,Month-to-month,Fiber optic,Bank transfer,0,Yes,No,No,Yes,Yes,Yes
CUST-09670,24,73.8,1689.99,Month-to-month,Fiber optic,Mailed check,0,Yes,Yes,No,No,No,Yes
CUST-09671,49,118.76,5769.51,Month-to-month,DSL,Mailed check,0,Yes,No,Yes,No,No,No
CUST-09672,60,60.44,3742.25,Month-to-month,DSL,Mailed check,0,Yes,No,No,Yes,Yes,No
CUST-09673,64,78.56,5194.42,Month-to-month,Fiber optic,Bank transfer,0,Yes,No,No,Yes,Yes,No
CUST-09674,6,72.51,416.88,One year,Fiber optic,Electronic check,0,No,No,No,No,Yes,No
CUST-09675,29,74.95,2247.71,Month-to-month,Fiber optic,Electronic check,0,No,No,Yes,No,No,Yes
CUST-09676,1,125.55,306.73,Two year,Fiber optic,Credit card,1,No,No,No,No,Yes,Yes
CUST-09677,59,71.6,4106.02,One year,DSL,Mailed check,0,No,No,No,Yes,Yes,No
CUST-09678,9,55.82,531.33,Month-to-month,No,Bank transfer,0,Yes,Yes,Yes,No,No,No
CUST-09679,60,116.77,6967.84,One year,Fiber optic,Electronic check,0,Yes,No,No,Yes,No,No
CUST-09680,12,62.31,626.78,Month-to-month,Fiber optic,Electronic check,0,Yes,No,No,Yes,Yes,Yes
CUST-09681,2,29.87,152.8,Month-to-month,Fiber optic,Credit card,0,No,Yes,Yes,No,Yes,Yes
CUST-09682,64,51.48,3414.3,Two year,Fiber optic,Mailed check,0,No,No,Yes,No,No,No
CUST-09683,32,38.84,1306.76,Month-to-month,Fiber optic,Mailed check,0,Yes,No,No,Yes,No,Yes
CUST-09684,31,25.0,832.6,Month-to-month,DSL,Electronic check,0,No,Yes,Yes,No,Yes,Yes
CUST-09685,47,60.92,2835.88,Two year,Fiber optic,Mailed check,0,No,No,No,No,No,No
CUST-09686,20,68.24,1396.95,Two year,DSL,Electronic check,0,Yes,Yes,No,No,No,Yes
CUST-09687,50,99.51,5031.66,Month-to-month,Fiber optic,Credit card,1,Yes,No,No,No,Yes,Yes
CUST-09688,31,85.74,2892.22,One year,No,Credit card,1,Yes,No,No,Yes,Yes,No
CUST-09689,20,84.6,1530.47,One year,DSL,Electronic check,0,Yes,Yes,Yes,No,Yes,Yes
CUST-09690,29,47.67,1321.55,One year,Fiber optic,Electronic check,0,No,No,Yes,No,Yes,No
CUST-09691,1,92.12,72.97,Month-to-month,Fiber optic,Bank transfer,0,Yes,No,No,No,Yes,No
CUST-09692,22,104.78,2353.08,Two year,Fiber optic,Credit card,0,No,Yes,No,Yes,Yes,No
CUST-09693,43,79.86,3583.01,Month-to-month,DSL,Mailed check,0,No,No,No,No,No,No
CUST-09694,10,80.56,907.87,Month-to-month,Fiber optic,Credit card,0,Yes,No,No,No,Yes,Yes
CUST-09695,9,38.38,316.24,Month-to-month,Fiber optic,Electronic check,0,Yes,Yes,No,No,No,Yes
CUST-09696,48,96.36,4689.73,Month-to-month,No,Bank transfer,1,No,No,No,Yes,No,Yes
CUST-09697,31,114.52,3538.7,Month-to-month,Fiber optic,Credit card,0,No,Yes,Yes,Yes,Yes,Yes
CUST-09698,10,78.07,806.29,Month-to-month,Fiber optic,Mailed check,0,No,No,No,Yes,Yes,Yes
CUST-09699,54,55.14,3080.9,Month-to-month,DSL,Bank transfer,0,Yes,No,No,No,Yes,No
CUST-09700,56,65.95,3427.43,Two year,DSL,Mailed check,0,No,No,No,No,Yes,No
CUST-09701,3,59.49,151.52,Month-to-month,Fiber optic,Credit card,0,Yes,No,Yes,Yes,No,Yes
CUST-09702,15,60.99,817.26,Month-to-month,Fiber optic,Credit card,0,No,No,No,No,Yes,Yes
CUST-09703,27,86.2,2239.24,Two year,Fiber optic,Credit card,0,Yes,No,Yes,No,Yes,No
CUST-09704,53,76.99,4019.08,Month-to-month,Fiber optic,Credit card,0,No,No,Yes,Yes,Yes,No
CUST-09705,6,95.1,383.49,One year,DSL,Electronic check,1,Yes,No,Yes,Yes,Yes,Yes
CUST-09706,59,79.27,4805.43,Month-to-month,DSL,Bank transfer,0,Yes,No,No,No,Yes,No
CUST-09707,23,48.4,1368.42,One year,Fiber optic,Bank transfer,0,Yes,No,No,Yes,Yes,No
CUST-09708,10,57.48,594.06,Month-to-month,DSL,Electronic check,0,No,No,No,No,Yes,Yes
CUST-09709,63,55.93,3685.26,Month-to-month,DSL,Credit card,1,Yes,No,Yes,Yes,Yes,No
CUST-09710,7,65.34,391.97,One year,DSL,Electronic check,0,Yes,No,Yes,Yes,No,No
CUST-09711,10,114.87,1281.96,Month-to-month,Fiber optic,Mailed check,0,Yes,No,Yes,Yes,Yes,No
CUST-09712,69,118.87,8156.05,Month-to-month,DSL,Electronic check,0,Yes,No,No,No,Yes,No
CUST-09713,38,90.92,3397.64,Month-to-month,No,Credit card,0,No,Yes,No,Yes,Yes,Yes
CUST-09714,34,72.97,2497.37,One year,No,Electronic check,1,Yes,Yes,No,No,No,Yes
CUST-09715,50,35.96,1979.54,Month-to-month,DSL,Bank transfer,0,No,No,No,No,Yes,Yes
CUST-09716,46,75.5,3588.88,One year,Fiber optic,Bank transfer,0,Yes,No,No,No,Yes,No
CUST-09717,45,50.25,2408.43,One year,Fiber optic,Electronic check,0,Yes,Yes,No,No,No,No
CUST-09718,2,110.76,78.99,Month-to-month,No,Credit card,0,No,Yes,Yes,Yes,Yes,Yes
CUST-09719,40,29.85,1084.29,Two year,Fiber optic,Electronic check,1,Yes,No,No,No,No,No
CUST-09720,21,79.61,1623.42,Two year,DSL,Bank transfer,0,No,No,No,Yes,Yes,No
CUST-09721,59,48.14,2989.0,Month-to-month,DSL,Electronic check,1,Yes,No,No,Yes,Yes,No
CUST-09722,37,69.76,2651.08,Month-to-month,No,Bank transfer,0,Yes,No,No,No,No,Yes
CUST-09723,9,86.65,601.67,Month-to-month,No,Electronic check,0,Yes,No,Yes,Yes,Yes,Yes
CUST-09724,64,95.55,6087.62,Two year,Fiber optic,Bank transfer,0,Yes,Yes,No,No,Yes,No
CUST-09725,21,68.48,1371.31,Month-to-month,Fiber optic,Bank transfer,0,No,No,No,No,Yes,Yes
CUST-09726,20,89.03,1767.23,Month-to-month,Fiber optic,Bank transfer,0,Yes,Yes,Yes,Yes,Yes,No
CUST-09727,68,53.44,3861.12,Two year,Fiber optic,Credit card,1,Yes,Yes,Yes,No,Yes,No
CUST-09728,56,76.14,4244.67,One year,Fiber optic,Mailed check,0,Yes,No,Yes,No,No,No
CUST-09729,62,95.06,5853.81,Month-to-month,DSL,Credit card,1,Yes,No,No,Yes,Yes,No
CUST-09730,48,78.3,3641.07,One year,DSL,Credit card,0,Yes,No,No,No,No,No
CUST-09731,66,56.77,3830.64,One year,Fiber optic,Mailed check,0,Yes,Yes,No,No,Yes,No
CUST-09732,9,63.02,554.95,Month-to-month,Fiber optic,Mailed check,1,Yes,No,No,No,Yes,Yes
CUST-09733,44,95.39,4111.54,Month-to-month,Fiber optic,Bank transfer,0,No,No,No,No,Yes,No
CUST-09734,22,42.7,1004.63,One year,No,Credit card,0,No,No,Yes,Yes,Yes,No
CUST-09735,29,46.39,1309.15,Month-to-month,DSL,Electronic check,0,No,Yes,No,Yes,No,Yes
CUST-09736,18,85.04,1509.85,Two year,No,Electronic check,0,No,No,No,No,Yes,No
CUST-09737,15,59.02,782.88,Month-to-month,Fiber optic,Electronic check,0,Yes,No,No,Yes,No,No
CUST-09738,32,33.67,884.7,One year,Fiber optic,Bank transfer,0,Yes,No,Yes,No,No,No
CUST-09739,67,103.77,7033.46,One year,DSL,Mailed check,0,No,Yes,No,No,Yes,No
CUST-09740,46,42.51,1995.86,Month-to-month,Fiber optic,Bank transfer,0,Yes,No,No,No,No,Yes
CUST-09741,26,65.01,1720.75,Month-to-month,No,Mailed check,0,No,No,No,No,No,Yes
CUST-09742,32,54.51,1729.92,Two year,Fiber optic,Mailed check,0,Yes,No,Yes,Yes,Yes,No
CUST-09743,39,62.56,2382.96,One year,Fiber optic,Credit card,0,No,No,No,Yes,No,No
CUST-09744,18,47.88,871.31,Month-to-month,DSL,Mailed check,0,No,No,Yes,No,No,Yes
CUST-09745,38,87.86,3406.28,Month-to-month,DSL,Mailed check,0,Yes,No,No,No,Yes,No
CUST-09746,51,72.77,3749.71,Month-to-month,Fiber optic,Electronic check,0,Yes,No,Yes,Yes,No,Yes
CUST-09747,18,94.59,1631.65,Month-to-month,Fiber optic,Mailed check,0,Yes,No,No,No,Yes,Yes
CUST-09748,43,54.77,2451.32,Month-to-month,No,Credit card,0,Yes,Yes,Yes,No,Yes,No
CUST-09749,52,123.33,6418.29,One year,Fiber optic,Electronic check,1,Yes,No,Yes,No,Yes,No
CUST-09750,38,22.38,853.81,Month-to-month,DSL,Mailed check,0,Yes,No,No,No,Yes,No
CUST-09751,22,30.37,612.82,One year,DSL,Mailed check,1,Yes,Yes,No,Yes,No,No
CUST-09752,40,113.83,4506.86,Two year,DSL,Mailed check,1,No,Yes,No,No,No,No
CUST-09753,58,81.85,4767.98,Two year,DSL,Credit card,0,No,Yes,Yes,Yes,No,No
CUST-09754,16,78.53,1123.0,Two year,DSL,Credit card,0,No,No,No,No,Yes,No
CUST-09755,42,80.78,3351.55,Month-to-month,Fiber optic,Mailed check,0,No,Yes,No,Yes,Yes,Yes
CUST-09756,49,84.28,4076.12,Month-to-month,Fiber optic,Bank transfer,0,No,Yes,No,No,No,No
CUST-09757,24,77.49,1839.15,Month-to-month,No,Credit card,0,No,No,No,Yes,No,Yes
CUST-09758,28,45.85,1311.41,Month-to-month,No,Credit card,0,No,No,Yes,No,No,No
CUST-09759,64,90.45,5649.43,Two year,DSL,Bank transfer,0,No,Yes,No,No,No,Yes
CUST-09760,27,86.52,2504.48,One year,Fiber optic,Electronic check,1,No,Yes,Yes,No,Yes,No
CUST-09761,44,105.71,4647.82,One year,DSL,Mailed check,0,No,No,No,No,Yes,No
CUST-09762,11,114.11,1312.41,Month-to-month,DSL,Mailed check,0,Yes,No,Yes,Yes,Yes,No
CUST-09763,67,78.26,5337.61,Month-to-month,DSL,Bank transfer,1,No,No,No,Yes,No,No
CUST-09764,43,39.31,1873.41,Two year,DSL,Electronic check,0,No,No,No,No,Yes,No
CUST-09765,55,114.31,6303.53,Month-to-month,Fiber optic,Electronic check,0,Yes,No,No,No,Yes,No
CUST-09766,44,44.55,1869.76,Month-to-month,Fiber optic,Credit card,0,No,Yes,Yes,No,Yes,No
CUST-09767,26,78.45,1913.91,One year,Fiber optic,Electronic check,1,Yes,Yes,No,No,Yes,No
CUST-09768,25,63.58,1634.86,One year,Fiber optic,Credit card,1,No,No,No,No,Yes,No
CUST-09769,51,59.23,2986.06,Month-to-month,Fiber optic,Credit card,0,No,No,No,No,No,Yes
CUST-09770,62,89.11,5688.48,Month-to-month,Fiber optic,Credit card,1,No,Yes,Yes,Yes,No,No
CUST-09771,10,76.11,689.64,One year,No,Mailed check,0,No,No,No,Yes,Yes,Yes
CUST-09772,61,82.83,4952.26,Two year,Fiber optic,Bank transfer,0,Yes,No,No,Yes,Yes,No
CUST-09773,60,49.61,2870.11,Month-to-month,Fiber optic,Bank transfer,0,No,No,No,No,Yes,No
CUST-09774,8,65.65,759.82,One year,Fiber optic,Electronic check,0,No,Yes,No,No,No,No
CUST-09775,8,50.76,566.62,Month-to-month,Fiber optic,Mailed check,0,Yes,No,No,No,No,Yes
CUST-09776,51,65.02,3215.06,One year,DSL,Mailed check,0,No,No,No,No,Yes,No
CUST-09777,61,67.03,4055.74,One year,Fiber optic,Mailed check,0,Yes,No,Yes,Yes,Yes,No
CUST-09778,29,116.11,3328.3,Two year,No,Bank transfer,0,Yes,No,No,No,No,No
CUST-09779,47,63.52,2810.12,One year,No,Mailed check,1,Yes,No,No,No,No,No
CUST-09780,72,20.0,1428.63,Month-to-month,DSL,Electronic check,0,No,No,No,No,No,No
CUST-09781,24,104.88,2584.16,Month-to-month,DSL,Electronic check,0,Yes,No,No,Yes,Yes,Yes
CUST-09782,17,81.23,1388.77,Two year,DSL,Bank transfer,0,No,No,Yes,No,Yes,Yes
CUST-09783,72,66.72,4778.86,Month-to-month,Fiber optic,Bank transfer,0,Yes,No,No,Yes,Yes,No
CUST-09784,21,59.07,1201.36,One year,Fiber optic,Credit card,0,Yes,Yes,Yes,Yes,No,No
CUST-09785,35,46.33,1580.42,Month-to-month,Fiber optic,Electronic check,0,No,No,No,No,Yes,Yes
CUST-09786,32,118.45,3810.63,Month-to-month,No,Mailed check,1,Yes,Yes,No,Yes,No,Yes
CUST-09787,38,71.3,2853.21,One year,DSL,Mailed check,0,Yes,Yes,No,Yes,Yes,No
CUST-09788,20,26.56,494.69,Month-to-month,Fiber optic,Bank transfer,0,Yes,No,No,Yes,Yes,Yes
CUST-09789,49,78.19,3755.6,Two year,Fiber optic,Mailed check,0,Yes,No,No,No,Yes,No
CUST-09790,50,100.15,4917.31,Month-to-month,DSL,Mailed check,0,No,No,Yes,Yes,No,No
CUST-09791,15,73.91,1297.09,Month-to-month,Fiber optic,Credit card,0,Yes,No,No,No,No,No
CUST-09792,35,47.46,1846.92,Month-to-month,Fiber optic,Electronic check,0,No,No,Yes,No,Yes,Yes
CUST-09793,5,45.22,222.21,Month-to-month,Fiber optic,Credit card,1,Yes,Yes,No,Yes,Yes,Yes
CUST-09794,16,47.07,765.26,One year,No,Mailed check,0,No,No,No,No,Yes,Yes
CUST-09795,72,108.04,7754.41,Month-to-month,DSL,Electronic check,0,Yes,No,No,No,Yes,No
CUST-09796,37,68.21,2412.59,Month-to-month,Fiber optic,Bank transfer,0,Yes,Yes,No,Yes,Yes,No
CUST-09797,45,28.03,1259.33,Two year,No,Electronic check,0,No,No,No,No,Yes,No
CUST-09798,64,79.6,4948.02,Month-to-month,DSL,Bank transfer,0,Yes,Yes,Yes,No,No,No
CUST-09799,52,73.53,3742.87,Month-to-month,Fiber optic,Credit card,0,Yes,Yes,No,Yes,Yes,No
CUST-09800,58,58.78,3359.75,Two year,No,Mailed check,0,No,No,Yes,Yes,No,No
CUST-09801,52,44.49,2420.71,One year,DSL,Credit card,0,No,No,Yes,Yes,Yes,No
CUST-09802,36,43.4,1569.06,Month-to-month,DSL,Electronic check,0,Yes,No,Yes,No,Yes,No
CUST-09803,46,97.17,4371.9,Two year,DSL,Mailed check,0,No,No,No,No,Yes,No
CUST-09804,21,76.19,1709.41,Month-to-month,DSL,Electronic check,0,No,No,No,Yes,No,Yes
CUST-09805,65,81.97,5315.27,Month-to-month,Fiber optic,Bank transfer,0,No,No,No,No,No,No
CUST-09806,13,76.12,890.17,Month-to-month,DSL,Bank transfer,0,No,No,No,No,No,Yes
CUST-09807,64,78.19,5066.68,Two year,Fiber optic,Credit card,0,Yes,Yes,Yes,No,Yes,No
CUST-09808,64,58.29,3747.04,Month-to-month,Fiber optic,Mailed check,0,No,No,No,Yes,No,No
CUST-09809,11,64.85,490.51,Two year,DSL,Credit card,0,Yes,Yes,No,No,Yes,No
CUST-09810,52,99.12,5170.23,Month-to-month,Fiber optic,Bank transfer,1,Yes,No,No,No,Yes,Yes
CUST-09811,72,105.36,7517.58,Month-to-month,DSL,Bank transfer,0,Yes,No,No,No,Yes,No
CUST-09812,42,39.45,1574.22,Two year,Fiber optic,Electronic check,0,No,No,No,Yes,No,Yes
CUST-09813,25,64.79,1587.96,Two year,DSL,Credit card,0,Yes,No,No,Yes,No,No
CUST-09814,64,90.98,5639.77,Month-to-month,DSL,Credit card,0,Yes,Yes,Yes,Yes,No,No
CUST-09815,37,117.05,4306.95,Month-to-month,No,Credit card,0,No,No,Yes,No,No,No
CUST-09816,9,114.55,1057.87,One year,Fiber optic,Mailed check,0,No,No,Yes,No,No,Yes
CUST-09817,18,50.11,818.57,Month-to-month,Fiber optic,Bank transfer,0,Yes,No,No,No,No,Yes
CUST-09818,50,101.88,5064.2,Month-to-month,Fiber optic,Electronic check,0,No,No,Yes,Yes,Yes,Yes
CUST-09819,33,71.47,2362.49,Month-to-month,Fiber optic,Bank transfer,0,No,Yes,No,No,Yes,No
CUST-09820,16,96.11,1584.49,Two year,DSL,Bank transfer,0,Yes,No,No,No,No,Yes
CUST-09821,58,89.71,5264.47,Month-to-month,Fiber optic,Credit card,0,Yes,No,No,No,Yes,Yes
CUST-09822,9,38.4,283.49,Month-to-month,Fiber optic,Bank transfer,0,No,No,No,Yes,Yes,Yes
CUST-09823,16,83.75,1312.45,Month-to-month,No,Credit card,0,No,No,No,No,Yes,Yes
CUST-09824,34,95.14,3080.78,Month-to-month,Fiber optic,Credit card,0,Yes,No,Yes,No,Yes,Yes
CUST-09825,3,69.5,142.87,Month-to-month,Fiber optic,Electronic check,0,Yes,Yes,No,No,No,Yes
CUST-09826,28,63.84,1919.12,Month-to-month,Fiber optic,Credit card,0,No,No,No,Yes,No,No
CUST-09827,66,30.71,1928.22,One year,Fiber optic,Electronic check,1,No,No,No,Yes,Yes,No
CUST-09828,68,87.09,6039.14,Month-to-month,DSL,Mailed check,0,No,No,No,No,No,No
CUST-09829,63,75.22,4626.01,Month-to-month,Fiber optic,Credit card,0,No,No,Yes,No,Yes,Yes
CUST-09830,24,46.95,1196.59,Two year,DSL,Bank transfer,0,Yes,Yes,Yes,No,Yes,No
CUST-09831,5,61.85,332.78,Month-to-month,Fiber optic,Credit card,0,No,No,No,Yes,Yes,Yes
CUST-09832,59,73.86,4523.59,Month-to-month,Fiber optic,Bank transfer,0,Yes,No,No,No,Yes,No
CUST-09833,27,56.03,1269.26,Month-to-month,DSL,Bank transfer,0,No,No,No,No,Yes,Yes
CUST-09834,54,70.07,3703.52,One year,Fiber optic,Bank transfer,0,Yes,No,Yes,Yes,Yes,No
CUST-09835,9,26.25,402.75,One year,DSL,Credit card,0,No,No,Yes,Yes,No,No
CUST-09836,49,103.74,5092.89,One year,DSL,Electronic check,0,No,No,No,Yes,Yes,No
CUST-09837,43,70.4,3081.55,One year,Fiber optic,Mailed check,0,Yes,No,Yes,Yes,Yes,No
CUST-09838,67,42.52,2763.85,Month-to-month,Fiber optic,Bank transfer,1,No,No,No,No,Yes,Yes
CUST-09839,8,20.0,52.25,Two year,Fiber optic,Mailed check,0,No,No,Yes,Yes,Yes,No
CUST-09840,30,95.73,2992.15,Month-to-month,Fiber optic,Credit card,1,No,No,No,No,No,Yes
CUST-09841,72,83.95,6038.52,Month-to-month,Fiber optic,Bank transfer,0,Yes,No,Yes,No,No,No
CUST-09842,29,75.27,2507.12,Month-to-month,DSL,Electronic check,0,Yes,Yes,No,No,Yes,Yes
CUST-09843,48,91.59,4411.16,Month-to-month,Fiber optic,Bank transfer,0,Yes,No,Yes,No,Yes,No
CUST-09844,12,91.52,1176.35,Month-to-month,Fiber optic,Mailed check,1,Yes,Yes,No,Yes,No,Yes
CUST-09845,53,74.86,4073.11,Month-to-month,Fiber optic,Mailed check,0,No,Yes,No,No,No,No
CUST-09846,20,63.64,1322.18,One year,Fiber optic,Electronic check,0,No,No,No,Yes,No,No
CUST-09847,42,59.57,2583.25,One year,DSL,Credit card,0,No,No,No,No,No,No
CUST-09848,64,80.52,5285.42,One year,Fiber optic,Mailed check,0,No,No,No,No,No,No
CUST-09849,48,104.93,5033.21,Month-to-month,Fiber optic,Credit card,0,Yes,No,No,No,No,Yes
CUST-09850,35,67.43,2303.3,Month-to-month,DSL,Mailed check,0,Yes,No,No,No,No,No
CUST-09851,14,106.91,1595.15,Two year,Fiber optic,Credit card,0,No,No,Yes,No,No,Yes
CUST-09852,25,79.33,2145.91,Month-to-month,Fiber optic,Mailed check,0,Yes,No,No,No,No,Yes
CUST-09853,62,79.52,4858.7,Month-to-month,DSL,Electronic check,0,No,No,Yes,Yes,No,Yes
CUST-09854,16,130.0,2249.42,Month-to-month,Fiber optic,Mailed check,0,Yes,No,No,No,Yes,Yes
CUST-09855,48,111.32,5227.8,Month-to-month,No,Electronic check,0,Yes,No,No,No,Yes,No
CUST-09856,35,111.97,3924.38,Month-to-month,DSL,Credit card,0,Yes,No,No,Yes,No,No
CUST-09857,24,50.06,1048.84,One year,DSL,Credit card,0,Yes,No,Yes,Yes,No,No
CUST-09858,52,124.8,6304.58,Two year,Fiber optic,Electronic check,1,No,Yes,Yes,No,No,No
CUST-09859,27,67.94,1811.72,Two year,Fiber optic,Electronic check,0,No,Yes,No,No,Yes,No
CUST-09860,21,64.31,1400.45,Month-to-month,Fiber optic,Credit card,1,Yes,No,No,No,No,Yes
CUST-09861,39,20.0,769.01,Month-to-month,Fiber optic,Bank transfer,1,No,No,No,No,Yes,Yes
CUST-09862,55,78.16,4485.85,One year,Fiber optic,Credit card,0,Yes,No,Yes,Yes,Yes,No
CUST-09863,63,42.92,2582.26,Month-to-month,Fiber optic,Bank transfer,0,No,No,Yes,No,Yes,No
CUST-09864,46,80.21,3689.17,Month-to-month,DSL,Bank transfer,0,No,No,Yes,No,Yes,Yes
CUST-09865,48,40.96,1893.4,One year,Fiber optic,Mailed check,1,Yes,Yes,No,Yes,Yes,No
CUST-09866,57,114.94,6508.77,Month-to-month,DSL,Mailed check,0,Yes,No,No,No,Yes,No
CUST-09867,20,83.79,1611.34,Month-to-month,No,Bank transfer,1,Yes,No,Yes,Yes,No,No
CUST-09868,19,127.0,2371.25,Month-to-month,DSL,Credit card,0,Yes,No,No,No,Yes,Yes
CUST-09869,35,44.42,1539.98,One year,DSL,Mailed check,0,No,No,Yes,No,No,No
CUST-09870,46,108.73,4874.48,Month-to-month,Fiber optic,Mailed check,1,Yes,No,Yes,No,Yes,Yes
CUST-09871,47,24.93,1274.89,Month-to-month,DSL,Bank transfer,0,Yes,No,No,Yes,Yes,No
CUST-09872,12,75.2,1023.97,Month-to-month,Fiber optic,Electronic check,0,No,No,No,No,Yes,Yes
CUST-09873,57,54.21,3102.69,Two year,No,Bank transfer,0,Yes,No,Yes,Yes,Yes,No
CUST-09874,27,58.8,1568.5,Two year,Fiber optic,Electronic check,0,Yes,Yes,No,No,Yes,No
CUST-09875,64,57.09,3626.01,Two year,DSL,Bank transfer,1,Yes,Yes,Yes,No,Yes,No
CUST-09876,53,47.13,2593.32,Two year,DSL,Credit card,0,No,Yes,Yes,Yes,Yes,No
CUST-09877,71,38.51,2632.71,Month-to-month,Fiber optic,Credit card,0,No,No,No,Yes,Yes,No
CUST-09878,46,58.94,2766.1,Month-to-month,Fiber optic,Electronic check,1,No,Yes,Yes,Yes,No,Yes
CUST-09879,38,72.9,2732.84,Month-to-month,DSL,Bank transfer,0,Yes,No,No,Yes,No,No
CUST-09880,14,99.09,1342.12,Month-to-month,DSL,Mailed check,1,Yes,No,Yes,No,Yes,Yes
CUST-09881,29,77.38,2230.9,One year,Fiber optic,Mailed check,1,No,No,No,Yes,Yes,Yes
CUST-09882,62,99.16,6163.37,Month-to-month,DSL,Bank transfer,0,No,No,Yes,No,Yes,Yes
CUST-09883,28,33.05,781.45,Two year,Fiber optic,Credit card,0,Yes,No,Yes,Yes,Yes,No
CUST-09884,4,59.18,141.02,Month-to-month,DSL,Bank transfer,0,No,Yes,No,Yes,No,Yes
CUST-09885,18,87.78,1516.94,One year,Fiber optic,Bank transfer,0,Yes,Yes,No,No,Yes,No
CUST-09886,43,78.58,3405.88,Two year,Fiber optic,Bank transfer,0,Yes,No,Yes,No,Yes,No
CUST-09887,46,48.47,2045.99,Month-to-month,DSL,Bank transfer,0,Yes,Yes,No,Yes,Yes,No
CUST-09888,71,93.35,6719.8,One year,Fiber optic,Mailed check,0,No,No,No,No,No,No
CUST-09889,68,56.72,4010.39,One year,DSL,Credit card,0,No,No,No,No,No,No
CUST-09890,39,50.57,1890.37,One year,No,Bank transfer,0,Yes,Yes,No,Yes,No,No
CUST-09891,40,82.17,3287.55,Two year,Fiber optic,Bank transfer,0,Yes,Yes,No,No,Yes,No
CUST-09892,58,70.15,4167.93,Month-to-month,DSL,Electronic check,0,Yes,No,No,No,No,No
CUST-09893,4,56.93,218.65,Month-to-month,Fiber optic,Mailed check,0,Yes,No,No,No,Yes,Yes
CUST-09894,43,56.08,2381.36,Two year,No,Mailed check,0,Yes,No,No,No,No,No
CUST-09895,35,43.26,1603.23,One year,Fiber optic,Bank transfer,1,Yes,Yes,Yes,No,Yes,No
CUST-09896,57,60.11,3550.15,One year,Fiber optic,Electronic check,0,No,No,No,Yes,Yes,No
CUST-09897,58,97.5,5598.57,Month-to-month,Fiber optic,Mailed check,1,No,No,No,No,No,No
CUST-09898,48,76.11,3592.66,Month-to-month,DSL,Mailed check,0,No,No,Yes,No,No,No
CUST-09899,48,93.96,4556.53,Month-to-month,Fiber optic,Bank transfer,1,No,Yes,No,No,No,Yes
CUST-09900,50,82.9,4081.54,Two year,DSL,Electronic check,0,No,No,No,Yes,No,No
CUST-09901,42,54.69,2195.0,Month-to-month,Fiber optic,Bank transfer,0,No,No,No,Yes,No,No
CUST-09902,17,28.77,429.27,Month-to-month,Fiber optic,Bank transfer,0,No,No,No,Yes,Yes,Yes
CUST-09903,21,46.83,881.82,Month-to-month,DSL,Bank transfer,0,Yes,Yes,Yes,No,No,Yes
CUST-09904,54,53.22,2743.84,Month-to-month,No,Electronic check,1,Yes,No,Yes,Yes,Yes,No
CUST-09905,45,51.29,2468.05,Month-to-month,Fiber optic,Bank transfer,0,No,Yes,No,Yes,Yes,Yes
CUST-09906,18,94.53,1570.67,One year,DSL,Mailed check,0,No,No,No,No,Yes,No
CUST-09907,64,94.26,6037.64,Month-to-month,Fiber optic,Mailed check,0,Yes,No,Yes,No,No,No
CUST-09908,71,125.3,8708.64,Month-to-month,Fiber optic,Electronic check,0,No,No,Yes,No,Yes,No
CUST-09909,46,50.91,2499.29,Month-to-month,DSL,Mailed check,1,No,No,Yes,No,No,No
CUST-09910,17,109.94,1874.36,Month-to-month,Fiber optic,Mailed check,0,Yes,Yes,No,No,No,No
CUST-09911,68,109.78,7615.58,Two year,No,Electronic check,0,Yes,No,Yes,Yes,No,No
CUST-09912,18,64.19,1075.4,Two year,DSL,Credit card,0,No,Yes,No,No,Yes,No
CUST-09913,32,81.84,2858.06,One year,No,Bank transfer,1,Yes,Yes,No,No,No,No
CUST-09914,62,101.02,6145.8,Two year,Fiber optic,Mailed check,0,Yes,No,No,No,Yes,No
CUST-09915,38,68.53,2659.67,Month-to-month,DSL,Electronic check,0,No,Yes,No,No,Yes,Yes
CUST-09916,18,66.59,952.23,Two year,Fiber optic,Bank transfer,0,No,No,No,No,Yes,No
CUST-09917,6,54.32,279.81,Month-to-month,Fiber optic,Electronic check,0,Yes,No,Yes,No,Yes,Yes
CUST-09918,26,20.0,513.0,One year,Fiber optic,Mailed check,0,Yes,Yes,No,Yes,Yes,Yes
CUST-09919,49,71.76,3516.39,One year,Fiber optic,Electronic check,0,Yes,No,No,No,No,No
CUST-09920,52,52.25,2668.51,Month-to-month,DSL,Electronic check,0,No,Yes,Yes,No,Yes,No
CUST-09921,17,43.12,773.58,Month-to-month,DSL,Credit card,0,No,Yes,No,No,No,Yes
CUST-09922,12,80.55,914.16,Month-to-month,Fiber optic,Mailed check,0,No,No,No,No,Yes,Yes
CUST-09923,51,33.72,1864.19,Month-to-month,Fiber optic,Electronic check,0,No,Yes,No,No,No,No
CUST-09924,12,90.15,1129.38,Month-to-month,No,Mailed check,0,Yes,No,Yes,Yes,Yes,Yes
CUST-09925,5,82.09,276.93,Two year,Fiber optic,Electronic check,1,No,No,Yes,No,Yes,No
CUST-09926,36,60.0,2200.0,Month-to-month,Fiber optic,Bank transfer,0,No,No,Yes,No,Yes,Yes
CUST-09927,42,68.42,2867.76,One year,Fiber optic,Mailed check,0,No,No,Yes,Yes,Yes,No
CUST-09928,18,40.24,492.38,Month-to-month,DSL,Electronic check,0,No,No,No,No,Yes,Yes
CUST-09929,16,88.76,1572.16,Month-to-month,Fiber optic,Mailed check,1,Yes,No,Yes,No,No,Yes
CUST-09930,17,74.68,1167.96,Month-to-month,DSL,Credit card,1,No,No,Yes,No,Yes,Yes
CUST-09931,25,76.55,1924.81,Month-to-month,DSL,Bank transfer,0,No,No,No,Yes,Yes,Yes
CUST-09932,1,82.55,120.83,Month-to-month,DSL,Bank transfer,0,Yes,Yes,Yes,Yes,No,Yes
CUST-09933,1,53.94,55.62,Month-to-month,No,Credit card,0,No,No,No,No,No,Yes
CUST-09934,27,32.02,942.89,Month-to-month,Fiber optic,Mailed check,0,Yes,No,No,Yes,No,Yes
CUST-09935,2,93.93,274.87,Month-to-month,DSL,Mailed check,0,Yes,No,No,No,Yes,Yes
CUST-09936,23,87.22,2024.93,Two year,No,Credit card,0,Yes,No,No,No,No,No
CUST-09937,42,56.62,2282.26,Two year,Fiber optic,Bank transfer,0,No,No,No,No,Yes,Yes
CUST-09938,3,80.23,250.76,Month-to-month,Fiber optic,Electronic check,0,Yes,Yes,No,No,Yes,Yes
CUST-09939,45,101.45,4682.64,One year,DSL,Credit card,0,No,Yes,No,Yes,No,No
CUST-09940,45,98.47,4417.91,Two year,DSL,Credit card,0,Yes,Yes,No,Yes,No,No
CUST-09941,42,55.89,2200.75,Month-to-month,DSL,Mailed check,0,Yes,Yes,No,No,Yes,No
CUST-09942,46,32.78,1622.05,Month-to-month,Fiber optic,Mailed check,1,Yes,Yes,No,No,No,Yes
CUST-09943,59,37.07,2140.71,Month-to-month,Fiber optic,Bank transfer,0,Yes,No,No,Yes,No,Yes
CUST-09944,6,62.21,461.15,Month-to-month,DSL,Bank transfer,0,No,Yes,No,Yes,No,Yes
CUST-09945,13,106.56,1330.17,Two year,DSL,Electronic check,1,No,No,No,No,No,Yes
CUST-09946,23,51.79,1242.27,Two year,Fiber optic,Electronic check,0,No,No,No,Yes,No,No
CUST-09947,50,55.09,2728.11,Month-to-month,Fiber optic,Credit card,0,No,No,No,No,No,No
CUST-09948,63,54.58,3376.07,Month-to-month,DSL,Credit card,0,Yes,Yes,No,No,Yes,No
CUST-09949,67,56.71,3848.21,Two year,Fiber optic,Credit card,0,Yes,No,No,Yes,Yes,No
CUST-09950,42,69.72,2848.86,Month-to-month,No,Mailed check,0,Yes,Yes,No,No,Yes,No
CUST-09951,30,38.0,965.77,Month-to-month,Fiber optic,Bank transfer,0,No,No,No,Yes,No,Yes
CUST-09952,30,97.11,2985.23,Month-to-month,Fiber optic,Bank transfer,0,No,No,No,No,No,Yes
CUST-09953,5,66.38,273.75,Two year,Fiber optic,Mailed check,0,No,No,No,Yes,Yes,No
CUST-09954,34,130.0,4448.3,One year,No,Credit card,0,Yes,No,Yes,Yes,No,No
CUST-09955,37,40.66,1528.82,One year,Fiber optic,Mailed check,0,No,No,No,Yes,No,Yes
CUST-09956,15,109.75,1714.1,One year,DSL,Electronic check,0,No,No,No,No,Yes,Yes
CUST-09957,56,104.78,5957.76,Month-to-month,DSL,Electronic check,0,Yes,Yes,No,No,Yes,No
CUST-09958,59,59.71,3571.33,Month-to-month,DSL,Credit card,0,Yes,No,No,No,Yes,No
CUST-09959,22,60.12,1384.59,Two year,DSL,Electronic check,0,No,No,No,No,Yes,No
CUST-09960,66,46.97,3190.82,Two year,Fiber optic,Bank transfer,0,No,No,No,Yes,No,No
CUST-09961,8,47.25,323.88,Month-to-month,DSL,Mailed check,1,No,No,No,No,No,Yes
CUST-09962,66,69.98,4557.04,Month-to-month,Fiber optic,Credit card,0,No,No,No,No,Yes,No
CUST-09963,56,70.52,4008.54,Two year,Fiber optic,Credit card,1,No,Yes,No,Yes,No,No
CUST-09964,17,29.94,338.46,Month-to-month,Fiber optic,Mailed check,0,No,No,Yes,No,No,Yes
CUST-09965,47,127.34,5857.94,Month-to-month,DSL,Bank transfer,0,Yes,No,No,No,No,No
CUST-09966,23,63.51,1293.67,Month-to-month,DSL,Credit card,0,Yes,Yes,No,Yes,No,No
CUST-09967,58,71.64,4265.8,Month-to-month,DSL,Credit card,0,Yes,No,No,Yes,Yes,No
CUST-09968,12,54.34,760.54,One year,No,Credit card,0,No,Yes,Yes,Yes,Yes,Yes
CUST-09969,18,63.32,1222.22,One year,DSL,Bank transfer,0,Yes,No,Yes,Yes,Yes,No
CUST-09970,23,61.05,1408.68,Month-to-month,DSL,Mailed check,0,No,No,No,No,No,Yes
CUST-09971,15,69.93,1003.59,Month-to-month,DSL,Bank transfer,1,Yes,No,Yes,No,No,Yes
CUST-09972,24,69.64,1648.34,Month-to-month,Fiber optic,Bank transfer,0,No,No,No,Yes,Yes,No
CUST-09973,44,90.12,4003.38,Month-to-month,Fiber optic,Mailed check,0,No,No,No,No,No,Yes
CUST-09974,46,75.68,3550.72,Month-to-month,No,Credit card,0,Yes,No,No,No,Yes,Yes
CUST-09975,40,87.61,3392.87,Month-to-month,DSL,Mailed check,0,No,No,No,Yes,Yes,Yes
CUST-09976,14,69.75,1047.95,Two year,DSL,Credit card,0,No,No,No,Yes,No,No
CUST-09977,15,75.78,1244.6,Two year,Fiber optic,Bank transfer,0,Yes,No,No,Yes,Yes,Yes
CUST-09978,67,63.97,4367.3,Month-to-month,DSL,Credit card,0,Yes,No,No,No,Yes,No
CUST-09979,19,95.08,1657.63,One year,DSL,Bank transfer,0,No,No,No,Yes,Yes,Yes
CUST-09980,8,78.07,698.58,Two year,No,Bank transfer,0,No,Yes,No,Yes,Yes,No
CUST-09981,33,66.05,2171.72,Month-to-month,Fiber optic,Credit card,0,No,No,Yes,No,No,Yes
CUST-09982,1,65.3,221.34,Two year,Fiber optic,Mailed check,0,Yes,Yes,No,No,No,Yes
CUST-09983,25,67.27,1668.91,Month-to-month,No,Mailed check,0,Yes,No,Yes,No,Yes,Yes
CUST-09984,62,70.76,4497.4,One year,DSL,Credit card,1,Yes,No,Yes,No,No,No
CUST-09985,20,68.59,1518.21,Month-to-month,DSL,Mailed check,0,No,No,No,Yes,Yes,No
CUST-09986,51,56.03,2938.65,Month-to-month,DSL,Bank transfer,0,No,No,No,No,Yes,No
CUST-09987,36,89.12,3153.54,One year,DSL,Bank transfer,0,No,No,No,No,No,No
CUST-09988,26,90.7,2406.5,One year,Fiber optic,Electronic check,1,No,No,No,No,No,Yes
CUST-09989,48,114.6,5420.07,Month-to-month,Fiber optic,Mailed check,0,Yes,No,Yes,No,Yes,No
CUST-09990,43,54.91,2305.06,One year,No,Electronic check,0,Yes,Yes,No,No,Yes,No
CUST-09991,23,86.66,2109.48,Two year,Fiber optic,Electronic check,0,Yes,No,Yes,Yes,Yes,Yes
CUST-09992,17,22.27,383.37,Two year,No,Mailed check,0,No,No,No,No,No,No
CUST-09993,67,90.73,6064.75,One year,Fiber optic,Mailed check,1,No,No,No,No,Yes,Yes
CUST-09994,13,33.59,601.83,Month-to-month,DSL,Bank transfer,1,No,No,No,No,No,Yes
CUST-09995,70,45.39,3317.72,Month-to-month,DSL,Mailed check,0,Yes,No,No,Yes,No,No
CUST-09996,34,78.31,2554.76,Month-to-month,Fiber optic,Credit card,0,No,No,Yes,No,No,No
CUST-09997,72,54.46,3932.34,Two year,DSL,Electronic check,0,No,Yes,No,No,No,No
CUST-09998,26,51.04,1287.93,One year,DSL,Credit card,0,Yes,No,No,No,Yes,No
CUST-09999,41,57.88,2349.09,Two year,No,Bank transfer,1,No,No,No,Yes,Yes,No
CUST-10000,45,88.24,4075.88,Month-to-month,DSL,Electronic check,0,Yes,No,Yes,Yes,Yes,No
